Order_ID,Date,Hour,Product_ID,Quantity,Customer_ID,Branch,Product_Name,Category,Unit_Price,Cost,Gender,Age,City,Time_ID,Day,Month,Year,Weekday,Total_Sale,Profit,Age_Group
3764,2024-04-12,11,502,1,C150,Hamra,Chicken Sub Sandwich,Sandwiches,7.0,3.0,M,46,Zahle,1433,12,4,2024,Friday,7.0,4.0,36–50
3475,2024-12-14,10,407,1,C138,Hamra,Cheese Rolls,Appetizers,4.5,1.0,F,55,Tyre,4876,14,12,2024,Saturday,4.5,3.5,50+
3374,2024-09-27,9,103,3,C135,Hamra,Blonde Coffee,Coffee,2.2,0.5,F,20,Byblos,3783,27,9,2024,Friday,6.6000000000000005,5.1000000000000005,16–25
2231,2024-04-16,11,603,1,C089,Hamra,Fattoush,Salads,5.5,2.0,F,21,Saida,1489,16,4,2024,Tuesday,5.5,3.5,16–25
353,2024-03-12,20,503,1,C015,Hamra,BBQ Chicken Sandwich,Sandwiches,7.5,3.2,F,52,Zahle,1008,12,3,2024,Tuesday,7.5,4.3,50+
1927,2024-07-07,15,501,1,C077,Hamra,Shish Tawouk Sandwich,Sandwiches,6.5,2.5,M,30,Zahle,2641,7,7,2024,Sunday,6.5,4.0,26–35
2662,2024-01-21,14,703,3,C106,Hamra,Ashta W Banane,Cocktails Specials,7.0,2.5,F,59,Tripoli,288,21,1,2024,Sunday,21.0,13.5,50+
4316,2024-04-12,14,307,2,C174,Hamra,Strawberry Cocktail,Cocktails,6.0,2.0,M,20,Tyre,1436,12,4,2024,Friday,12.0,8.0,16–25
2257,2024-05-01,14,108,1,C090,Hamra,Caramel Latte,Coffee,4.8,1.0,F,20,Beirut,1702,1,5,2024,Wednesday,4.8,3.8,16–25
2189,2024-08-02,18,302,2,C087,Hamra,Lemonade Mint,Cold Drinks,3.5,1.0,F,60,Batroun,3008,2,8,2024,Friday,7.0,5.0,50+
1520,2024-11-26,14,705,1,C061,Hamra,Ice Cream 2 Scoops,Desserts,4.0,1.2,F,34,Zahle,4628,26,11,2024,Tuesday,4.0,2.8,26–35
2711,2024-03-28,13,402,2,C108,Hamra,Zaatar Manoushe,Manakish,3.5,0.5,F,21,Saida,1225,28,3,2024,Thursday,7.0,6.0,16–25
1500,2024-04-09,14,408,2,C061,Hamra,Fries,Appetizers,3.0,0.7,F,34,Zahle,1394,9,4,2024,Tuesday,6.0,4.6,26–35
1263,2024-12-25,17,604,1,C051,Hamra,Tabbouleh,Salads,5.5,2.0,F,48,Tripoli,5037,25,12,2024,Wednesday,5.5,3.5,36–50
4145,2024-05-31,20,302,2,C166,Hamra,Lemonade Mint,Cold Drinks,3.5,1.0,F,48,Beirut,2128,31,5,2024,Friday,7.0,5.0,36–50
273,2024-05-10,14,506,1,C012,Hamra,Steak Sandwich,Sandwiches,9.0,4.0,F,60,Beirut,1828,10,5,2024,Friday,9.0,5.0,50+
1923,2024-05-29,19,202,1,C077,Hamra,Mint Tea,Tea,2.2,0.5,M,30,Zahle,2099,29,5,2024,Wednesday,2.2,1.7000000000000002,26–35
2838,2024-11-04,20,701,1,C112,Hamra,Nutella Crepe,Desserts,5.5,1.8,F,46,Tripoli,4326,4,11,2024,Monday,5.5,3.7,36–50
1636,2024-09-14,14,604,2,C066,Hamra,Tabbouleh,Salads,5.5,2.0,M,22,Zahle,3606,14,9,2024,Saturday,11.0,7.0,16–25
4529,2024-12-09,18,402,1,C182,Hamra,Zaatar Manoushe,Manakish,3.5,0.5,F,55,Zahle,4814,9,12,2024,Monday,3.5,3.0,50+
4180,2024-10-20,16,701,1,C167,Hamra,Nutella Crepe,Desserts,5.5,1.8,F,25,Jounieh,4112,20,10,2024,Sunday,5.5,3.7,16–25
4167,2024-07-10,13,108,2,C167,Hamra,Caramel Latte,Coffee,4.8,1.0,F,25,Jounieh,2681,10,7,2024,Wednesday,9.6,7.6,16–25
2907,2024-10-03,18,308,1,C115,Hamra,Banane Avocat,Cocktails,6.5,2.5,F,36,Byblos,3876,3,10,2024,Thursday,6.5,4.0,36–50
728,2024-06-09,7,506,1,C030,Hamra,Steak Sandwich,Sandwiches,9.0,4.0,M,23,Saida,2241,9,6,2024,Sunday,9.0,5.0,16–25
2657,2024-11-09,10,702,1,C105,Hamra,Lotus Crepe,Desserts,5.8,1.9,F,27,Tripoli,4386,9,11,2024,Saturday,5.8,3.9,26–35
4351,2024-01-22,19,404,1,C176,Hamra,Keshek Manoushe,Manakish,4.0,0.7,M,24,Jounieh,307,22,1,2024,Monday,4.0,3.3,16–25
760,2024-09-09,19,703,1,C031,Hamra,Ashta W Banane,Cocktails Specials,7.0,2.5,M,18,Jounieh,3541,9,9,2024,Monday,7.0,4.5,16–25
3846,2024-08-23,10,305,1,C153,Hamra,Avocado Shake Cocktails,Shakes,6.0,2.2,M,41,Jounieh,3294,23,8,2024,Friday,6.0,3.8,36–50
4903,2024-12-10,11,301,3,C196,Hamra,Lemonade,Cold Drinks,3.0,0.8,F,44,Zahle,4821,10,12,2024,Tuesday,9.0,6.6000000000000005,36–50
4424,2024-02-18,16,302,2,C179,Hamra,Lemonade Mint,Cold Drinks,3.5,1.0,F,43,Zahle,682,18,2,2024,Sunday,7.0,5.0,36–50
297,2024-02-28,12,301,1,C013,Hamra,Lemonade,Cold Drinks,3.0,0.8,M,29,Beirut,818,28,2,2024,Wednesday,3.0,2.2,26–35
4772,2024-06-18,10,304,1,C191,Hamra,Carrot Juice,Cold Drinks,3.5,1.0,M,60,Byblos,2370,18,6,2024,Tuesday,3.5,2.5,50+
3190,2024-07-06,8,108,1,C128,Hamra,Caramel Latte,Coffee,4.8,1.0,M,36,Batroun,2620,6,7,2024,Saturday,4.8,3.8,36–50
4239,2024-09-27,12,502,1,C170,Hamra,Chicken Sub Sandwich,Sandwiches,7.0,3.0,F,23,Tripoli,3786,27,9,2024,Friday,7.0,4.0,16–25
4516,2024-07-08,14,502,1,C182,Hamra,Chicken Sub Sandwich,Sandwiches,7.0,3.0,F,55,Zahle,2654,8,7,2024,Monday,7.0,4.0,50+
2541,2024-06-23,14,706,1,C101,Hamra,Honey Pancakes,Desserts,4.5,1.5,M,44,Byblos,2444,23,6,2024,Sunday,4.5,3.0,36–50
1653,2024-02-20,13,404,2,C067,Hamra,Keshek Manoushe,Manakish,4.0,0.7,M,60,Beirut,707,20,2,2024,Tuesday,8.0,6.6,50+
2013,2024-12-29,12,505,1,C080,Hamra,Turkey Sandwich,Sandwiches,5.5,2.2,F,40,Saida,5088,29,12,2024,Sunday,5.5,3.3,36–50
4562,2024-02-24,8,411,1,C184,Hamra,Mutabbal,Appetizers,4.2,1.2,M,25,Batroun,758,24,2,2024,Saturday,4.2,3.0,16–25
2601,2024-08-31,13,401,2,C103,Hamra,Croissant,Bakery,3.0,0.8,M,21,Byblos,3409,31,8,2024,Saturday,6.0,4.4,16–25
481,2024-11-15,17,406,1,C019,Hamra,Kaak with Cheese,Bakery,3.5,0.8,M,43,Tripoli,4477,15,11,2024,Friday,3.5,2.7,36–50
4319,2024-05-10,18,602,1,C174,Hamra,Greek Salad,Salads,6.5,2.8,M,20,Tyre,1832,10,5,2024,Friday,6.5,3.7,16–25
3606,2024-11-02,20,202,1,C143,Hamra,Mint Tea,Tea,2.2,0.5,M,36,Saida,4298,2,11,2024,Saturday,2.2,1.7000000000000002,36–50
775,2024-05-14,20,302,1,C032,Hamra,Lemonade Mint,Cold Drinks,3.5,1.0,M,49,Beirut,1890,14,5,2024,Tuesday,3.5,2.5,36–50
4377,2024-01-21,11,205,2,C177,Hamra,Mate,Tea,2.5,0.5,M,23,Saida,285,21,1,2024,Sunday,5.0,4.0,16–25
3754,2024-11-24,12,109,1,C149,Hamra,Hot Chocolate,Hot Drinks,3.8,0.9,M,40,Beirut,4598,24,11,2024,Sunday,3.8,2.9,36–50
1615,2024-06-15,16,503,2,C065,Hamra,BBQ Chicken Sandwich,Sandwiches,7.5,3.2,F,42,Saida,2334,15,6,2024,Saturday,15.0,8.6,36–50
4944,2024-09-30,14,506,3,C198,Hamra,Steak Sandwich,Sandwiches,9.0,4.0,F,29,Tyre,3830,30,9,2024,Monday,27.0,15.0,26–35
651,2024-03-29,20,701,3,C027,Hamra,Nutella Crepe,Desserts,5.5,1.8,F,46,Byblos,1246,29,3,2024,Friday,16.5,11.100000000000001,36–50
3804,2024-11-11,14,202,3,C151,Hamra,Mint Tea,Tea,2.2,0.5,M,21,Saida,4418,11,11,2024,Monday,6.6000000000000005,5.1000000000000005,16–25
1139,2024-01-14,9,407,1,C047,Hamra,Cheese Rolls,Appetizers,4.5,1.0,M,24,Jounieh,185,14,1,2024,Sunday,4.5,3.5,16–25
280,2024-08-29,18,310,1,C012,Hamra,Strawberry Milkshake,Shakes,5.5,1.8,F,60,Beirut,3386,29,8,2024,Thursday,5.5,3.7,50+
2140,2024-09-21,18,503,1,C085,Hamra,BBQ Chicken Sandwich,Sandwiches,7.5,3.2,F,40,Saida,3708,21,9,2024,Saturday,7.5,4.3,36–50
1642,2024-12-11,20,303,1,C066,Hamra,Fresh Orange Juice,Cold Drinks,3.5,1.0,M,22,Zahle,4844,11,12,2024,Wednesday,3.5,2.5,16–25
3297,2024-02-22,13,205,2,C133,Hamra,Mate,Tea,2.5,0.5,M,41,Beirut,735,22,2,2024,Thursday,5.0,4.0,36–50
3440,2024-12-05,7,407,1,C137,Hamra,Cheese Rolls,Appetizers,4.5,1.0,F,30,Saida,4747,5,12,2024,Thursday,4.5,3.5,26–35
3724,2024-04-01,7,106,3,C148,Hamra,Cappuccino,Coffee,3.5,0.7,M,19,Beirut,1275,1,4,2024,Monday,10.5,8.399999999999999,16–25
2779,2024-09-20,13,602,2,C110,Hamra,Greek Salad,Salads,6.5,2.8,M,55,Batroun,3689,20,9,2024,Friday,13.0,7.4,50+
2047,2024-02-04,16,601,3,C082,Hamra,Chicken Caesar Salad,Salads,7.5,3.2,M,37,Tripoli,486,4,2,2024,Sunday,22.5,12.899999999999999,36–50
3127,2024-07-24,15,705,2,C125,Hamra,Ice Cream 2 Scoops,Desserts,4.0,1.2,F,37,Batroun,2879,24,7,2024,Wednesday,8.0,5.6,36–50
1558,2024-03-21,13,410,1,C063,Hamra,Hummus,Appetizers,4.0,1.2,F,32,Byblos,1127,21,3,2024,Thursday,4.0,2.8,26–35
1790,2024-02-19,16,409,1,C072,Hamra,Pita Chips,Appetizers,2.5,0.6,F,59,Jounieh,696,19,2,2024,Monday,2.5,1.9,50+
2473,2024-12-25,11,502,1,C098,Hamra,Chicken Sub Sandwich,Sandwiches,7.0,3.0,M,33,Tripoli,5031,25,12,2024,Wednesday,7.0,4.0,26–35
1811,2024-01-02,14,105,1,C073,Hamra,Café Latte,Coffee,4.0,0.8,F,54,Saida,22,2,1,2024,Tuesday,4.0,3.2,50+
1760,2024-02-23,8,303,1,C071,Hamra,Fresh Orange Juice,Cold Drinks,3.5,1.0,F,29,Byblos,744,23,2,2024,Friday,3.5,2.5,26–35
724,2024-04-15,15,301,2,C030,Hamra,Lemonade,Cold Drinks,3.0,0.8,M,23,Saida,1479,15,4,2024,Monday,6.0,4.4,16–25
3133,2024-09-16,12,108,2,C125,Hamra,Caramel Latte,Coffee,4.8,1.0,F,37,Batroun,3632,16,9,2024,Monday,9.6,7.6,36–50
391,2024-11-05,19,310,1,C016,Hamra,Strawberry Milkshake,Shakes,5.5,1.8,M,50,Zahle,4339,5,11,2024,Tuesday,5.5,3.7,36–50
3310,2024-07-09,15,407,1,C133,Hamra,Cheese Rolls,Appetizers,4.5,1.0,M,41,Beirut,2669,9,7,2024,Tuesday,4.5,3.5,36–50
3937,2024-08-05,8,401,1,C157,Hamra,Croissant,Bakery,3.0,0.8,F,30,Jounieh,3040,5,8,2024,Monday,3.0,2.2,26–35
1144,2024-02-13,9,705,1,C047,Hamra,Ice Cream 2 Scoops,Desserts,4.0,1.2,M,24,Jounieh,605,13,2,2024,Tuesday,4.0,2.8,16–25
2538,2024-06-10,18,307,1,C101,Hamra,Strawberry Cocktail,Cocktails,6.0,2.0,M,44,Byblos,2266,10,6,2024,Monday,6.0,4.0,36–50
2698,2024-07-20,14,406,1,C107,Hamra,Kaak with Cheese,Bakery,3.5,0.8,M,18,Tyre,2822,20,7,2024,Saturday,3.5,2.7,16–25
3156,2024-09-26,7,601,1,C126,Hamra,Chicken Caesar Salad,Salads,7.5,3.2,M,59,Jounieh,3767,26,9,2024,Thursday,7.5,4.3,50+
552,2024-12-16,16,110,1,C022,Hamra,Sahlab,Hot Drinks,4.0,1.0,F,32,Tyre,4910,16,12,2024,Monday,4.0,3.0,26–35
4609,2024-10-30,13,202,1,C185,Hamra,Mint Tea,Tea,2.2,0.5,M,39,Saida,4249,30,10,2024,Wednesday,2.2,1.7000000000000002,36–50
2079,2024-09-27,13,706,1,C083,Hamra,Honey Pancakes,Desserts,4.5,1.5,M,47,Byblos,3787,27,9,2024,Friday,4.5,3.0,36–50
4082,2024-08-02,19,403,1,C163,Hamra,Cheese Manoushe,Manakish,4.5,0.8,F,40,Beirut,3009,2,8,2024,Friday,4.5,3.7,36–50
1485,2024-09-08,7,106,1,C060,Hamra,Cappuccino,Coffee,3.5,0.7,F,22,Zahle,3515,8,9,2024,Sunday,3.5,2.8,16–25
4936,2024-07-08,15,305,1,C198,Hamra,Avocado Shake Cocktails,Shakes,6.0,2.2,F,29,Tyre,2655,8,7,2024,Monday,6.0,3.8,26–35
4699,2024-10-22,14,105,3,C188,Hamra,Café Latte,Coffee,4.0,0.8,M,26,Jounieh,4138,22,10,2024,Tuesday,12.0,9.600000000000001,26–35
1435,2024-07-31,10,308,1,C058,Hamra,Banane Avocat,Cocktails,6.5,2.5,F,22,Tripoli,2972,31,7,2024,Wednesday,6.5,4.0,16–25
71,2024-07-26,16,109,1,C003,Hamra,Hot Chocolate,Hot Drinks,3.8,0.9,F,51,Batroun,2908,26,7,2024,Friday,3.8,2.9,50+
4059,2024-08-24,17,404,2,C162,Hamra,Keshek Manoushe,Manakish,4.0,0.7,F,37,Saida,3315,24,8,2024,Saturday,8.0,6.6,36–50
1101,2024-12-03,11,301,1,C045,Hamra,Lemonade,Cold Drinks,3.0,0.8,F,48,Tyre,4723,3,12,2024,Tuesday,3.0,2.2,36–50
1217,2024-02-22,8,604,3,C050,Hamra,Tabbouleh,Salads,5.5,2.0,M,38,Jounieh,730,22,2,2024,Thursday,16.5,10.5,36–50
46,2024-10-06,19,307,1,C002,Hamra,Strawberry Cocktail,Cocktails,6.0,2.0,F,37,Zahle,3919,6,10,2024,Sunday,6.0,4.0,36–50
359,2024-08-04,15,108,1,C015,Hamra,Caramel Latte,Coffee,4.8,1.0,F,52,Zahle,3033,4,8,2024,Sunday,4.8,3.8,50+
4127,2024-09-08,18,305,1,C165,Hamra,Avocado Shake Cocktails,Shakes,6.0,2.2,M,44,Batroun,3526,8,9,2024,Sunday,6.0,3.8,36–50
3597,2024-07-06,18,704,1,C143,Hamra,Mafroukeh Dessert,Desserts,6.5,2.5,M,36,Saida,2630,6,7,2024,Saturday,6.5,4.0,36–50
4685,2024-02-10,12,204,1,C188,Hamra,Chamomile Tea,Tea,2.5,0.5,M,26,Jounieh,566,10,2,2024,Saturday,2.5,2.0,26–35
2404,2024-06-05,9,503,1,C096,Hamra,BBQ Chicken Sandwich,Sandwiches,7.5,3.2,M,46,Zahle,2187,5,6,2024,Wednesday,7.5,4.3,36–50
2125,2024-01-15,18,501,1,C085,Hamra,Shish Tawouk Sandwich,Sandwiches,6.5,2.5,F,40,Saida,208,15,1,2024,Monday,6.5,4.0,36–50
4805,2024-10-27,13,703,1,C192,Hamra,Ashta W Banane,Cocktails Specials,7.0,2.5,F,27,Tripoli,4207,27,10,2024,Sunday,7.0,4.5,26–35
2791,2024-03-05,15,409,1,C111,Hamra,Pita Chips,Appetizers,2.5,0.6,M,40,Zahle,905,5,3,2024,Tuesday,2.5,1.9,36–50
4485,2024-12-10,9,201,1,C180,Hamra,Tea,Tea,2.0,0.4,M,20,Jounieh,4819,10,12,2024,Tuesday,2.0,1.6,16–25
576,2024-11-22,8,504,1,C023,Hamra,Halloumi Sandwich,Sandwiches,6.0,2.0,M,18,Saida,4566,22,11,2024,Friday,6.0,4.0,16–25
2478,2024-01-09,13,408,1,C099,Hamra,Fries,Appetizers,3.0,0.7,M,49,Zahle,119,9,1,2024,Tuesday,3.0,2.3,36–50
910,2024-12-09,13,406,1,C037,Hamra,Kaak with Cheese,Bakery,3.5,0.8,M,28,Beirut,4809,9,12,2024,Monday,3.5,2.7,26–35
2690,2024-05-08,10,602,2,C107,Hamra,Greek Salad,Salads,6.5,2.8,M,18,Tyre,1796,8,5,2024,Wednesday,13.0,7.4,16–25
987,2024-05-15,17,409,1,C041,Hamra,Pita Chips,Appetizers,2.5,0.6,M,42,Tyre,1901,15,5,2024,Wednesday,2.5,1.9,36–50
1399,2024-03-03,15,703,1,C057,Hamra,Ashta W Banane,Cocktails Specials,7.0,2.5,M,37,Batroun,877,3,3,2024,Sunday,7.0,4.5,36–50
2428,2024-05-18,20,107,1,C097,Hamra,Mocha,Coffee,4.5,0.9,M,45,Batroun,1946,18,5,2024,Saturday,4.5,3.6,36–50
609,2024-03-21,14,702,1,C025,Hamra,Lotus Crepe,Desserts,5.8,1.9,F,25,Beirut,1128,21,3,2024,Thursday,5.8,3.9,16–25
2769,2024-06-11,19,308,3,C110,Hamra,Banane Avocat,Cocktails,6.5,2.5,M,55,Batroun,2281,11,6,2024,Tuesday,19.5,12.0,50+
905,2024-10-15,19,604,1,C037,Hamra,Tabbouleh,Salads,5.5,2.0,M,28,Beirut,4045,15,10,2024,Tuesday,5.5,3.5,26–35
973,2024-09-17,7,107,1,C040,Hamra,Mocha,Coffee,4.5,0.9,F,26,Beirut,3641,17,9,2024,Tuesday,4.5,3.6,26–35
2138,2024-08-18,7,310,1,C085,Hamra,Strawberry Milkshake,Shakes,5.5,1.8,F,40,Saida,3221,18,8,2024,Sunday,5.5,3.7,36–50
1109,2024-02-10,11,103,2,C046,Hamra,Blonde Coffee,Coffee,2.2,0.5,F,60,Saida,565,10,2,2024,Saturday,4.4,3.4000000000000004,50+
4682,2024-01-28,12,502,1,C188,Hamra,Chicken Sub Sandwich,Sandwiches,7.0,3.0,M,26,Jounieh,384,28,1,2024,Sunday,7.0,4.0,26–35
2563,2024-05-14,9,305,3,C102,Hamra,Avocado Shake Cocktails,Shakes,6.0,2.2,M,29,Tripoli,1879,14,5,2024,Tuesday,18.0,11.399999999999999,26–35
2461,2024-07-19,19,409,3,C098,Hamra,Pita Chips,Appetizers,2.5,0.6,M,33,Tripoli,2813,19,7,2024,Friday,7.5,5.699999999999999,26–35
483,2024-11-23,15,702,1,C019,Hamra,Lotus Crepe,Desserts,5.8,1.9,M,43,Tripoli,4587,23,11,2024,Saturday,5.8,3.9,36–50
2282,2024-09-24,18,602,3,C091,Hamra,Greek Salad,Salads,6.5,2.8,M,47,Tyre,3750,24,9,2024,Tuesday,19.5,11.100000000000001,36–50
3420,2024-02-02,16,602,1,C137,Hamra,Greek Salad,Salads,6.5,2.8,F,30,Saida,458,2,2,2024,Friday,6.5,3.7,26–35
1708,2024-02-17,20,405,2,C069,Hamra,Lahm Baajin,Manakish,5.0,1.2,F,56,Zahle,672,17,2,2024,Saturday,10.0,7.6,50+
103,2024-03-02,12,302,1,C005,Hamra,Lemonade Mint,Cold Drinks,3.5,1.0,M,33,Beirut,860,2,3,2024,Saturday,3.5,2.5,26–35
3871,2024-08-03,10,110,1,C154,Hamra,Sahlab,Hot Drinks,4.0,1.0,F,25,Tripoli,3014,3,8,2024,Saturday,4.0,3.0,16–25
3717,2024-10-19,18,410,1,C147,Hamra,Hummus,Appetizers,4.0,1.2,M,31,Saida,4100,19,10,2024,Saturday,4.0,2.8,26–35
3953,2024-04-08,13,305,2,C158,Hamra,Avocado Shake Cocktails,Shakes,6.0,2.2,F,26,Batroun,1379,8,4,2024,Monday,12.0,7.6,26–35
1182,2024-06-20,14,303,1,C048,Hamra,Fresh Orange Juice,Cold Drinks,3.5,1.0,F,39,Zahle,2402,20,6,2024,Thursday,3.5,2.5,36–50
2842,2024-12-25,15,603,1,C112,Hamra,Fattoush,Salads,5.5,2.0,F,46,Tripoli,5035,25,12,2024,Wednesday,5.5,3.5,36–50
3635,2024-08-01,19,602,1,C144,Hamra,Greek Salad,Salads,6.5,2.8,F,39,Batroun,2995,1,8,2024,Thursday,6.5,3.7,36–50
4953,2024-02-04,17,402,1,C199,Hamra,Zaatar Manoushe,Manakish,3.5,0.5,M,46,Jounieh,487,4,2,2024,Sunday,3.5,3.0,36–50
444,2024-08-14,12,702,1,C018,Hamra,Lotus Crepe,Desserts,5.8,1.9,M,19,Tripoli,3170,14,8,2024,Wednesday,5.8,3.9,16–25
4565,2024-04-10,12,411,1,C184,Hamra,Mutabbal,Appetizers,4.2,1.2,M,25,Batroun,1406,10,4,2024,Wednesday,4.2,3.0,16–25
3747,2024-05-10,14,308,1,C149,Hamra,Banane Avocat,Cocktails,6.5,2.5,M,40,Beirut,1828,10,5,2024,Friday,6.5,4.0,36–50
761,2024-09-13,18,407,1,C031,Hamra,Cheese Rolls,Appetizers,4.5,1.0,M,18,Jounieh,3596,13,9,2024,Friday,4.5,3.5,16–25
3196,2024-01-05,11,110,1,C129,Hamra,Sahlab,Hot Drinks,4.0,1.0,F,58,Byblos,61,5,1,2024,Friday,4.0,3.0,50+
3258,2024-08-05,20,201,1,C131,Hamra,Tea,Tea,2.0,0.4,F,59,Byblos,3052,5,8,2024,Monday,2.0,1.6,50+
619,2024-09-11,9,502,1,C025,Hamra,Chicken Sub Sandwich,Sandwiches,7.0,3.0,F,25,Beirut,3559,11,9,2024,Wednesday,7.0,4.0,16–25
190,2024-12-24,18,106,3,C008,Hamra,Cappuccino,Coffee,3.5,0.7,F,49,Byblos,5024,24,12,2024,Tuesday,10.5,8.399999999999999,36–50
4831,2024-10-09,9,505,1,C193,Hamra,Turkey Sandwich,Sandwiches,5.5,2.2,M,48,Byblos,3951,9,10,2024,Wednesday,5.5,3.3,36–50
1536,2024-07-25,19,605,3,C062,Hamra,Halloumi Salad,Salads,6.8,2.9,F,50,Tyre,2897,25,7,2024,Thursday,20.4,11.7,36–50
3356,2024-01-15,12,409,2,C135,Hamra,Pita Chips,Appetizers,2.5,0.6,F,20,Byblos,202,15,1,2024,Monday,5.0,3.8,16–25
165,2024-12-11,8,411,1,C007,Hamra,Mutabbal,Appetizers,4.2,1.2,M,24,Batroun,4832,11,12,2024,Wednesday,4.2,3.0,16–25
3386,2024-02-11,12,501,1,C136,Hamra,Shish Tawouk Sandwich,Sandwiches,6.5,2.5,M,42,Saida,580,11,2,2024,Sunday,6.5,4.0,36–50
475,2024-06-27,19,302,2,C019,Hamra,Lemonade Mint,Cold Drinks,3.5,1.0,M,43,Tripoli,2505,27,6,2024,Thursday,7.0,5.0,36–50
3656,2024-03-03,12,504,1,C145,Hamra,Halloumi Sandwich,Sandwiches,6.0,2.0,F,55,Saida,874,3,3,2024,Sunday,6.0,4.0,50+
3506,2024-12-17,14,504,1,C139,Hamra,Halloumi Sandwich,Sandwiches,6.0,2.0,M,33,Saida,4922,17,12,2024,Tuesday,6.0,4.0,26–35
2806,2024-08-18,13,202,1,C111,Hamra,Mint Tea,Tea,2.2,0.5,M,40,Zahle,3227,18,8,2024,Sunday,2.2,1.7000000000000002,36–50
4391,2024-08-28,14,306,1,C177,Hamra,Mango Cocktail,Cocktails,6.0,2.2,M,23,Saida,3368,28,8,2024,Wednesday,6.0,3.8,16–25
247,2024-02-21,20,504,2,C011,Hamra,Halloumi Sandwich,Sandwiches,6.0,2.0,M,23,Batroun,728,21,2,2024,Wednesday,12.0,8.0,16–25
985,2024-04-05,15,304,1,C041,Hamra,Carrot Juice,Cold Drinks,3.5,1.0,M,42,Tyre,1339,5,4,2024,Friday,3.5,2.5,36–50
4751,2024-08-09,12,103,1,C190,Hamra,Blonde Coffee,Coffee,2.2,0.5,M,30,Beirut,3100,9,8,2024,Friday,2.2,1.7000000000000002,26–35
2881,2024-08-18,20,303,1,C114,Hamra,Fresh Orange Juice,Cold Drinks,3.5,1.0,F,50,Byblos,3234,18,8,2024,Sunday,3.5,2.5,36–50
4474,2024-08-24,9,706,1,C180,Hamra,Honey Pancakes,Desserts,4.5,1.5,M,20,Jounieh,3307,24,8,2024,Saturday,4.5,3.0,16–25
4854,2024-05-22,16,704,1,C194,Hamra,Mafroukeh Dessert,Desserts,6.5,2.5,F,18,Jounieh,1998,22,5,2024,Wednesday,6.5,4.0,16–25
4892,2024-06-19,9,304,1,C196,Hamra,Carrot Juice,Cold Drinks,3.5,1.0,F,44,Zahle,2383,19,6,2024,Wednesday,3.5,2.5,36–50
2295,2024-01-29,17,605,2,C092,Hamra,Halloumi Salad,Salads,6.8,2.9,F,32,Batroun,403,29,1,2024,Monday,13.6,7.8,26–35
1865,2024-02-05,18,106,1,C075,Hamra,Cappuccino,Coffee,3.5,0.7,M,58,Saida,502,5,2,2024,Monday,3.5,2.8,50+
1648,2024-01-13,7,301,2,C067,Hamra,Lemonade,Cold Drinks,3.0,0.8,M,60,Beirut,169,13,1,2024,Saturday,6.0,4.4,50+
4197,2024-06-08,17,108,1,C168,Hamra,Caramel Latte,Coffee,4.8,1.0,F,47,Tyre,2237,8,6,2024,Saturday,4.8,3.8,36–50
121,2024-11-22,19,701,1,C005,Hamra,Nutella Crepe,Desserts,5.5,1.8,M,33,Beirut,4577,22,11,2024,Friday,5.5,3.7,26–35
2926,2024-07-05,11,303,1,C116,Hamra,Fresh Orange Juice,Cold Drinks,3.5,1.0,F,48,Jounieh,2609,5,7,2024,Friday,3.5,2.5,36–50
3780,2024-08-30,20,705,1,C150,Hamra,Ice Cream 2 Scoops,Desserts,4.0,1.2,M,46,Zahle,3402,30,8,2024,Friday,4.0,2.8,36–50
2963,2024-03-26,10,701,1,C118,Hamra,Nutella Crepe,Desserts,5.5,1.8,F,48,Jounieh,1194,26,3,2024,Tuesday,5.5,3.7,36–50
4129,2024-10-10,15,601,1,C165,Hamra,Chicken Caesar Salad,Salads,7.5,3.2,M,44,Batroun,3971,10,10,2024,Thursday,7.5,4.3,36–50
248,2024-03-06,15,503,2,C011,Hamra,BBQ Chicken Sandwich,Sandwiches,7.5,3.2,M,23,Batroun,919,6,3,2024,Wednesday,15.0,8.6,16–25
1070,2024-06-18,20,702,2,C044,Hamra,Lotus Crepe,Desserts,5.8,1.9,F,20,Zahle,2380,18,6,2024,Tuesday,11.6,7.8,16–25
4489,2024-02-14,11,702,1,C181,Hamra,Lotus Crepe,Desserts,5.8,1.9,F,60,Tripoli,621,14,2,2024,Wednesday,5.8,3.9,50+
1917,2024-03-02,16,202,1,C077,Hamra,Mint Tea,Tea,2.2,0.5,M,30,Zahle,864,2,3,2024,Saturday,2.2,1.7000000000000002,26–35
2967,2024-05-13,10,603,1,C118,Hamra,Fattoush,Salads,5.5,2.0,F,48,Jounieh,1866,13,5,2024,Monday,5.5,3.5,36–50
2931,2024-10-10,13,110,1,C116,Hamra,Sahlab,Hot Drinks,4.0,1.0,F,48,Jounieh,3969,10,10,2024,Thursday,4.0,3.0,36–50
4712,2024-01-28,12,107,1,C189,Hamra,Mocha,Coffee,4.5,0.9,F,43,Tripoli,384,28,1,2024,Sunday,4.5,3.6,36–50
1657,2024-04-17,10,604,1,C067,Hamra,Tabbouleh,Salads,5.5,2.0,M,60,Beirut,1502,17,4,2024,Wednesday,5.5,3.5,50+
293,2024-02-13,19,101,3,C013,Hamra,Espresso,Coffee,2.5,0.5,M,29,Beirut,615,13,2,2024,Tuesday,7.5,6.0,26–35
2309,2024-12-05,19,702,2,C092,Hamra,Lotus Crepe,Desserts,5.8,1.9,F,32,Batroun,4759,5,12,2024,Thursday,11.6,7.8,26–35
260,2024-10-12,16,411,1,C011,Hamra,Mutabbal,Appetizers,4.2,1.2,M,23,Batroun,4000,12,10,2024,Saturday,4.2,3.0,16–25
3503,2024-11-26,8,306,1,C139,Hamra,Mango Cocktail,Cocktails,6.0,2.2,M,33,Saida,4622,26,11,2024,Tuesday,6.0,3.8,26–35
2133,2024-05-07,7,501,1,C085,Hamra,Shish Tawouk Sandwich,Sandwiches,6.5,2.5,F,40,Saida,1779,7,5,2024,Tuesday,6.5,4.0,36–50
2145,2024-12-13,10,705,2,C085,Hamra,Ice Cream 2 Scoops,Desserts,4.0,1.2,F,40,Saida,4862,13,12,2024,Friday,8.0,5.6,36–50
3371,2024-08-18,10,309,1,C135,Hamra,Chocolate Milkshake,Shakes,5.5,1.8,F,20,Byblos,3224,18,8,2024,Sunday,5.5,3.7,16–25
414,2024-07-08,19,310,1,C017,Hamra,Strawberry Milkshake,Shakes,5.5,1.8,M,34,Byblos,2659,8,7,2024,Monday,5.5,3.7,26–35
1185,2024-08-12,7,107,2,C048,Hamra,Mocha,Coffee,4.5,0.9,F,39,Zahle,3137,12,8,2024,Monday,9.0,7.2,36–50
3580,2024-10-09,12,506,1,C142,Hamra,Steak Sandwich,Sandwiches,9.0,4.0,F,44,Batroun,3954,9,10,2024,Wednesday,9.0,5.0,36–50
4768,2024-04-30,10,302,1,C191,Hamra,Lemonade Mint,Cold Drinks,3.5,1.0,M,60,Byblos,1684,30,4,2024,Tuesday,3.5,2.5,50+
4800,2024-04-25,7,404,1,C192,Hamra,Keshek Manoushe,Manakish,4.0,0.7,F,27,Tripoli,1611,25,4,2024,Thursday,4.0,3.3,26–35
2438,2024-08-20,7,405,1,C097,Hamra,Lahm Baajin,Manakish,5.0,1.2,M,45,Batroun,3249,20,8,2024,Tuesday,5.0,3.8,36–50
1881,2024-09-15,19,107,1,C075,Hamra,Mocha,Coffee,4.5,0.9,M,58,Saida,3625,15,9,2024,Sunday,4.5,3.6,50+
4836,2024-12-24,7,408,1,C193,Hamra,Fries,Appetizers,3.0,0.7,M,48,Byblos,5013,24,12,2024,Tuesday,3.0,2.3,36–50
4056,2024-07-16,14,107,1,C162,Hamra,Mocha,Coffee,4.5,0.9,F,37,Saida,2766,16,7,2024,Tuesday,4.5,3.6,36–50
3426,2024-05-16,16,309,1,C137,Hamra,Chocolate Milkshake,Shakes,5.5,1.8,F,30,Saida,1914,16,5,2024,Thursday,5.5,3.7,26–35
1939,2024-11-13,14,201,2,C077,Hamra,Tea,Tea,2.0,0.4,M,30,Zahle,4446,13,11,2024,Wednesday,4.0,3.2,26–35
3188,2024-06-13,8,109,1,C128,Hamra,Hot Chocolate,Hot Drinks,3.8,0.9,M,36,Batroun,2298,13,6,2024,Thursday,3.8,2.9,36–50
898,2024-08-12,17,202,1,C037,Hamra,Mint Tea,Tea,2.2,0.5,M,28,Beirut,3147,12,8,2024,Monday,2.2,1.7000000000000002,26–35
738,2024-11-02,19,410,1,C030,Hamra,Hummus,Appetizers,4.0,1.2,M,23,Saida,4297,2,11,2024,Saturday,4.0,2.8,16–25
4219,2024-08-21,13,104,2,C169,Hamra,Americano,Coffee,3.0,0.6,M,24,Tyre,3269,21,8,2024,Wednesday,6.0,4.8,16–25
4297,2024-06-20,20,411,2,C173,Hamra,Mutabbal,Appetizers,4.2,1.2,F,31,Tripoli,2408,20,6,2024,Thursday,8.4,6.0,26–35
1151,2024-05-31,14,403,1,C047,Hamra,Cheese Manoushe,Manakish,4.5,0.8,M,24,Jounieh,2122,31,5,2024,Friday,4.5,3.7,16–25
3380,2024-11-10,14,203,1,C135,Hamra,Green Tea,Tea,2.2,0.5,F,20,Byblos,4404,10,11,2024,Sunday,2.2,1.7000000000000002,16–25
3570,2024-06-08,17,308,2,C142,Hamra,Banane Avocat,Cocktails,6.5,2.5,F,44,Batroun,2237,8,6,2024,Saturday,13.0,8.0,36–50
1171,2024-04-05,16,304,1,C048,Hamra,Carrot Juice,Cold Drinks,3.5,1.0,F,39,Zahle,1340,5,4,2024,Friday,3.5,2.5,36–50
3341,2024-08-20,17,506,1,C134,Hamra,Steak Sandwich,Sandwiches,9.0,4.0,F,60,Zahle,3259,20,8,2024,Tuesday,9.0,5.0,50+
822,2024-06-28,19,501,3,C034,Hamra,Shish Tawouk Sandwich,Sandwiches,6.5,2.5,F,50,Byblos,2519,28,6,2024,Friday,19.5,12.0,36–50
2532,2024-04-22,13,503,1,C101,Hamra,BBQ Chicken Sandwich,Sandwiches,7.5,3.2,M,44,Byblos,1575,22,4,2024,Monday,7.5,4.3,36–50
1136,2024-11-13,11,309,3,C046,Hamra,Chocolate Milkshake,Shakes,5.5,1.8,F,60,Saida,4443,13,11,2024,Wednesday,16.5,11.100000000000001,50+
4656,2024-02-21,7,301,2,C187,Hamra,Lemonade,Cold Drinks,3.0,0.8,F,18,Tyre,715,21,2,2024,Wednesday,6.0,4.4,16–25
1745,2024-09-24,18,408,1,C070,Hamra,Fries,Appetizers,3.0,0.7,F,27,Byblos,3750,24,9,2024,Tuesday,3.0,2.3,26–35
3411,2024-10-21,15,202,3,C136,Hamra,Mint Tea,Tea,2.2,0.5,M,42,Saida,4125,21,10,2024,Monday,6.6000000000000005,5.1000000000000005,36–50
586,2024-04-22,19,409,2,C024,Hamra,Pita Chips,Appetizers,2.5,0.6,M,18,Tripoli,1581,22,4,2024,Monday,5.0,3.8,16–25
1656,2024-04-10,13,107,1,C067,Hamra,Mocha,Coffee,4.5,0.9,M,60,Beirut,1407,10,4,2024,Wednesday,4.5,3.6,50+
87,2024-04-22,8,201,1,C004,Hamra,Tea,Tea,2.0,0.4,M,23,Tyre,1570,22,4,2024,Monday,2.0,1.6,16–25
3,2024-03-21,12,406,1,C001,Hamra,Kaak with Cheese,Bakery,3.5,0.8,F,18,Zahle,1126,21,3,2024,Thursday,3.5,2.7,16–25
823,2024-07-05,8,404,1,C034,Hamra,Keshek Manoushe,Manakish,4.0,0.7,F,50,Byblos,2606,5,7,2024,Friday,4.0,3.3,36–50
2741,2024-04-22,7,203,2,C109,Hamra,Green Tea,Tea,2.2,0.5,M,29,Jounieh,1569,22,4,2024,Monday,4.4,3.4000000000000004,26–35
191,2024-01-02,20,406,1,C009,Hamra,Kaak with Cheese,Bakery,3.5,0.8,M,21,Beirut,28,2,1,2024,Tuesday,3.5,2.7,16–25
1561,2024-05-09,13,102,1,C063,Hamra,Turkish Coffee,Coffee,2.0,0.4,F,32,Byblos,1813,9,5,2024,Thursday,2.0,1.6,26–35
227,2024-08-07,19,503,1,C010,Hamra,BBQ Chicken Sandwich,Sandwiches,7.5,3.2,F,49,Tyre,3079,7,8,2024,Wednesday,7.5,4.3,36–50
3445,2024-02-23,8,205,2,C138,Hamra,Mate,Tea,2.5,0.5,F,55,Tyre,744,23,2,2024,Friday,5.0,4.0,50+
4421,2024-12-08,19,201,1,C178,Hamra,Tea,Tea,2.0,0.4,F,33,Zahle,4801,8,12,2024,Sunday,2.0,1.6,26–35
1074,2024-08-11,20,409,1,C044,Hamra,Pita Chips,Appetizers,2.5,0.6,F,20,Zahle,3136,11,8,2024,Sunday,2.5,1.9,16–25
2972,2024-08-12,20,503,1,C118,Hamra,BBQ Chicken Sandwich,Sandwiches,7.5,3.2,F,48,Jounieh,3150,12,8,2024,Monday,7.5,4.3,36–50
4360,2024-05-05,8,104,1,C176,Hamra,Americano,Coffee,3.0,0.6,M,24,Jounieh,1752,5,5,2024,Sunday,3.0,2.4,16–25
131,2024-05-09,19,201,1,C006,Hamra,Tea,Tea,2.0,0.4,F,44,Tripoli,1819,9,5,2024,Thursday,2.0,1.6,36–50
3036,2024-02-22,17,404,1,C121,Hamra,Keshek Manoushe,Manakish,4.0,0.7,F,53,Batroun,739,22,2,2024,Thursday,4.0,3.3,50+
3823,2024-06-20,11,102,1,C152,Hamra,Turkish Coffee,Coffee,2.0,0.4,F,39,Tripoli,2399,20,6,2024,Thursday,2.0,1.6,36–50
2373,2024-08-05,20,301,1,C095,Hamra,Lemonade,Cold Drinks,3.0,0.8,M,40,Zahle,3052,5,8,2024,Monday,3.0,2.2,36–50
2798,2024-06-08,11,503,3,C111,Hamra,BBQ Chicken Sandwich,Sandwiches,7.5,3.2,M,40,Zahle,2231,8,6,2024,Saturday,22.5,12.899999999999999,36–50
4638,2024-07-16,13,203,1,C186,Hamra,Green Tea,Tea,2.2,0.5,F,34,Beirut,2765,16,7,2024,Tuesday,2.2,1.7000000000000002,26–35
2652,2024-09-03,7,501,1,C105,Hamra,Shish Tawouk Sandwich,Sandwiches,6.5,2.5,F,27,Tripoli,3445,3,9,2024,Tuesday,6.5,4.0,26–35
1602,2024-11-19,14,302,1,C064,Hamra,Lemonade Mint,Cold Drinks,3.5,1.0,M,26,Jounieh,4530,19,11,2024,Tuesday,3.5,2.5,26–35
4573,2024-07-21,9,306,1,C184,Hamra,Mango Cocktail,Cocktails,6.0,2.2,M,25,Batroun,2831,21,7,2024,Sunday,6.0,3.8,16–25
3526,2024-07-02,10,602,1,C140,Hamra,Greek Salad,Salads,6.5,2.8,F,50,Tripoli,2566,2,7,2024,Tuesday,6.5,3.7,36–50
4077,2024-05-02,15,304,1,C163,Hamra,Carrot Juice,Cold Drinks,3.5,1.0,F,40,Beirut,1717,2,5,2024,Thursday,3.5,2.5,36–50
1778,2024-09-11,10,107,1,C071,Hamra,Mocha,Coffee,4.5,0.9,F,29,Byblos,3560,11,9,2024,Wednesday,4.5,3.6,26–35
2632,2024-10-20,16,502,1,C104,Hamra,Chicken Sub Sandwich,Sandwiches,7.0,3.0,F,36,Jounieh,4112,20,10,2024,Sunday,7.0,4.0,36–50
2242,2024-10-06,18,108,1,C089,Hamra,Caramel Latte,Coffee,4.8,1.0,F,21,Saida,3918,6,10,2024,Sunday,4.8,3.8,16–25
145,2024-11-20,11,203,2,C006,Hamra,Green Tea,Tea,2.2,0.5,F,44,Tripoli,4541,20,11,2024,Wednesday,4.4,3.4000000000000004,36–50
4816,2024-04-07,13,501,1,C193,Hamra,Shish Tawouk Sandwich,Sandwiches,6.5,2.5,M,48,Byblos,1365,7,4,2024,Sunday,6.5,4.0,36–50
2772,2024-07-16,10,102,1,C110,Hamra,Turkish Coffee,Coffee,2.0,0.4,M,55,Batroun,2762,16,7,2024,Tuesday,2.0,1.6,50+
4696,2024-08-27,20,505,1,C188,Hamra,Turkey Sandwich,Sandwiches,5.5,2.2,M,26,Jounieh,3360,27,8,2024,Tuesday,5.5,3.3,26–35
2825,2024-05-23,7,201,1,C112,Hamra,Tea,Tea,2.0,0.4,F,46,Tripoli,2003,23,5,2024,Thursday,2.0,1.6,36–50
4887,2024-04-06,15,309,1,C196,Hamra,Chocolate Milkshake,Shakes,5.5,1.8,F,44,Zahle,1353,6,4,2024,Saturday,5.5,3.7,36–50
3936,2024-07-19,10,106,1,C157,Hamra,Cappuccino,Coffee,3.5,0.7,F,30,Jounieh,2804,19,7,2024,Friday,3.5,2.8,26–35
4143,2024-05-03,15,401,1,C166,Hamra,Croissant,Bakery,3.0,0.8,F,48,Beirut,1731,3,5,2024,Friday,3.0,2.2,36–50
3778,2024-07-05,12,107,1,C150,Hamra,Mocha,Coffee,4.5,0.9,M,46,Zahle,2610,5,7,2024,Friday,4.5,3.6,36–50
3175,2024-11-21,7,503,1,C127,Hamra,BBQ Chicken Sandwich,Sandwiches,7.5,3.2,M,30,Tripoli,4551,21,11,2024,Thursday,7.5,4.3,26–35
3416,2024-12-14,18,304,3,C136,Hamra,Carrot Juice,Cold Drinks,3.5,1.0,M,42,Saida,4884,14,12,2024,Saturday,10.5,7.5,36–50
1570,2024-09-15,9,106,1,C063,Hamra,Cappuccino,Coffee,3.5,0.7,F,32,Byblos,3615,15,9,2024,Sunday,3.5,2.8,26–35
3546,2024-05-27,17,601,1,C141,Hamra,Chicken Caesar Salad,Salads,7.5,3.2,F,21,Jounieh,2069,27,5,2024,Monday,7.5,4.3,16–25
3890,2024-09-08,8,404,2,C155,Hamra,Keshek Manoushe,Manakish,4.0,0.7,M,24,Byblos,3516,8,9,2024,Sunday,8.0,6.6,16–25
3698,2024-12-11,15,601,1,C146,Hamra,Chicken Caesar Salad,Salads,7.5,3.2,M,27,Beirut,4839,11,12,2024,Wednesday,7.5,4.3,26–35
434,2024-05-26,18,503,1,C018,Hamra,BBQ Chicken Sandwich,Sandwiches,7.5,3.2,M,19,Tripoli,2056,26,5,2024,Sunday,7.5,4.3,16–25
1922,2024-05-27,7,102,1,C077,Hamra,Turkish Coffee,Coffee,2.0,0.4,M,30,Zahle,2059,27,5,2024,Monday,2.0,1.6,26–35
4759,2024-12-17,19,304,1,C190,Hamra,Carrot Juice,Cold Drinks,3.5,1.0,M,30,Beirut,4927,17,12,2024,Tuesday,3.5,2.5,26–35
3575,2024-07-17,20,104,1,C142,Hamra,Americano,Coffee,3.0,0.6,F,44,Batroun,2786,17,7,2024,Wednesday,3.0,2.4,36–50
3500,2024-11-03,15,106,2,C139,Hamra,Cappuccino,Coffee,3.5,0.7,M,33,Saida,4307,3,11,2024,Sunday,7.0,5.6,26–35
2592,2024-05-07,15,702,1,C103,Hamra,Lotus Crepe,Desserts,5.8,1.9,M,21,Byblos,1787,7,5,2024,Tuesday,5.8,3.9,16–25
2941,2024-02-08,14,501,1,C117,Hamra,Shish Tawouk Sandwich,Sandwiches,6.5,2.5,F,49,Zahle,540,8,2,2024,Thursday,6.5,4.0,36–50
425,2024-12-03,14,403,2,C017,Hamra,Cheese Manoushe,Manakish,4.5,0.8,M,34,Byblos,4726,3,12,2024,Tuesday,9.0,7.4,26–35
4452,2024-12-25,17,405,2,C179,Hamra,Lahm Baajin,Manakish,5.0,1.2,F,43,Zahle,5037,25,12,2024,Wednesday,10.0,7.6,36–50
330,2024-05-08,20,107,1,C014,Hamra,Mocha,Coffee,4.5,0.9,M,38,Saida,1806,8,5,2024,Wednesday,4.5,3.6,36–50
1415,2024-09-23,18,109,1,C057,Hamra,Hot Chocolate,Hot Drinks,3.8,0.9,M,37,Batroun,3736,23,9,2024,Monday,3.8,2.9,36–50
2320,2024-05-30,7,310,1,C093,Hamra,Strawberry Milkshake,Shakes,5.5,1.8,F,27,Byblos,2101,30,5,2024,Thursday,5.5,3.7,26–35
3346,2024-10-24,17,408,1,C134,Hamra,Fries,Appetizers,3.0,0.7,F,60,Zahle,4169,24,10,2024,Thursday,3.0,2.3,50+
2870,2024-04-08,14,101,1,C114,Hamra,Espresso,Coffee,2.5,0.5,F,50,Byblos,1380,8,4,2024,Monday,2.5,2.0,36–50
4606,2024-09-19,16,704,1,C185,Hamra,Mafroukeh Dessert,Desserts,6.5,2.5,M,39,Saida,3678,19,9,2024,Thursday,6.5,4.0,36–50
3281,2024-09-08,20,106,3,C132,Hamra,Cappuccino,Coffee,3.5,0.7,M,33,Tyre,3528,8,9,2024,Sunday,10.5,8.399999999999999,26–35
3491,2024-05-23,9,303,1,C139,Hamra,Fresh Orange Juice,Cold Drinks,3.5,1.0,M,33,Saida,2005,23,5,2024,Thursday,3.5,2.5,26–35
2756,2024-12-11,17,110,1,C109,Hamra,Sahlab,Hot Drinks,4.0,1.0,M,29,Jounieh,4841,11,12,2024,Wednesday,4.0,3.0,26–35
2987,2024-04-21,13,403,1,C119,Hamra,Cheese Manoushe,Manakish,4.5,0.8,F,42,Tyre,1561,21,4,2024,Sunday,4.5,3.7,36–50
2296,2024-02-29,17,201,1,C092,Hamra,Tea,Tea,2.0,0.4,F,32,Batroun,837,29,2,2024,Thursday,2.0,1.6,26–35
244,2024-01-02,7,408,1,C011,Hamra,Fries,Appetizers,3.0,0.7,M,23,Batroun,15,2,1,2024,Tuesday,3.0,2.3,16–25
2492,2024-10-30,7,101,1,C099,Hamra,Espresso,Coffee,2.5,0.5,M,49,Zahle,4243,30,10,2024,Wednesday,2.5,2.0,36–50
180,2024-09-10,16,203,2,C008,Hamra,Green Tea,Tea,2.2,0.5,F,49,Byblos,3552,10,9,2024,Tuesday,4.4,3.4000000000000004,36–50
2873,2024-05-19,19,501,1,C114,Hamra,Shish Tawouk Sandwich,Sandwiches,6.5,2.5,F,50,Byblos,1959,19,5,2024,Sunday,6.5,4.0,36–50
4653,2024-02-06,11,305,1,C187,Hamra,Avocado Shake Cocktails,Shakes,6.0,2.2,F,18,Tyre,509,6,2,2024,Tuesday,6.0,3.8,16–25
3748,2024-06-08,11,101,1,C149,Hamra,Espresso,Coffee,2.5,0.5,M,40,Beirut,2231,8,6,2024,Saturday,2.5,2.0,36–50
1604,2024-01-09,14,705,1,C065,Hamra,Ice Cream 2 Scoops,Desserts,4.0,1.2,F,42,Saida,120,9,1,2024,Tuesday,4.0,2.8,36–50
2324,2024-08-20,13,103,1,C093,Hamra,Blonde Coffee,Coffee,2.2,0.5,F,27,Byblos,3255,20,8,2024,Tuesday,2.2,1.7000000000000002,26–35
3815,2024-04-08,14,303,2,C152,Hamra,Fresh Orange Juice,Cold Drinks,3.5,1.0,F,39,Tripoli,1380,8,4,2024,Monday,7.0,5.0,36–50
3959,2024-05-26,12,505,3,C158,Hamra,Turkey Sandwich,Sandwiches,5.5,2.2,F,26,Batroun,2050,26,5,2024,Sunday,16.5,9.899999999999999,26–35
2634,2024-10-30,12,204,1,C104,Hamra,Chamomile Tea,Tea,2.5,0.5,F,36,Jounieh,4248,30,10,2024,Wednesday,2.5,2.0,36–50
2487,2024-07-26,8,406,1,C099,Hamra,Kaak with Cheese,Bakery,3.5,0.8,M,49,Zahle,2900,26,7,2024,Friday,3.5,2.7,36–50
2095,2024-05-10,12,402,2,C084,Hamra,Zaatar Manoushe,Manakish,3.5,0.5,M,53,Batroun,1826,10,5,2024,Friday,7.0,6.0,50+
4595,2024-05-31,11,302,1,C185,Hamra,Lemonade Mint,Cold Drinks,3.5,1.0,M,39,Saida,2119,31,5,2024,Friday,3.5,2.5,36–50
1812,2024-02-23,19,604,1,C073,Hamra,Tabbouleh,Salads,5.5,2.0,F,54,Saida,755,23,2,2024,Friday,5.5,3.5,50+
3661,2024-04-29,9,404,1,C145,Hamra,Keshek Manoushe,Manakish,4.0,0.7,F,55,Saida,1669,29,4,2024,Monday,4.0,3.3,50+
1453,2024-06-09,12,411,2,C059,Hamra,Mutabbal,Appetizers,4.2,1.2,F,31,Jounieh,2246,9,6,2024,Sunday,8.4,6.0,26–35
751,2024-04-25,14,501,1,C031,Hamra,Shish Tawouk Sandwich,Sandwiches,6.5,2.5,M,18,Jounieh,1618,25,4,2024,Thursday,6.5,4.0,16–25
1585,2024-03-15,15,401,2,C064,Hamra,Croissant,Bakery,3.0,0.8,M,26,Jounieh,1045,15,3,2024,Friday,6.0,4.4,26–35
1173,2024-04-22,7,706,2,C048,Hamra,Honey Pancakes,Desserts,4.5,1.5,F,39,Zahle,1569,22,4,2024,Monday,9.0,6.0,36–50
561,2024-04-13,9,302,1,C023,Hamra,Lemonade Mint,Cold Drinks,3.5,1.0,M,18,Saida,1445,13,4,2024,Saturday,3.5,2.5,16–25
4947,2024-12-05,9,307,2,C198,Hamra,Strawberry Cocktail,Cocktails,6.0,2.0,F,29,Tyre,4749,5,12,2024,Thursday,12.0,8.0,26–35
3968,2024-09-10,17,310,2,C158,Hamra,Strawberry Milkshake,Shakes,5.5,1.8,F,26,Batroun,3553,10,9,2024,Tuesday,11.0,7.4,26–35
1363,2024-08-14,14,102,1,C055,Hamra,Turkish Coffee,Coffee,2.0,0.4,F,44,Tyre,3172,14,8,2024,Wednesday,2.0,1.6,36–50
153,2024-04-21,7,307,1,C007,Hamra,Strawberry Cocktail,Cocktails,6.0,2.0,M,24,Batroun,1555,21,4,2024,Sunday,6.0,4.0,16–25
2820,2024-04-08,11,105,1,C112,Hamra,Café Latte,Coffee,4.0,0.8,F,46,Tripoli,1377,8,4,2024,Monday,4.0,3.2,36–50
2670,2024-06-01,9,104,1,C106,Hamra,Americano,Coffee,3.0,0.6,F,59,Tripoli,2131,1,6,2024,Saturday,3.0,2.4,50+
2472,2024-12-14,8,411,1,C098,Hamra,Mutabbal,Appetizers,4.2,1.2,M,33,Tripoli,4874,14,12,2024,Saturday,4.2,3.0,26–35
289,2024-12-31,14,106,1,C012,Hamra,Cappuccino,Coffee,3.5,0.7,F,60,Beirut,5118,31,12,2024,Tuesday,3.5,2.8,50+
1495,2024-12-03,9,705,1,C060,Hamra,Ice Cream 2 Scoops,Desserts,4.0,1.2,F,22,Zahle,4721,3,12,2024,Tuesday,4.0,2.8,16–25
1275,2024-07-12,13,306,2,C052,Hamra,Mango Cocktail,Cocktails,6.0,2.2,F,28,Jounieh,2709,12,7,2024,Friday,12.0,7.6,26–35
3893,2024-11-05,18,203,1,C155,Hamra,Green Tea,Tea,2.2,0.5,M,24,Byblos,4338,5,11,2024,Tuesday,2.2,1.7000000000000002,16–25
3524,2024-06-11,17,501,1,C140,Hamra,Shish Tawouk Sandwich,Sandwiches,6.5,2.5,F,50,Tripoli,2279,11,6,2024,Tuesday,6.5,4.0,36–50
3550,2024-07-26,7,310,1,C141,Hamra,Strawberry Milkshake,Shakes,5.5,1.8,F,21,Jounieh,2899,26,7,2024,Friday,5.5,3.7,16–25
1799,2024-06-17,12,401,1,C072,Hamra,Croissant,Bakery,3.0,0.8,F,59,Jounieh,2358,17,6,2024,Monday,3.0,2.2,50+
4748,2024-06-09,9,503,1,C190,Hamra,BBQ Chicken Sandwich,Sandwiches,7.5,3.2,M,30,Beirut,2243,9,6,2024,Sunday,7.5,4.3,26–35
3121,2024-03-08,14,305,1,C125,Hamra,Avocado Shake Cocktails,Shakes,6.0,2.2,F,37,Batroun,946,8,3,2024,Friday,6.0,3.8,36–50
3941,2024-10-15,12,408,1,C157,Hamra,Fries,Appetizers,3.0,0.7,F,30,Jounieh,4038,15,10,2024,Tuesday,3.0,2.3,26–35
4087,2024-10-03,18,204,2,C163,Hamra,Chamomile Tea,Tea,2.5,0.5,F,40,Beirut,3876,3,10,2024,Thursday,5.0,4.0,36–50
1491,2024-10-30,8,411,2,C060,Hamra,Mutabbal,Appetizers,4.2,1.2,F,22,Zahle,4244,30,10,2024,Wednesday,8.4,6.0,16–25
3933,2024-05-14,12,302,1,C157,Hamra,Lemonade Mint,Cold Drinks,3.5,1.0,F,30,Jounieh,1882,14,5,2024,Tuesday,3.5,2.5,26–35
755,2024-07-13,13,306,2,C031,Hamra,Mango Cocktail,Cocktails,6.0,2.2,M,18,Jounieh,2723,13,7,2024,Saturday,12.0,7.6,16–25
1921,2024-05-07,11,604,2,C077,Hamra,Tabbouleh,Salads,5.5,2.0,M,30,Zahle,1783,7,5,2024,Tuesday,11.0,7.0,26–35
1887,2024-02-02,9,301,1,C076,Hamra,Lemonade,Cold Drinks,3.0,0.8,M,40,Saida,451,2,2,2024,Friday,3.0,2.2,36–50
1509,2024-06-24,10,604,3,C061,Hamra,Tabbouleh,Salads,5.5,2.0,F,34,Zahle,2454,24,6,2024,Monday,16.5,10.5,26–35
27,2024-01-22,10,301,2,C002,Hamra,Lemonade,Cold Drinks,3.0,0.8,F,37,Zahle,298,22,1,2024,Monday,6.0,4.4,36–50
4034,2024-08-25,12,305,1,C161,Hamra,Avocado Shake Cocktails,Shakes,6.0,2.2,F,35,Batroun,3324,25,8,2024,Sunday,6.0,3.8,26–35
4979,2024-06-06,16,404,1,C200,Hamra,Keshek Manoushe,Manakish,4.0,0.7,M,40,Byblos,2208,6,6,2024,Thursday,4.0,3.3,36–50
4741,2024-02-07,7,403,1,C190,Hamra,Cheese Manoushe,Manakish,4.5,0.8,M,30,Beirut,519,7,2,2024,Wednesday,4.5,3.7,26–35
3051,2024-08-17,17,108,1,C121,Hamra,Caramel Latte,Coffee,4.8,1.0,F,53,Batroun,3217,17,8,2024,Saturday,4.8,3.8,50+
1466,2024-12-30,10,309,2,C059,Hamra,Chocolate Milkshake,Shakes,5.5,1.8,F,31,Jounieh,5100,30,12,2024,Monday,11.0,7.4,26–35
963,2024-02-20,16,103,1,C040,Hamra,Blonde Coffee,Coffee,2.2,0.5,F,26,Beirut,710,20,2,2024,Tuesday,2.2,1.7000000000000002,26–35
4394,2024-09-20,19,310,2,C177,Hamra,Strawberry Milkshake,Shakes,5.5,1.8,M,23,Saida,3695,20,9,2024,Friday,11.0,7.4,16–25
781,2024-10-09,10,304,2,C032,Hamra,Carrot Juice,Cold Drinks,3.5,1.0,M,49,Beirut,3952,9,10,2024,Wednesday,7.0,5.0,36–50
911,2024-01-27,16,408,1,C038,Hamra,Fries,Appetizers,3.0,0.7,F,39,Saida,374,27,1,2024,Saturday,3.0,2.3,36–50
2302,2024-08-13,7,102,1,C092,Hamra,Turkish Coffee,Coffee,2.0,0.4,F,32,Batroun,3151,13,8,2024,Tuesday,2.0,1.6,26–35
2213,2024-10-03,15,205,1,C088,Hamra,Mate,Tea,2.5,0.5,F,56,Beirut,3873,3,10,2024,Thursday,2.5,2.0,50+
3554,2024-10-12,10,307,1,C141,Hamra,Strawberry Cocktail,Cocktails,6.0,2.0,F,21,Jounieh,3994,12,10,2024,Saturday,6.0,4.0,16–25
2129,2024-04-06,13,110,1,C085,Hamra,Sahlab,Hot Drinks,4.0,1.0,F,40,Saida,1351,6,4,2024,Saturday,4.0,3.0,36–50
4526,2024-10-10,18,303,1,C182,Hamra,Fresh Orange Juice,Cold Drinks,3.5,1.0,F,55,Zahle,3974,10,10,2024,Thursday,3.5,2.5,50+
1908,2024-11-12,20,307,1,C076,Hamra,Strawberry Cocktail,Cocktails,6.0,2.0,M,40,Saida,4438,12,11,2024,Tuesday,6.0,4.0,36–50
3193,2024-10-30,9,604,2,C128,Hamra,Tabbouleh,Salads,5.5,2.0,M,36,Batroun,4245,30,10,2024,Wednesday,11.0,7.0,36–50
305,2024-05-26,16,702,1,C013,Hamra,Lotus Crepe,Desserts,5.8,1.9,M,29,Beirut,2054,26,5,2024,Sunday,5.8,3.9,26–35
935,2024-01-04,18,402,1,C039,Hamra,Zaatar Manoushe,Manakish,3.5,0.5,M,49,Batroun,54,4,1,2024,Thursday,3.5,3.0,36–50
554,2024-02-04,9,203,1,C023,Hamra,Green Tea,Tea,2.2,0.5,M,18,Saida,479,4,2,2024,Sunday,2.2,1.7000000000000002,16–25
2771,2024-07-10,20,408,2,C110,Hamra,Fries,Appetizers,3.0,0.7,M,55,Batroun,2688,10,7,2024,Wednesday,6.0,4.6,50+
2685,2024-02-18,14,105,1,C107,Hamra,Café Latte,Coffee,4.0,0.8,M,18,Tyre,680,18,2,2024,Sunday,4.0,3.2,16–25
2294,2024-01-17,14,401,1,C092,Hamra,Croissant,Bakery,3.0,0.8,F,32,Batroun,232,17,1,2024,Wednesday,3.0,2.2,26–35
3572,2024-06-20,17,203,3,C142,Hamra,Green Tea,Tea,2.2,0.5,F,44,Batroun,2405,20,6,2024,Thursday,6.6000000000000005,5.1000000000000005,36–50
3665,2024-08-07,18,402,1,C145,Hamra,Zaatar Manoushe,Manakish,3.5,0.5,F,55,Saida,3078,7,8,2024,Wednesday,3.5,3.0,50+
591,2024-06-06,7,204,1,C024,Hamra,Chamomile Tea,Tea,2.5,0.5,M,18,Tripoli,2199,6,6,2024,Thursday,2.5,2.0,16–25
4624,2024-02-15,16,309,1,C186,Hamra,Chocolate Milkshake,Shakes,5.5,1.8,F,34,Beirut,640,15,2,2024,Thursday,5.5,3.7,26–35
4760,2024-01-06,8,103,2,C191,Hamra,Blonde Coffee,Coffee,2.2,0.5,M,60,Byblos,72,6,1,2024,Saturday,4.4,3.4000000000000004,50+
817,2024-04-08,14,605,1,C034,Hamra,Halloumi Salad,Salads,6.8,2.9,F,50,Byblos,1380,8,4,2024,Monday,6.8,3.9,36–50
4442,2024-08-20,7,704,1,C179,Hamra,Mafroukeh Dessert,Desserts,6.5,2.5,F,43,Zahle,3249,20,8,2024,Tuesday,6.5,4.0,36–50
2813,2024-02-06,18,702,1,C112,Hamra,Lotus Crepe,Desserts,5.8,1.9,F,46,Tripoli,516,6,2,2024,Tuesday,5.8,3.9,36–50
3470,2024-10-06,14,405,3,C138,Hamra,Lahm Baajin,Manakish,5.0,1.2,F,55,Tyre,3914,6,10,2024,Sunday,15.0,11.399999999999999,50+
2980,2024-12-14,14,410,1,C118,Hamra,Hummus,Appetizers,4.0,1.2,F,48,Jounieh,4880,14,12,2024,Saturday,4.0,2.8,36–50
4985,2024-10-28,8,701,1,C200,Hamra,Nutella Crepe,Desserts,5.5,1.8,M,40,Byblos,4216,28,10,2024,Monday,5.5,3.7,36–50
3749,2024-06-29,10,204,3,C149,Hamra,Chamomile Tea,Tea,2.5,0.5,M,40,Beirut,2524,29,6,2024,Saturday,7.5,6.0,36–50
4122,2024-04-04,12,202,1,C165,Hamra,Mint Tea,Tea,2.2,0.5,M,44,Batroun,1322,4,4,2024,Thursday,2.2,1.7000000000000002,36–50
152,2024-04-08,18,403,3,C007,Hamra,Cheese Manoushe,Manakish,4.5,0.8,M,24,Batroun,1384,8,4,2024,Monday,13.5,11.100000000000001,16–25
2261,2024-07-06,17,602,3,C090,Hamra,Greek Salad,Salads,6.5,2.8,F,20,Beirut,2629,6,7,2024,Saturday,19.5,11.100000000000001,16–25
301,2024-04-25,15,404,2,C013,Hamra,Keshek Manoushe,Manakish,4.0,0.7,M,29,Beirut,1619,25,4,2024,Thursday,8.0,6.6,26–35
2002,2024-07-09,14,601,1,C080,Hamra,Chicken Caesar Salad,Salads,7.5,3.2,F,40,Saida,2668,9,7,2024,Tuesday,7.5,4.3,36–50
733,2024-09-09,18,302,1,C030,Hamra,Lemonade Mint,Cold Drinks,3.5,1.0,M,23,Saida,3540,9,9,2024,Monday,3.5,2.5,16–25
3983,2024-06-09,14,504,2,C159,Hamra,Halloumi Sandwich,Sandwiches,6.0,2.0,M,59,Tripoli,2248,9,6,2024,Sunday,12.0,8.0,50+
3315,2024-09-12,13,702,3,C133,Hamra,Lotus Crepe,Desserts,5.8,1.9,M,41,Beirut,3577,12,9,2024,Thursday,17.4,11.7,36–50
4014,2024-11-18,20,306,1,C160,Hamra,Mango Cocktail,Cocktails,6.0,2.2,M,20,Beirut,4522,18,11,2024,Monday,6.0,3.8,16–25
374,2024-05-07,19,308,2,C016,Hamra,Banane Avocat,Cocktails,6.5,2.5,M,50,Zahle,1791,7,5,2024,Tuesday,13.0,8.0,36–50
3756,2024-01-18,15,305,1,C150,Hamra,Avocado Shake Cocktails,Shakes,6.0,2.2,M,46,Zahle,247,18,1,2024,Thursday,6.0,3.8,36–50
4804,2024-10-07,8,201,1,C192,Hamra,Tea,Tea,2.0,0.4,F,27,Tripoli,3922,7,10,2024,Monday,2.0,1.6,26–35
4275,2024-08-10,9,409,1,C172,Hamra,Pita Chips,Appetizers,2.5,0.6,F,21,Zahle,3111,10,8,2024,Saturday,2.5,1.9,16–25
964,2024-02-23,16,110,2,C040,Hamra,Sahlab,Hot Drinks,4.0,1.0,F,26,Beirut,752,23,2,2024,Friday,8.0,6.0,26–35
886,2024-02-27,14,110,1,C037,Hamra,Sahlab,Hot Drinks,4.0,1.0,M,28,Beirut,806,27,2,2024,Tuesday,4.0,3.0,26–35
1961,2024-11-18,20,601,1,C078,Hamra,Chicken Caesar Salad,Salads,7.5,3.2,M,23,Beirut,4522,18,11,2024,Monday,7.5,4.3,16–25
398,2024-12-25,12,106,3,C016,Hamra,Cappuccino,Coffee,3.5,0.7,M,50,Zahle,5032,25,12,2024,Wednesday,10.5,8.399999999999999,36–50
1048,2024-06-22,16,411,1,C043,Hamra,Mutabbal,Appetizers,4.2,1.2,M,42,Tyre,2432,22,6,2024,Saturday,4.2,3.0,36–50
1573,2024-10-06,15,309,1,C063,Hamra,Chocolate Milkshake,Shakes,5.5,1.8,F,32,Byblos,3915,6,10,2024,Sunday,5.5,3.7,26–35
355,2024-04-23,16,202,1,C015,Hamra,Mint Tea,Tea,2.2,0.5,F,52,Zahle,1592,23,4,2024,Tuesday,2.2,1.7000000000000002,50+
4280,2024-10-14,10,601,1,C172,Hamra,Chicken Caesar Salad,Salads,7.5,3.2,F,21,Zahle,4022,14,10,2024,Monday,7.5,4.3,16–25
3441,2024-12-07,14,308,1,C137,Hamra,Banane Avocat,Cocktails,6.5,2.5,F,30,Saida,4782,7,12,2024,Saturday,6.5,4.0,26–35
1613,2024-05-30,16,402,3,C065,Hamra,Zaatar Manoushe,Manakish,3.5,0.5,F,42,Saida,2110,30,5,2024,Thursday,10.5,9.0,36–50
1065,2024-05-06,9,603,1,C044,Hamra,Fattoush,Salads,5.5,2.0,F,20,Zahle,1767,6,5,2024,Monday,5.5,3.5,16–25
497,2024-06-03,9,501,2,C020,Hamra,Shish Tawouk Sandwich,Sandwiches,6.5,2.5,M,55,Tyre,2159,3,6,2024,Monday,13.0,8.0,50+
3000,2024-09-29,14,106,1,C119,Hamra,Cappuccino,Coffee,3.5,0.7,F,42,Tyre,3816,29,9,2024,Sunday,3.5,2.8,36–50
4929,2024-04-13,11,101,1,C198,Hamra,Espresso,Coffee,2.5,0.5,F,29,Tyre,1447,13,4,2024,Saturday,2.5,2.0,26–35
2836,2024-10-25,9,106,1,C112,Hamra,Cappuccino,Coffee,3.5,0.7,F,46,Tripoli,4175,25,10,2024,Friday,3.5,2.8,36–50
3087,2024-09-02,16,703,1,C123,Hamra,Ashta W Banane,Cocktails Specials,7.0,2.5,F,27,Saida,3440,2,9,2024,Monday,7.0,4.5,26–35
4027,2024-06-24,17,307,1,C161,Hamra,Strawberry Cocktail,Cocktails,6.0,2.0,F,35,Batroun,2461,24,6,2024,Monday,6.0,4.0,26–35
1990,2024-02-08,7,505,1,C080,Hamra,Turkey Sandwich,Sandwiches,5.5,2.2,F,40,Saida,533,8,2,2024,Thursday,5.5,3.3,36–50
2504,2024-06-18,9,309,1,C100,Hamra,Chocolate Milkshake,Shakes,5.5,1.8,F,29,Byblos,2369,18,6,2024,Tuesday,5.5,3.7,26–35
140,2024-09-03,18,310,1,C006,Hamra,Strawberry Milkshake,Shakes,5.5,1.8,F,44,Tripoli,3456,3,9,2024,Tuesday,5.5,3.7,36–50
2063,2024-01-26,15,205,1,C083,Hamra,Mate,Tea,2.5,0.5,M,47,Byblos,359,26,1,2024,Friday,2.5,2.0,36–50
767,2024-12-20,11,401,1,C031,Hamra,Croissant,Bakery,3.0,0.8,M,18,Jounieh,4961,20,12,2024,Friday,3.0,2.2,16–25
1638,2024-11-01,18,108,3,C066,Hamra,Caramel Latte,Coffee,4.8,1.0,M,22,Zahle,4282,1,11,2024,Friday,14.399999999999999,11.399999999999999,16–25
428,2024-01-13,16,704,1,C018,Hamra,Mafroukeh Dessert,Desserts,6.5,2.5,M,19,Tripoli,178,13,1,2024,Saturday,6.5,4.0,16–25
693,2024-11-11,8,309,1,C028,Hamra,Chocolate Milkshake,Shakes,5.5,1.8,M,18,Tripoli,4412,11,11,2024,Monday,5.5,3.7,16–25
1698,2024-11-08,13,701,3,C068,Hamra,Nutella Crepe,Desserts,5.5,1.8,F,21,Beirut,4375,8,11,2024,Friday,16.5,11.100000000000001,16–25
4810,2024-02-05,8,502,2,C193,Hamra,Chicken Sub Sandwich,Sandwiches,7.0,3.0,M,48,Byblos,492,5,2,2024,Monday,14.0,8.0,36–50
2878,2024-06-21,10,106,1,C114,Hamra,Cappuccino,Coffee,3.5,0.7,F,50,Byblos,2412,21,6,2024,Friday,3.5,2.8,36–50
4288,2024-01-20,18,410,1,C173,Hamra,Hummus,Appetizers,4.0,1.2,F,31,Tripoli,278,20,1,2024,Saturday,4.0,2.8,26–35
1441,2024-11-16,13,506,1,C058,Hamra,Steak Sandwich,Sandwiches,9.0,4.0,F,22,Tripoli,4487,16,11,2024,Saturday,9.0,5.0,16–25
4343,2024-09-20,10,101,1,C175,Hamra,Espresso,Coffee,2.5,0.5,F,39,Saida,3686,20,9,2024,Friday,2.5,2.0,36–50
4852,2024-05-21,13,604,2,C194,Hamra,Tabbouleh,Salads,5.5,2.0,F,18,Jounieh,1981,21,5,2024,Tuesday,11.0,7.0,16–25
4465,2024-05-22,13,411,2,C180,Hamra,Mutabbal,Appetizers,4.2,1.2,M,20,Jounieh,1995,22,5,2024,Wednesday,8.4,6.0,16–25
4098,2024-04-01,7,202,1,C164,Hamra,Mint Tea,Tea,2.2,0.5,F,53,Batroun,1275,1,4,2024,Monday,2.2,1.7000000000000002,50+
3215,2024-12-19,12,502,3,C129,Hamra,Chicken Sub Sandwich,Sandwiches,7.0,3.0,F,58,Byblos,4948,19,12,2024,Thursday,21.0,12.0,50+
952,2024-11-17,15,201,1,C039,Hamra,Tea,Tea,2.0,0.4,M,49,Batroun,4503,17,11,2024,Sunday,2.0,1.6,36–50
2679,2024-10-14,8,202,1,C106,Hamra,Mint Tea,Tea,2.2,0.5,F,59,Tripoli,4020,14,10,2024,Monday,2.2,1.7000000000000002,50+
15,2024-08-02,20,506,2,C001,Hamra,Steak Sandwich,Sandwiches,9.0,4.0,F,18,Zahle,3010,2,8,2024,Friday,18.0,10.0,16–25
1884,2024-12-07,9,703,1,C075,Hamra,Ashta W Banane,Cocktails Specials,7.0,2.5,M,58,Saida,4777,7,12,2024,Saturday,7.0,4.5,50+
2202,2024-02-20,16,503,2,C088,Hamra,BBQ Chicken Sandwich,Sandwiches,7.5,3.2,F,56,Beirut,710,20,2,2024,Tuesday,15.0,8.6,50+
3568,2024-06-01,11,107,3,C142,Hamra,Mocha,Coffee,4.5,0.9,F,44,Batroun,2133,1,6,2024,Saturday,13.5,10.8,36–50
4960,2024-07-04,15,201,1,C199,Hamra,Tea,Tea,2.0,0.4,M,46,Jounieh,2599,4,7,2024,Thursday,2.0,1.6,36–50
3790,2024-03-03,10,411,1,C151,Hamra,Mutabbal,Appetizers,4.2,1.2,M,21,Saida,872,3,3,2024,Sunday,4.2,3.0,16–25
4257,2024-07-08,7,705,1,C171,Hamra,Ice Cream 2 Scoops,Desserts,4.0,1.2,M,27,Byblos,2647,8,7,2024,Monday,4.0,2.8,26–35
3771,2024-05-04,10,406,1,C150,Hamra,Kaak with Cheese,Bakery,3.5,0.8,M,46,Zahle,1740,4,5,2024,Saturday,3.5,2.7,36–50
1476,2024-05-29,12,408,1,C060,Hamra,Fries,Appetizers,3.0,0.7,F,22,Zahle,2092,29,5,2024,Wednesday,3.0,2.3,16–25
3894,2024-11-09,11,203,1,C155,Hamra,Green Tea,Tea,2.2,0.5,M,24,Byblos,4387,9,11,2024,Saturday,2.2,1.7000000000000002,16–25
4564,2024-02-27,20,303,2,C184,Hamra,Fresh Orange Juice,Cold Drinks,3.5,1.0,M,25,Batroun,812,27,2,2024,Tuesday,7.0,5.0,16–25
3240,2024-12-07,19,505,1,C130,Hamra,Turkey Sandwich,Sandwiches,5.5,2.2,F,26,Beirut,4787,7,12,2024,Saturday,5.5,3.3,26–35
4181,2024-10-31,7,309,1,C167,Hamra,Chocolate Milkshake,Shakes,5.5,1.8,F,25,Jounieh,4257,31,10,2024,Thursday,5.5,3.7,16–25
4439,2024-06-28,10,109,1,C179,Hamra,Hot Chocolate,Hot Drinks,3.8,0.9,F,43,Zahle,2510,28,6,2024,Friday,3.8,2.9,36–50
2770,2024-06-18,12,406,2,C110,Hamra,Kaak with Cheese,Bakery,3.5,0.8,M,55,Batroun,2372,18,6,2024,Tuesday,7.0,5.4,50+
482,2024-11-21,19,505,1,C019,Hamra,Turkey Sandwich,Sandwiches,5.5,2.2,M,43,Tripoli,4563,21,11,2024,Thursday,5.5,3.3,36–50
1542,2024-09-27,16,110,1,C062,Hamra,Sahlab,Hot Drinks,4.0,1.0,F,50,Tyre,3790,27,9,2024,Friday,4.0,3.0,36–50
1761,2024-02-23,16,102,2,C071,Hamra,Turkish Coffee,Coffee,2.0,0.4,F,29,Byblos,752,23,2,2024,Friday,4.0,3.2,26–35
4866,2024-04-10,20,502,1,C195,Hamra,Chicken Sub Sandwich,Sandwiches,7.0,3.0,M,26,Saida,1414,10,4,2024,Wednesday,7.0,4.0,26–35
4777,2024-09-20,10,205,1,C191,Hamra,Mate,Tea,2.5,0.5,M,60,Byblos,3686,20,9,2024,Friday,2.5,2.0,50+
2789,2024-02-22,20,103,2,C111,Hamra,Blonde Coffee,Coffee,2.2,0.5,M,40,Zahle,742,22,2,2024,Thursday,4.4,3.4000000000000004,36–50
3298,2024-02-29,15,601,1,C133,Hamra,Chicken Caesar Salad,Salads,7.5,3.2,M,41,Beirut,835,29,2,2024,Thursday,7.5,4.3,36–50
1793,2024-04-17,11,406,3,C072,Hamra,Kaak with Cheese,Bakery,3.5,0.8,F,59,Jounieh,1503,17,4,2024,Wednesday,10.5,8.100000000000001,50+
1942,2024-01-05,14,106,1,C078,Hamra,Cappuccino,Coffee,3.5,0.7,M,23,Beirut,64,5,1,2024,Friday,3.5,2.8,16–25
4718,2024-04-12,15,103,1,C189,Hamra,Blonde Coffee,Coffee,2.2,0.5,F,43,Tripoli,1437,12,4,2024,Friday,2.2,1.7000000000000002,36–50
2507,2024-07-14,16,201,2,C100,Hamra,Tea,Tea,2.0,0.4,F,29,Byblos,2740,14,7,2024,Sunday,4.0,3.2,26–35
1779,2024-09-18,11,205,1,C071,Hamra,Mate,Tea,2.5,0.5,F,29,Byblos,3659,18,9,2024,Wednesday,2.5,2.0,26–35
167,2024-12-30,12,603,2,C007,Hamra,Fattoush,Salads,5.5,2.0,M,24,Batroun,5102,30,12,2024,Monday,11.0,7.0,16–25
1237,2024-12-15,7,705,2,C050,Hamra,Ice Cream 2 Scoops,Desserts,4.0,1.2,M,38,Jounieh,4887,15,12,2024,Sunday,8.0,5.6,36–50
1110,2024-02-16,17,403,2,C046,Hamra,Cheese Manoushe,Manakish,4.5,0.8,F,60,Saida,655,16,2,2024,Friday,9.0,7.4,50+
1809,2024-12-20,18,110,3,C072,Hamra,Sahlab,Hot Drinks,4.0,1.0,F,59,Jounieh,4968,20,12,2024,Friday,12.0,9.0,50+
1906,2024-11-06,13,502,1,C076,Hamra,Chicken Sub Sandwich,Sandwiches,7.0,3.0,M,40,Saida,4347,6,11,2024,Wednesday,7.0,4.0,36–50
1857,2024-11-03,10,605,2,C074,Hamra,Halloumi Salad,Salads,6.8,2.9,M,29,Saida,4302,3,11,2024,Sunday,13.6,7.8,26–35
3565,2024-05-23,17,703,1,C142,Hamra,Ashta W Banane,Cocktails Specials,7.0,2.5,F,44,Batroun,2013,23,5,2024,Thursday,7.0,4.5,36–50
1824,2024-09-25,8,703,1,C073,Hamra,Ashta W Banane,Cocktails Specials,7.0,2.5,F,54,Saida,3754,25,9,2024,Wednesday,7.0,4.5,50+
2561,2024-05-03,11,107,2,C102,Hamra,Mocha,Coffee,4.5,0.9,M,29,Tripoli,1727,3,5,2024,Friday,9.0,7.2,26–35
2343,2024-04-15,18,205,1,C094,Hamra,Mate,Tea,2.5,0.5,M,40,Tripoli,1482,15,4,2024,Monday,2.5,2.0,36–50
1714,2024-06-06,9,303,1,C069,Hamra,Fresh Orange Juice,Cold Drinks,3.5,1.0,F,56,Zahle,2201,6,6,2024,Thursday,3.5,2.5,50+
1612,2024-05-26,12,303,1,C065,Hamra,Fresh Orange Juice,Cold Drinks,3.5,1.0,F,42,Saida,2050,26,5,2024,Sunday,3.5,2.5,36–50
4820,2024-05-24,14,705,1,C193,Hamra,Ice Cream 2 Scoops,Desserts,4.0,1.2,M,48,Byblos,2024,24,5,2024,Friday,4.0,2.8,36–50
4592,2024-04-29,13,505,3,C185,Hamra,Turkey Sandwich,Sandwiches,5.5,2.2,M,39,Saida,1673,29,4,2024,Monday,16.5,9.899999999999999,36–50
1546,2024-11-14,9,309,1,C062,Hamra,Chocolate Milkshake,Shakes,5.5,1.8,F,50,Tyre,4455,14,11,2024,Thursday,5.5,3.7,36–50
503,2024-10-01,14,102,1,C020,Hamra,Turkish Coffee,Coffee,2.0,0.4,M,55,Tyre,3844,1,10,2024,Tuesday,2.0,1.6,50+
3863,2024-04-01,8,504,2,C154,Hamra,Halloumi Sandwich,Sandwiches,6.0,2.0,F,25,Tripoli,1276,1,4,2024,Monday,12.0,8.0,16–25
1059,2024-02-27,16,305,1,C044,Hamra,Avocado Shake Cocktails,Shakes,6.0,2.2,F,20,Zahle,808,27,2,2024,Tuesday,6.0,3.8,16–25
4879,2024-12-11,15,409,1,C195,Hamra,Pita Chips,Appetizers,2.5,0.6,M,26,Saida,4839,11,12,2024,Wednesday,2.5,1.9,26–35
4941,2024-08-16,10,601,1,C198,Hamra,Chicken Caesar Salad,Salads,7.5,3.2,F,29,Tyre,3196,16,8,2024,Friday,7.5,4.3,26–35
1530,2024-04-26,7,401,1,C062,Hamra,Croissant,Bakery,3.0,0.8,F,50,Tyre,1625,26,4,2024,Friday,3.0,2.2,36–50
2706,2024-11-13,14,107,1,C107,Hamra,Mocha,Coffee,4.5,0.9,M,18,Tyre,4446,13,11,2024,Wednesday,4.5,3.6,16–25
3135,2024-10-05,13,502,2,C125,Hamra,Chicken Sub Sandwich,Sandwiches,7.0,3.0,F,37,Batroun,3899,5,10,2024,Saturday,14.0,8.0,36–50
1093,2024-05-06,17,405,1,C045,Hamra,Lahm Baajin,Manakish,5.0,1.2,F,48,Tyre,1775,6,5,2024,Monday,5.0,3.8,36–50
254,2024-05-08,19,506,3,C011,Hamra,Steak Sandwich,Sandwiches,9.0,4.0,M,23,Batroun,1805,8,5,2024,Wednesday,27.0,15.0,16–25
4977,2024-02-27,11,105,2,C200,Hamra,Café Latte,Coffee,4.0,0.8,M,40,Byblos,803,27,2,2024,Tuesday,8.0,6.4,36–50
4049,2024-05-01,16,201,1,C162,Hamra,Tea,Tea,2.0,0.4,F,37,Saida,1704,1,5,2024,Wednesday,2.0,1.6,36–50
2196,2024-01-01,19,101,1,C088,Hamra,Espresso,Coffee,2.5,0.5,F,56,Beirut,13,1,1,2024,Monday,2.5,2.0,50+
1128,2024-08-26,11,409,1,C046,Hamra,Pita Chips,Appetizers,2.5,0.6,F,60,Saida,3337,26,8,2024,Monday,2.5,1.9,50+
2835,2024-10-16,13,101,1,C112,Hamra,Espresso,Coffee,2.5,0.5,F,46,Tripoli,4053,16,10,2024,Wednesday,2.5,2.0,36–50
2024,2024-04-05,11,304,3,C081,Hamra,Carrot Juice,Cold Drinks,3.5,1.0,M,55,Tripoli,1335,5,4,2024,Friday,10.5,7.5,50+
774,2024-05-05,14,102,1,C032,Hamra,Turkish Coffee,Coffee,2.0,0.4,M,49,Beirut,1758,5,5,2024,Sunday,2.0,1.6,36–50
2456,2024-04-27,17,306,1,C098,Hamra,Mango Cocktail,Cocktails,6.0,2.2,M,33,Tripoli,1649,27,4,2024,Saturday,6.0,3.8,26–35
102,2024-02-17,19,305,1,C005,Hamra,Avocado Shake Cocktails,Shakes,6.0,2.2,M,33,Beirut,671,17,2,2024,Saturday,6.0,3.8,26–35
4764,2024-03-29,12,308,1,C191,Hamra,Banane Avocat,Cocktails,6.5,2.5,M,60,Byblos,1238,29,3,2024,Friday,6.5,4.0,50+
710,2024-08-24,19,306,1,C029,Hamra,Mango Cocktail,Cocktails,6.0,2.2,F,24,Tripoli,3317,24,8,2024,Saturday,6.0,3.8,16–25
1187,2024-09-28,11,309,1,C048,Hamra,Chocolate Milkshake,Shakes,5.5,1.8,F,39,Zahle,3799,28,9,2024,Saturday,5.5,3.7,36–50
382,2024-07-07,15,104,1,C016,Hamra,Americano,Coffee,3.0,0.6,M,50,Zahle,2641,7,7,2024,Sunday,3.0,2.4,36–50
3841,2024-07-10,17,202,1,C153,Hamra,Mint Tea,Tea,2.2,0.5,M,41,Jounieh,2685,10,7,2024,Wednesday,2.2,1.7000000000000002,36–50
1791,2024-03-09,8,307,1,C072,Hamra,Strawberry Cocktail,Cocktails,6.0,2.0,F,59,Jounieh,954,9,3,2024,Saturday,6.0,4.0,50+
713,2024-10-04,7,305,2,C029,Hamra,Avocado Shake Cocktails,Shakes,6.0,2.2,F,24,Tripoli,3879,4,10,2024,Friday,12.0,7.6,16–25
4486,2024-12-14,14,303,1,C180,Hamra,Fresh Orange Juice,Cold Drinks,3.5,1.0,M,20,Jounieh,4880,14,12,2024,Saturday,3.5,2.5,16–25
1130,2024-09-03,18,101,1,C046,Hamra,Espresso,Coffee,2.5,0.5,F,60,Saida,3456,3,9,2024,Tuesday,2.5,2.0,50+
3833,2024-03-16,9,405,1,C153,Hamra,Lahm Baajin,Manakish,5.0,1.2,M,41,Jounieh,1053,16,3,2024,Saturday,5.0,3.8,36–50
565,2024-06-02,20,408,1,C023,Hamra,Fries,Appetizers,3.0,0.7,M,18,Saida,2156,2,6,2024,Sunday,3.0,2.3,16–25
4052,2024-05-23,17,309,3,C162,Hamra,Chocolate Milkshake,Shakes,5.5,1.8,F,37,Saida,2013,23,5,2024,Thursday,16.5,11.100000000000001,36–50
4865,2024-03-26,18,204,1,C195,Hamra,Chamomile Tea,Tea,2.5,0.5,M,26,Saida,1202,26,3,2024,Tuesday,2.5,2.0,26–35
2347,2024-07-03,18,411,1,C094,Hamra,Mutabbal,Appetizers,4.2,1.2,M,40,Tripoli,2588,3,7,2024,Wednesday,4.2,3.0,36–50
2886,2024-10-11,18,105,2,C114,Hamra,Café Latte,Coffee,4.0,0.8,F,50,Byblos,3988,11,10,2024,Friday,8.0,6.4,36–50
825,2024-08-07,13,201,2,C034,Hamra,Tea,Tea,2.0,0.4,F,50,Byblos,3073,7,8,2024,Wednesday,4.0,3.2,36–50
3994,2024-03-09,16,309,1,C160,Hamra,Chocolate Milkshake,Shakes,5.5,1.8,M,20,Beirut,962,9,3,2024,Saturday,5.5,3.7,16–25
2942,2024-02-16,19,406,1,C117,Hamra,Kaak with Cheese,Bakery,3.5,0.8,F,49,Zahle,657,16,2,2024,Friday,3.5,2.7,36–50
700,2024-04-03,17,203,2,C029,Hamra,Green Tea,Tea,2.2,0.5,F,24,Tripoli,1313,3,4,2024,Wednesday,4.4,3.4000000000000004,16–25
205,2024-08-25,14,301,1,C009,Hamra,Lemonade,Cold Drinks,3.0,0.8,M,21,Beirut,3326,25,8,2024,Sunday,3.0,2.2,16–25
4858,2024-07-22,19,309,2,C194,Hamra,Chocolate Milkshake,Shakes,5.5,1.8,F,18,Jounieh,2855,22,7,2024,Monday,11.0,7.4,16–25
4600,2024-08-05,19,203,2,C185,Hamra,Green Tea,Tea,2.2,0.5,M,39,Saida,3051,5,8,2024,Monday,4.4,3.4000000000000004,36–50
955,2024-12-06,12,309,2,C039,Hamra,Chocolate Milkshake,Shakes,5.5,1.8,M,49,Batroun,4766,6,12,2024,Friday,11.0,7.4,36–50
3360,2024-02-08,18,401,1,C135,Hamra,Croissant,Bakery,3.0,0.8,F,20,Byblos,544,8,2,2024,Thursday,3.0,2.2,16–25
2765,2024-04-09,16,102,2,C110,Hamra,Turkish Coffee,Coffee,2.0,0.4,M,55,Batroun,1396,9,4,2024,Tuesday,4.0,3.2,50+
1725,2024-10-15,20,301,1,C069,Hamra,Lemonade,Cold Drinks,3.0,0.8,F,56,Zahle,4046,15,10,2024,Tuesday,3.0,2.2,50+
3406,2024-09-10,15,502,2,C136,Hamra,Chicken Sub Sandwich,Sandwiches,7.0,3.0,M,42,Saida,3551,10,9,2024,Tuesday,14.0,8.0,36–50
2410,2024-08-09,13,604,1,C096,Hamra,Tabbouleh,Salads,5.5,2.0,M,46,Zahle,3101,9,8,2024,Friday,5.5,3.5,36–50
3006,2024-12-22,16,101,1,C119,Hamra,Espresso,Coffee,2.5,0.5,F,42,Tyre,4994,22,12,2024,Sunday,2.5,2.0,36–50
2959,2024-01-23,11,702,1,C118,Hamra,Lotus Crepe,Desserts,5.8,1.9,F,48,Jounieh,313,23,1,2024,Tuesday,5.8,3.9,36–50
446,2024-09-06,14,201,1,C018,Hamra,Tea,Tea,2.0,0.4,M,19,Tripoli,3494,6,9,2024,Friday,2.0,1.6,16–25
2553,2024-01-10,8,704,1,C102,Hamra,Mafroukeh Dessert,Desserts,6.5,2.5,M,29,Tripoli,128,10,1,2024,Wednesday,6.5,4.0,26–35
2776,2024-09-02,13,410,3,C110,Hamra,Hummus,Appetizers,4.0,1.2,M,55,Batroun,3437,2,9,2024,Monday,12.0,8.399999999999999,50+
2060,2024-11-20,10,601,1,C082,Hamra,Chicken Caesar Salad,Salads,7.5,3.2,M,37,Tripoli,4540,20,11,2024,Wednesday,7.5,4.3,36–50
4384,2024-04-09,15,404,2,C177,Hamra,Keshek Manoushe,Manakish,4.0,0.7,M,23,Saida,1395,9,4,2024,Tuesday,8.0,6.6,16–25
2656,2024-10-16,18,501,1,C105,Hamra,Shish Tawouk Sandwich,Sandwiches,6.5,2.5,F,27,Tripoli,4058,16,10,2024,Wednesday,6.5,4.0,26–35
381,2024-06-28,7,302,1,C016,Hamra,Lemonade Mint,Cold Drinks,3.5,1.0,M,50,Zahle,2507,28,6,2024,Friday,3.5,2.5,36–50
520,2024-08-10,13,503,1,C021,Hamra,BBQ Chicken Sandwich,Sandwiches,7.5,3.2,F,58,Batroun,3115,10,8,2024,Saturday,7.5,4.3,50+
3466,2024-09-06,12,506,1,C138,Hamra,Steak Sandwich,Sandwiches,9.0,4.0,F,55,Tyre,3492,6,9,2024,Friday,9.0,5.0,50+
2669,2024-05-26,14,403,3,C106,Hamra,Cheese Manoushe,Manakish,4.5,0.8,F,59,Tripoli,2052,26,5,2024,Sunday,13.5,11.100000000000001,50+
3273,2024-04-05,11,404,1,C132,Hamra,Keshek Manoushe,Manakish,4.0,0.7,M,33,Tyre,1335,5,4,2024,Friday,4.0,3.3,26–35
1077,2024-09-13,7,601,1,C044,Hamra,Chicken Caesar Salad,Salads,7.5,3.2,F,20,Zahle,3585,13,9,2024,Friday,7.5,4.3,16–25
3091,2024-11-20,7,103,1,C123,Hamra,Blonde Coffee,Coffee,2.2,0.5,F,27,Saida,4537,20,11,2024,Wednesday,2.2,1.7000000000000002,26–35
3383,2024-01-04,15,705,3,C136,Hamra,Ice Cream 2 Scoops,Desserts,4.0,1.2,M,42,Saida,51,4,1,2024,Thursday,12.0,8.399999999999999,36–50
2788,2024-01-16,16,110,1,C111,Hamra,Sahlab,Hot Drinks,4.0,1.0,M,40,Zahle,220,16,1,2024,Tuesday,4.0,3.0,36–50
2949,2024-10-06,12,506,1,C117,Hamra,Steak Sandwich,Sandwiches,9.0,4.0,F,49,Zahle,3912,6,10,2024,Sunday,9.0,5.0,36–50
3159,2024-12-01,16,204,1,C126,Hamra,Chamomile Tea,Tea,2.5,0.5,M,59,Jounieh,4700,1,12,2024,Sunday,2.5,2.0,50+
4549,2024-09-03,11,202,1,C183,Hamra,Mint Tea,Tea,2.2,0.5,M,23,Saida,3449,3,9,2024,Tuesday,2.2,1.7000000000000002,16–25
478,2024-09-14,7,605,1,C019,Hamra,Halloumi Salad,Salads,6.8,2.9,M,43,Tripoli,3599,14,9,2024,Saturday,6.8,3.9,36–50
1594,2024-06-08,12,506,2,C064,Hamra,Steak Sandwich,Sandwiches,9.0,4.0,M,26,Jounieh,2232,8,6,2024,Saturday,18.0,10.0,26–35
976,2024-12-05,12,405,1,C040,Hamra,Lahm Baajin,Manakish,5.0,1.2,F,26,Beirut,4752,5,12,2024,Thursday,5.0,3.8,26–35
1247,2024-05-31,9,407,1,C051,Hamra,Cheese Rolls,Appetizers,4.5,1.0,F,48,Tripoli,2117,31,5,2024,Friday,4.5,3.5,36–50
3427,2024-06-26,19,407,1,C137,Hamra,Cheese Rolls,Appetizers,4.5,1.0,F,30,Saida,2491,26,6,2024,Wednesday,4.5,3.5,26–35
3961,2024-06-11,14,506,1,C158,Hamra,Steak Sandwich,Sandwiches,9.0,4.0,F,26,Batroun,2276,11,6,2024,Tuesday,9.0,5.0,26–35
1377,2024-02-02,20,407,1,C056,Hamra,Cheese Rolls,Appetizers,4.5,1.0,F,26,Batroun,462,2,2,2024,Friday,4.5,3.5,26–35
2033,2024-06-27,7,401,3,C081,Hamra,Croissant,Bakery,3.0,0.8,M,55,Tripoli,2493,27,6,2024,Thursday,9.0,6.6000000000000005,50+
4267,2024-04-10,7,704,2,C172,Hamra,Mafroukeh Dessert,Desserts,6.5,2.5,F,21,Zahle,1401,10,4,2024,Wednesday,13.0,8.0,16–25
4672,2024-09-24,12,101,2,C187,Hamra,Espresso,Coffee,2.5,0.5,F,18,Tyre,3744,24,9,2024,Tuesday,5.0,4.0,16–25
3609,2024-11-18,16,506,2,C143,Hamra,Steak Sandwich,Sandwiches,9.0,4.0,M,36,Saida,4518,18,11,2024,Monday,18.0,10.0,36–50
4885,2024-03-05,19,102,1,C196,Hamra,Turkish Coffee,Coffee,2.0,0.4,F,44,Zahle,909,5,3,2024,Tuesday,2.0,1.6,36–50
1739,2024-06-16,7,302,1,C070,Hamra,Lemonade Mint,Cold Drinks,3.5,1.0,F,27,Byblos,2339,16,6,2024,Sunday,3.5,2.5,26–35
3194,2024-11-25,12,405,1,C128,Hamra,Lahm Baajin,Manakish,5.0,1.2,M,36,Batroun,4612,25,11,2024,Monday,5.0,3.8,36–50
3141,2024-02-12,7,503,1,C126,Hamra,BBQ Chicken Sandwich,Sandwiches,7.5,3.2,M,59,Jounieh,589,12,2,2024,Monday,7.5,4.3,50+
1497,2024-02-13,20,107,1,C061,Hamra,Mocha,Coffee,4.5,0.9,F,34,Zahle,616,13,2,2024,Tuesday,4.5,3.6,26–35
2009,2024-10-11,19,705,1,C080,Hamra,Ice Cream 2 Scoops,Desserts,4.0,1.2,F,40,Saida,3989,11,10,2024,Friday,4.0,2.8,36–50
3034,2024-01-12,12,402,1,C121,Hamra,Zaatar Manoushe,Manakish,3.5,0.5,F,53,Batroun,160,12,1,2024,Friday,3.5,3.0,50+
2530,2024-04-04,9,109,2,C101,Hamra,Hot Chocolate,Hot Drinks,3.8,0.9,M,44,Byblos,1319,4,4,2024,Thursday,7.6,5.8,36–50
3802,2024-10-28,20,307,2,C151,Hamra,Strawberry Cocktail,Cocktails,6.0,2.0,M,21,Saida,4228,28,10,2024,Monday,12.0,8.0,16–25
1933,2024-09-09,20,409,3,C077,Hamra,Pita Chips,Appetizers,2.5,0.6,M,30,Zahle,3542,9,9,2024,Monday,7.5,5.699999999999999,26–35
4341,2024-08-29,14,604,1,C175,Hamra,Tabbouleh,Salads,5.5,2.0,F,39,Saida,3382,29,8,2024,Thursday,5.5,3.5,36–50
3651,2024-02-04,19,702,1,C145,Hamra,Lotus Crepe,Desserts,5.8,1.9,F,55,Saida,489,4,2,2024,Sunday,5.8,3.9,50+
4598,2024-08-02,12,101,1,C185,Hamra,Espresso,Coffee,2.5,0.5,M,39,Saida,3002,2,8,2024,Friday,2.5,2.0,36–50
3160,2024-12-02,19,109,1,C126,Hamra,Hot Chocolate,Hot Drinks,3.8,0.9,M,59,Jounieh,4717,2,12,2024,Monday,3.8,2.9,50+
4511,2024-03-30,17,305,1,C182,Hamra,Avocado Shake Cocktails,Shakes,6.0,2.2,F,55,Zahle,1257,30,3,2024,Saturday,6.0,3.8,50+
4479,2024-09-20,19,706,1,C180,Hamra,Honey Pancakes,Desserts,4.5,1.5,M,20,Jounieh,3695,20,9,2024,Friday,4.5,3.0,16–25
534,2024-04-02,7,304,1,C022,Hamra,Carrot Juice,Cold Drinks,3.5,1.0,F,32,Tyre,1289,2,4,2024,Tuesday,3.5,2.5,26–35
2066,2024-03-30,11,411,1,C083,Hamra,Mutabbal,Appetizers,4.2,1.2,M,47,Byblos,1251,30,3,2024,Saturday,4.2,3.0,36–50
4165,2024-04-24,14,504,1,C167,Hamra,Halloumi Sandwich,Sandwiches,6.0,2.0,F,25,Jounieh,1604,24,4,2024,Wednesday,6.0,4.0,16–25
3542,2024-04-14,9,603,1,C141,Hamra,Fattoush,Salads,5.5,2.0,F,21,Jounieh,1459,14,4,2024,Sunday,5.5,3.5,16–25
1955,2024-07-14,18,104,1,C078,Hamra,Americano,Coffee,3.0,0.6,M,23,Beirut,2742,14,7,2024,Sunday,3.0,2.4,16–25
2382,2024-11-09,12,109,1,C095,Hamra,Hot Chocolate,Hot Drinks,3.8,0.9,M,40,Zahle,4388,9,11,2024,Saturday,3.8,2.9,36–50
2743,2024-04-23,11,505,1,C109,Hamra,Turkey Sandwich,Sandwiches,5.5,2.2,M,29,Jounieh,1587,23,4,2024,Tuesday,5.5,3.3,26–35
4846,2024-03-15,12,307,1,C194,Hamra,Strawberry Cocktail,Cocktails,6.0,2.0,F,18,Jounieh,1042,15,3,2024,Friday,6.0,4.0,16–25
2774,2024-08-04,16,303,1,C110,Hamra,Fresh Orange Juice,Cold Drinks,3.5,1.0,M,55,Batroun,3034,4,8,2024,Sunday,3.5,2.5,50+
1281,2024-10-03,7,202,2,C052,Hamra,Mint Tea,Tea,2.2,0.5,F,28,Jounieh,3865,3,10,2024,Thursday,4.4,3.4000000000000004,26–35
2602,2024-09-05,13,506,2,C103,Hamra,Steak Sandwich,Sandwiches,9.0,4.0,M,21,Byblos,3479,5,9,2024,Thursday,18.0,10.0,16–25
2540,2024-06-12,15,601,1,C101,Hamra,Chicken Caesar Salad,Salads,7.5,3.2,M,44,Byblos,2291,12,6,2024,Wednesday,7.5,4.3,36–50
3583,2024-12-22,8,503,1,C142,Hamra,BBQ Chicken Sandwich,Sandwiches,7.5,3.2,F,44,Batroun,4986,22,12,2024,Sunday,7.5,4.3,36–50
1567,2024-07-10,16,109,1,C063,Hamra,Hot Chocolate,Hot Drinks,3.8,0.9,F,32,Byblos,2684,10,7,2024,Wednesday,3.8,2.9,26–35
4962,2024-08-14,11,106,1,C199,Hamra,Cappuccino,Coffee,3.5,0.7,M,46,Jounieh,3169,14,8,2024,Wednesday,3.5,2.8,36–50
684,2024-06-25,16,304,1,C028,Hamra,Carrot Juice,Cold Drinks,3.5,1.0,M,18,Tripoli,2474,25,6,2024,Tuesday,3.5,2.5,16–25
1112,2024-04-08,10,701,1,C046,Hamra,Nutella Crepe,Desserts,5.5,1.8,F,60,Saida,1376,8,4,2024,Monday,5.5,3.7,50+
672,2024-02-05,12,605,1,C028,Hamra,Halloumi Salad,Salads,6.8,2.9,M,18,Tripoli,496,5,2,2024,Monday,6.8,3.9,16–25
32,2024-04-05,12,107,1,C002,Hamra,Mocha,Coffee,4.5,0.9,F,37,Zahle,1336,5,4,2024,Friday,4.5,3.6,36–50
3170,2024-05-31,17,301,2,C127,Hamra,Lemonade,Cold Drinks,3.0,0.8,M,30,Tripoli,2125,31,5,2024,Friday,6.0,4.4,26–35
410,2024-05-30,8,105,1,C017,Hamra,Café Latte,Coffee,4.0,0.8,M,34,Byblos,2102,30,5,2024,Thursday,4.0,3.2,26–35
1455,2024-07-08,8,301,2,C059,Hamra,Lemonade,Cold Drinks,3.0,0.8,F,31,Jounieh,2648,8,7,2024,Monday,6.0,4.4,26–35
4473,2024-08-11,10,101,1,C180,Hamra,Espresso,Coffee,2.5,0.5,M,20,Jounieh,3126,11,8,2024,Sunday,2.5,2.0,16–25
3269,2024-02-06,7,704,1,C132,Hamra,Mafroukeh Dessert,Desserts,6.5,2.5,M,33,Tyre,505,6,2,2024,Tuesday,6.5,4.0,26–35
1935,2024-09-24,15,501,3,C077,Hamra,Shish Tawouk Sandwich,Sandwiches,6.5,2.5,M,30,Zahle,3747,24,9,2024,Tuesday,19.5,12.0,26–35
3255,2024-07-01,20,503,3,C131,Hamra,BBQ Chicken Sandwich,Sandwiches,7.5,3.2,F,59,Byblos,2562,1,7,2024,Monday,22.5,12.899999999999999,50+
2893,2024-01-13,20,304,1,C115,Hamra,Carrot Juice,Cold Drinks,3.5,1.0,F,36,Byblos,182,13,1,2024,Saturday,3.5,2.5,36–50
4128,2024-10-05,19,501,1,C165,Hamra,Shish Tawouk Sandwich,Sandwiches,6.5,2.5,M,44,Batroun,3905,5,10,2024,Saturday,6.5,4.0,36–50
2435,2024-08-04,13,302,1,C097,Hamra,Lemonade Mint,Cold Drinks,3.5,1.0,M,45,Batroun,3031,4,8,2024,Sunday,3.5,2.5,36–50
2659,2024-12-20,18,401,1,C105,Hamra,Croissant,Bakery,3.0,0.8,F,27,Tripoli,4968,20,12,2024,Friday,3.0,2.2,26–35
604,2024-12-26,13,307,2,C024,Hamra,Strawberry Cocktail,Cocktails,6.0,2.0,M,18,Tripoli,5047,26,12,2024,Thursday,12.0,8.0,16–25
4984,2024-10-12,9,108,3,C200,Hamra,Caramel Latte,Coffee,4.8,1.0,M,40,Byblos,3993,12,10,2024,Saturday,14.399999999999999,11.399999999999999,36–50
847,2024-09-29,17,408,1,C035,Hamra,Fries,Appetizers,3.0,0.7,M,33,Byblos,3819,29,9,2024,Sunday,3.0,2.3,26–35
31,2024-03-02,18,102,1,C002,Hamra,Turkish Coffee,Coffee,2.0,0.4,F,37,Zahle,866,2,3,2024,Saturday,2.0,1.6,36–50
791,2024-03-24,9,405,1,C033,Hamra,Lahm Baajin,Manakish,5.0,1.2,M,33,Batroun,1165,24,3,2024,Sunday,5.0,3.8,26–35
1899,2024-08-04,7,605,1,C076,Hamra,Halloumi Salad,Salads,6.8,2.9,M,40,Saida,3025,4,8,2024,Sunday,6.8,3.9,36–50
2168,2024-12-07,9,305,3,C086,Hamra,Avocado Shake Cocktails,Shakes,6.0,2.2,M,33,Tripoli,4777,7,12,2024,Saturday,18.0,11.399999999999999,26–35
3458,2024-07-05,9,303,2,C138,Hamra,Fresh Orange Juice,Cold Drinks,3.5,1.0,F,55,Tyre,2607,5,7,2024,Friday,7.0,5.0,50+
2015,2024-01-19,10,601,1,C081,Hamra,Chicken Caesar Salad,Salads,7.5,3.2,M,55,Tripoli,256,19,1,2024,Friday,7.5,4.3,50+
1533,2024-06-25,10,110,1,C062,Hamra,Sahlab,Hot Drinks,4.0,1.0,F,50,Tyre,2468,25,6,2024,Tuesday,4.0,3.0,36–50
1042,2024-04-09,9,309,1,C043,Hamra,Chocolate Milkshake,Shakes,5.5,1.8,M,42,Tyre,1389,9,4,2024,Tuesday,5.5,3.7,36–50
4914,2024-08-20,16,104,1,C197,Hamra,Americano,Coffee,3.0,0.6,M,57,Zahle,3258,20,8,2024,Tuesday,3.0,2.4,50+
3040,2024-03-16,18,501,2,C121,Hamra,Shish Tawouk Sandwich,Sandwiches,6.5,2.5,F,53,Batroun,1062,16,3,2024,Saturday,13.0,8.0,50+
1459,2024-09-21,14,104,1,C059,Hamra,Americano,Coffee,3.0,0.6,F,31,Jounieh,3704,21,9,2024,Saturday,3.0,2.4,26–35
210,2024-10-10,14,203,1,C009,Hamra,Green Tea,Tea,2.2,0.5,M,21,Beirut,3970,10,10,2024,Thursday,2.2,1.7000000000000002,16–25
1929,2024-07-24,19,310,1,C077,Hamra,Strawberry Milkshake,Shakes,5.5,1.8,M,30,Zahle,2883,24,7,2024,Wednesday,5.5,3.7,26–35
4695,2024-08-10,19,203,2,C188,Hamra,Green Tea,Tea,2.2,0.5,M,26,Jounieh,3121,10,8,2024,Saturday,4.4,3.4000000000000004,26–35
1554,2024-02-21,7,303,1,C063,Hamra,Fresh Orange Juice,Cold Drinks,3.5,1.0,F,32,Byblos,715,21,2,2024,Wednesday,3.5,2.5,26–35
1284,2024-12-04,13,309,2,C052,Hamra,Chocolate Milkshake,Shakes,5.5,1.8,F,28,Jounieh,4739,4,12,2024,Wednesday,11.0,7.4,26–35
564,2024-05-23,17,102,2,C023,Hamra,Turkish Coffee,Coffee,2.0,0.4,M,18,Saida,2013,23,5,2024,Thursday,4.0,3.2,16–25
720,2024-03-09,8,701,3,C030,Hamra,Nutella Crepe,Desserts,5.5,1.8,M,23,Saida,954,9,3,2024,Saturday,16.5,11.100000000000001,16–25
4254,2024-04-08,7,408,1,C171,Hamra,Fries,Appetizers,3.0,0.7,M,27,Byblos,1373,8,4,2024,Monday,3.0,2.3,26–35
4883,2024-01-25,9,304,1,C196,Hamra,Carrot Juice,Cold Drinks,3.5,1.0,F,44,Zahle,339,25,1,2024,Thursday,3.5,2.5,36–50
511,2024-02-22,10,109,1,C021,Hamra,Hot Chocolate,Hot Drinks,3.8,0.9,F,58,Batroun,732,22,2,2024,Thursday,3.8,2.9,50+
1047,2024-05-30,19,403,1,C043,Hamra,Cheese Manoushe,Manakish,4.5,0.8,M,42,Tyre,2113,30,5,2024,Thursday,4.5,3.7,36–50
3365,2024-05-23,12,410,1,C135,Hamra,Hummus,Appetizers,4.0,1.2,F,20,Byblos,2008,23,5,2024,Thursday,4.0,2.8,16–25
370,2024-02-26,16,503,1,C016,Hamra,BBQ Chicken Sandwich,Sandwiches,7.5,3.2,M,50,Zahle,794,26,2,2024,Monday,7.5,4.3,36–50
555,2024-02-08,20,110,1,C023,Hamra,Sahlab,Hot Drinks,4.0,1.0,M,18,Saida,546,8,2,2024,Thursday,4.0,3.0,16–25
4628,2024-04-18,11,101,2,C186,Hamra,Espresso,Coffee,2.5,0.5,F,34,Beirut,1517,18,4,2024,Thursday,5.0,4.0,26–35
2185,2024-06-29,20,506,1,C087,Hamra,Steak Sandwich,Sandwiches,9.0,4.0,F,60,Batroun,2534,29,6,2024,Saturday,9.0,5.0,50+
746,2024-02-11,10,306,1,C031,Hamra,Mango Cocktail,Cocktails,6.0,2.2,M,18,Jounieh,578,11,2,2024,Sunday,6.0,3.8,16–25
3047,2024-07-04,14,109,2,C121,Hamra,Hot Chocolate,Hot Drinks,3.8,0.9,F,53,Batroun,2598,4,7,2024,Thursday,7.6,5.8,50+
1716,2024-08-10,17,605,2,C069,Hamra,Halloumi Salad,Salads,6.8,2.9,F,56,Zahle,3119,10,8,2024,Saturday,13.6,7.8,50+
3328,2024-05-01,18,205,2,C134,Hamra,Mate,Tea,2.5,0.5,F,60,Zahle,1706,1,5,2024,Wednesday,5.0,4.0,50+
2901,2024-05-12,20,410,2,C115,Hamra,Hummus,Appetizers,4.0,1.2,F,36,Byblos,1862,12,5,2024,Sunday,8.0,5.6,36–50
4821,2024-06-11,10,105,3,C193,Hamra,Café Latte,Coffee,4.0,0.8,M,48,Byblos,2272,11,6,2024,Tuesday,12.0,9.600000000000001,36–50
1457,2024-08-02,19,505,1,C059,Hamra,Turkey Sandwich,Sandwiches,5.5,2.2,F,31,Jounieh,3009,2,8,2024,Friday,5.5,3.3,26–35
3914,2024-08-08,16,307,1,C156,Hamra,Strawberry Cocktail,Cocktails,6.0,2.0,M,52,Jounieh,3090,8,8,2024,Thursday,6.0,4.0,50+
3690,2024-08-22,18,505,1,C146,Hamra,Turkey Sandwich,Sandwiches,5.5,2.2,M,27,Beirut,3288,22,8,2024,Thursday,5.5,3.3,26–35
1940,2024-11-26,19,308,1,C077,Hamra,Banane Avocat,Cocktails,6.5,2.5,M,30,Zahle,4633,26,11,2024,Tuesday,6.5,4.0,26–35
3456,2024-05-25,8,107,1,C138,Hamra,Mocha,Coffee,4.5,0.9,F,55,Tyre,2032,25,5,2024,Saturday,4.5,3.6,50+
159,2024-08-26,9,308,1,C007,Hamra,Banane Avocat,Cocktails,6.5,2.5,M,24,Batroun,3335,26,8,2024,Monday,6.5,4.0,16–25
888,2024-03-16,12,602,1,C037,Hamra,Greek Salad,Salads,6.5,2.8,M,28,Beirut,1056,16,3,2024,Saturday,6.5,3.7,26–35
4285,2024-01-09,14,310,1,C173,Hamra,Strawberry Milkshake,Shakes,5.5,1.8,F,31,Tripoli,120,9,1,2024,Tuesday,5.5,3.7,26–35
2152,2024-03-14,14,402,1,C086,Hamra,Zaatar Manoushe,Manakish,3.5,0.5,M,33,Tripoli,1030,14,3,2024,Thursday,3.5,3.0,26–35
388,2024-09-09,17,505,3,C016,Hamra,Turkey Sandwich,Sandwiches,5.5,2.2,M,50,Zahle,3539,9,9,2024,Monday,16.5,9.899999999999999,36–50
2928,2024-08-17,15,106,1,C116,Hamra,Cappuccino,Coffee,3.5,0.7,F,48,Jounieh,3215,17,8,2024,Saturday,3.5,2.8,36–50
2958,2024-01-07,13,409,2,C118,Hamra,Pita Chips,Appetizers,2.5,0.6,F,48,Jounieh,91,7,1,2024,Sunday,5.0,3.8,36–50
332,2024-06-22,19,109,1,C014,Hamra,Hot Chocolate,Hot Drinks,3.8,0.9,M,38,Saida,2435,22,6,2024,Saturday,3.8,2.9,36–50
3488,2024-05-20,8,702,3,C139,Hamra,Lotus Crepe,Desserts,5.8,1.9,M,33,Saida,1962,20,5,2024,Monday,17.4,11.7,26–35
2184,2024-06-16,14,408,2,C087,Hamra,Fries,Appetizers,3.0,0.7,F,60,Batroun,2346,16,6,2024,Sunday,6.0,4.6,50+
4054,2024-06-18,13,704,1,C162,Hamra,Mafroukeh Dessert,Desserts,6.5,2.5,F,37,Saida,2373,18,6,2024,Tuesday,6.5,4.0,36–50
4697,2024-10-09,14,106,1,C188,Hamra,Cappuccino,Coffee,3.5,0.7,M,26,Jounieh,3956,9,10,2024,Wednesday,3.5,2.8,26–35
2620,2024-05-01,18,501,1,C104,Hamra,Shish Tawouk Sandwich,Sandwiches,6.5,2.5,F,36,Jounieh,1706,1,5,2024,Wednesday,6.5,4.0,36–50
3549,2024-07-12,9,406,3,C141,Hamra,Kaak with Cheese,Bakery,3.5,0.8,F,21,Jounieh,2705,12,7,2024,Friday,10.5,8.100000000000001,16–25
4158,2024-01-05,13,409,2,C167,Hamra,Pita Chips,Appetizers,2.5,0.6,F,25,Jounieh,63,5,1,2024,Friday,5.0,3.8,16–25
1058,2024-01-29,16,505,2,C044,Hamra,Turkey Sandwich,Sandwiches,5.5,2.2,F,20,Zahle,402,29,1,2024,Monday,11.0,6.6,16–25
683,2024-06-13,19,404,1,C028,Hamra,Keshek Manoushe,Manakish,4.0,0.7,M,18,Tripoli,2309,13,6,2024,Thursday,4.0,3.3,16–25
4203,2024-12-04,15,204,1,C168,Hamra,Chamomile Tea,Tea,2.5,0.5,F,47,Tyre,4741,4,12,2024,Wednesday,2.5,2.0,36–50
376,2024-05-15,9,411,2,C016,Hamra,Mutabbal,Appetizers,4.2,1.2,M,50,Zahle,1893,15,5,2024,Wednesday,8.4,6.0,36–50
1240,2024-12-30,20,411,1,C050,Hamra,Mutabbal,Appetizers,4.2,1.2,M,38,Jounieh,5110,30,12,2024,Monday,4.2,3.0,36–50
2914,2024-11-16,16,706,1,C115,Hamra,Honey Pancakes,Desserts,4.5,1.5,F,36,Byblos,4490,16,11,2024,Saturday,4.5,3.0,36–50
3923,2024-12-07,12,205,1,C156,Hamra,Mate,Tea,2.5,0.5,M,52,Jounieh,4780,7,12,2024,Saturday,2.5,2.0,50+
1686,2024-05-24,8,108,3,C068,Hamra,Caramel Latte,Coffee,4.8,1.0,F,21,Beirut,2018,24,5,2024,Friday,14.399999999999999,11.399999999999999,16–25
2308,2024-11-22,8,401,1,C092,Hamra,Croissant,Bakery,3.0,0.8,F,32,Batroun,4566,22,11,2024,Friday,3.0,2.2,26–35
3049,2024-08-04,11,411,1,C121,Hamra,Mutabbal,Appetizers,4.2,1.2,F,53,Batroun,3029,4,8,2024,Sunday,4.2,3.0,50+
4700,2024-10-27,11,701,1,C188,Hamra,Nutella Crepe,Desserts,5.5,1.8,M,26,Jounieh,4205,27,10,2024,Sunday,5.5,3.7,26–35
3522,2024-05-11,19,306,2,C140,Hamra,Mango Cocktail,Cocktails,6.0,2.2,F,50,Tripoli,1847,11,5,2024,Saturday,12.0,7.6,36–50
389,2024-10-18,13,403,1,C016,Hamra,Cheese Manoushe,Manakish,4.5,0.8,M,50,Zahle,4081,18,10,2024,Friday,4.5,3.7,36–50
1295,2024-03-10,18,104,1,C053,Hamra,Americano,Coffee,3.0,0.6,F,46,Batroun,978,10,3,2024,Sunday,3.0,2.4,36–50
4522,2024-09-08,8,301,1,C182,Hamra,Lemonade,Cold Drinks,3.0,0.8,F,55,Zahle,3516,8,9,2024,Sunday,3.0,2.2,50+
1210,2024-10-01,17,307,2,C049,Hamra,Strawberry Cocktail,Cocktails,6.0,2.0,F,35,Tyre,3847,1,10,2024,Tuesday,12.0,8.0,26–35
4118,2024-12-29,20,202,3,C164,Hamra,Mint Tea,Tea,2.2,0.5,F,53,Batroun,5096,29,12,2024,Sunday,6.6000000000000005,5.1000000000000005,50+
1535,2024-06-30,19,301,2,C062,Hamra,Lemonade,Cold Drinks,3.0,0.8,F,50,Tyre,2547,30,6,2024,Sunday,6.0,4.4,36–50
2098,2024-06-15,13,704,1,C084,Hamra,Mafroukeh Dessert,Desserts,6.5,2.5,M,53,Batroun,2331,15,6,2024,Saturday,6.5,4.0,50+
3862,2024-03-31,11,504,3,C154,Hamra,Halloumi Sandwich,Sandwiches,6.0,2.0,F,25,Tripoli,1265,31,3,2024,Sunday,18.0,12.0,16–25
1390,2024-07-20,20,502,1,C056,Hamra,Chicken Sub Sandwich,Sandwiches,7.0,3.0,F,26,Batroun,2828,20,7,2024,Saturday,7.0,4.0,26–35
3028,2024-12-11,12,506,1,C120,Hamra,Steak Sandwich,Sandwiches,9.0,4.0,F,50,Zahle,4836,11,12,2024,Wednesday,9.0,5.0,36–50
2252,2024-01-19,14,501,1,C090,Hamra,Shish Tawouk Sandwich,Sandwiches,6.5,2.5,F,20,Beirut,260,19,1,2024,Friday,6.5,4.0,16–25
3757,2024-02-08,16,404,1,C150,Hamra,Keshek Manoushe,Manakish,4.0,0.7,M,46,Zahle,542,8,2,2024,Thursday,4.0,3.3,36–50
3012,2024-05-05,19,303,2,C120,Hamra,Fresh Orange Juice,Cold Drinks,3.5,1.0,F,50,Zahle,1763,5,5,2024,Sunday,7.0,5.0,36–50
1815,2024-06-21,20,110,1,C073,Hamra,Sahlab,Hot Drinks,4.0,1.0,F,54,Saida,2422,21,6,2024,Friday,4.0,3.0,50+
1713,2024-05-20,18,506,1,C069,Hamra,Steak Sandwich,Sandwiches,9.0,4.0,F,56,Zahle,1972,20,5,2024,Monday,9.0,5.0,50+
4392,2024-08-29,10,503,1,C177,Hamra,BBQ Chicken Sandwich,Sandwiches,7.5,3.2,M,23,Saida,3378,29,8,2024,Thursday,7.5,4.3,16–25
2464,2024-08-07,19,303,1,C098,Hamra,Fresh Orange Juice,Cold Drinks,3.5,1.0,M,33,Tripoli,3079,7,8,2024,Wednesday,3.5,2.5,26–35
37,2024-05-05,13,101,1,C002,Hamra,Espresso,Coffee,2.5,0.5,F,37,Zahle,1757,5,5,2024,Sunday,2.5,2.0,36–50
1294,2024-02-27,12,503,1,C053,Hamra,BBQ Chicken Sandwich,Sandwiches,7.5,3.2,F,46,Batroun,804,27,2,2024,Tuesday,7.5,4.3,36–50
2991,2024-05-27,16,306,1,C119,Hamra,Mango Cocktail,Cocktails,6.0,2.2,F,42,Tyre,2068,27,5,2024,Monday,6.0,3.8,36–50
162,2024-11-12,8,101,1,C007,Hamra,Espresso,Coffee,2.5,0.5,M,24,Batroun,4426,12,11,2024,Tuesday,2.5,2.0,16–25
3736,2024-12-26,14,205,1,C148,Hamra,Mate,Tea,2.5,0.5,M,19,Beirut,5048,26,12,2024,Thursday,2.5,2.0,16–25
3945,2024-01-01,16,104,2,C158,Hamra,Americano,Coffee,3.0,0.6,F,26,Batroun,10,1,1,2024,Monday,6.0,4.8,26–35
1885,2024-12-13,15,305,1,C075,Hamra,Avocado Shake Cocktails,Shakes,6.0,2.2,M,58,Saida,4867,13,12,2024,Friday,6.0,3.8,50+
2369,2024-07-08,11,110,2,C095,Hamra,Sahlab,Hot Drinks,4.0,1.0,M,40,Zahle,2651,8,7,2024,Monday,8.0,6.0,36–50
4869,2024-07-09,16,308,3,C195,Hamra,Banane Avocat,Cocktails,6.5,2.5,M,26,Saida,2670,9,7,2024,Tuesday,19.5,12.0,26–35
4675,2024-11-07,10,505,2,C187,Hamra,Turkey Sandwich,Sandwiches,5.5,2.2,F,18,Tyre,4358,7,11,2024,Thursday,11.0,6.6,16–25
4849,2024-04-26,12,409,1,C194,Hamra,Pita Chips,Appetizers,2.5,0.6,F,18,Jounieh,1630,26,4,2024,Friday,2.5,1.9,16–25
62,2024-05-13,14,604,1,C003,Hamra,Tabbouleh,Salads,5.5,2.0,F,51,Batroun,1870,13,5,2024,Monday,5.5,3.5,50+
4563,2024-02-27,17,701,3,C184,Hamra,Nutella Crepe,Desserts,5.5,1.8,M,25,Batroun,809,27,2,2024,Tuesday,16.5,11.100000000000001,16–25
1964,2024-02-13,9,408,1,C079,Hamra,Fries,Appetizers,3.0,0.7,M,38,Byblos,605,13,2,2024,Tuesday,3.0,2.3,36–50
412,2024-06-21,16,409,1,C017,Hamra,Pita Chips,Appetizers,2.5,0.6,M,34,Byblos,2418,21,6,2024,Friday,2.5,1.9,26–35
2828,2024-06-08,17,503,1,C112,Hamra,BBQ Chicken Sandwich,Sandwiches,7.5,3.2,F,46,Tripoli,2237,8,6,2024,Saturday,7.5,4.3,36–50
1272,2024-06-21,17,110,1,C052,Hamra,Sahlab,Hot Drinks,4.0,1.0,F,28,Jounieh,2419,21,6,2024,Friday,4.0,3.0,26–35
161,2024-11-12,7,305,3,C007,Hamra,Avocado Shake Cocktails,Shakes,6.0,2.2,M,24,Batroun,4425,12,11,2024,Tuesday,18.0,11.399999999999999,16–25
2837,2024-10-29,10,101,1,C112,Hamra,Espresso,Coffee,2.5,0.5,F,46,Tripoli,4232,29,10,2024,Tuesday,2.5,2.0,36–50
3305,2024-05-28,10,203,1,C133,Hamra,Green Tea,Tea,2.2,0.5,M,41,Beirut,2076,28,5,2024,Tuesday,2.2,1.7000000000000002,36–50
1317,2024-03-20,7,101,1,C054,Hamra,Espresso,Coffee,2.5,0.5,F,53,Byblos,1107,20,3,2024,Wednesday,2.5,2.0,50+
1511,2024-07-31,15,105,1,C061,Hamra,Café Latte,Coffee,4.0,0.8,F,34,Zahle,2977,31,7,2024,Wednesday,4.0,3.2,26–35
2748,2024-07-21,9,301,1,C109,Hamra,Lemonade,Cold Drinks,3.0,0.8,M,29,Jounieh,2831,21,7,2024,Sunday,3.0,2.2,26–35
387,2024-09-08,11,205,1,C016,Hamra,Mate,Tea,2.5,0.5,M,50,Zahle,3519,8,9,2024,Sunday,2.5,2.0,36–50
4873,2024-08-16,12,702,2,C195,Hamra,Lotus Crepe,Desserts,5.8,1.9,M,26,Saida,3198,16,8,2024,Friday,11.6,7.8,26–35
4665,2024-06-12,14,403,1,C187,Hamra,Cheese Manoushe,Manakish,4.5,0.8,F,18,Tyre,2290,12,6,2024,Wednesday,4.5,3.7,16–25
1155,2024-08-14,12,406,2,C047,Hamra,Kaak with Cheese,Bakery,3.5,0.8,M,24,Jounieh,3170,14,8,2024,Wednesday,7.0,5.4,16–25
1176,2024-05-26,9,308,1,C048,Hamra,Banane Avocat,Cocktails,6.5,2.5,F,39,Zahle,2047,26,5,2024,Sunday,6.5,4.0,36–50
3035,2024-01-20,12,701,1,C121,Hamra,Nutella Crepe,Desserts,5.5,1.8,F,53,Batroun,272,20,1,2024,Saturday,5.5,3.7,50+
1583,2024-02-16,7,603,1,C064,Hamra,Fattoush,Salads,5.5,2.0,M,26,Jounieh,645,16,2,2024,Friday,5.5,3.5,26–35
1230,2024-08-20,10,601,1,C050,Hamra,Chicken Caesar Salad,Salads,7.5,3.2,M,38,Jounieh,3252,20,8,2024,Tuesday,7.5,4.3,36–50
999,2024-10-31,12,302,2,C041,Hamra,Lemonade Mint,Cold Drinks,3.5,1.0,M,42,Tyre,4262,31,10,2024,Thursday,7.0,5.0,36–50
4972,2024-01-14,13,702,2,C200,Hamra,Lotus Crepe,Desserts,5.8,1.9,M,40,Byblos,189,14,1,2024,Sunday,11.6,7.8,36–50
537,2024-05-22,17,409,1,C022,Hamra,Pita Chips,Appetizers,2.5,0.6,F,32,Tyre,1999,22,5,2024,Wednesday,2.5,1.9,26–35
2891,2024-01-01,19,203,1,C115,Hamra,Green Tea,Tea,2.2,0.5,F,36,Byblos,13,1,1,2024,Monday,2.2,1.7000000000000002,36–50
4508,2024-02-23,17,204,2,C182,Hamra,Chamomile Tea,Tea,2.5,0.5,F,55,Zahle,753,23,2,2024,Friday,5.0,4.0,50+
114,2024-09-15,16,201,1,C005,Hamra,Tea,Tea,2.0,0.4,M,33,Beirut,3622,15,9,2024,Sunday,2.0,1.6,26–35
3663,2024-05-23,9,403,1,C145,Hamra,Cheese Manoushe,Manakish,4.5,0.8,F,55,Saida,2005,23,5,2024,Thursday,4.5,3.7,50+
2526,2024-01-12,15,506,3,C101,Hamra,Steak Sandwich,Sandwiches,9.0,4.0,M,44,Byblos,163,12,1,2024,Friday,27.0,15.0,36–50
1962,2024-11-25,18,407,1,C078,Hamra,Cheese Rolls,Appetizers,4.5,1.0,M,23,Beirut,4618,25,11,2024,Monday,4.5,3.5,16–25
993,2024-08-11,18,410,3,C041,Hamra,Hummus,Appetizers,4.0,1.2,M,42,Tyre,3134,11,8,2024,Sunday,12.0,8.399999999999999,36–50
2305,2024-09-28,13,406,1,C092,Hamra,Kaak with Cheese,Bakery,3.5,0.8,F,32,Batroun,3801,28,9,2024,Saturday,3.5,2.7,26–35
4091,2024-12-23,20,302,2,C163,Hamra,Lemonade Mint,Cold Drinks,3.5,1.0,F,40,Beirut,5012,23,12,2024,Monday,7.0,5.0,36–50
4195,2024-06-04,7,605,1,C168,Hamra,Halloumi Salad,Salads,6.8,2.9,F,47,Tyre,2171,4,6,2024,Tuesday,6.8,3.9,36–50
532,2024-01-08,8,109,1,C022,Hamra,Hot Chocolate,Hot Drinks,3.8,0.9,F,32,Tyre,100,8,1,2024,Monday,3.8,2.9,26–35
4359,2024-05-01,7,110,1,C176,Hamra,Sahlab,Hot Drinks,4.0,1.0,M,24,Jounieh,1695,1,5,2024,Wednesday,4.0,3.0,16–25
1311,2024-12-13,17,108,1,C053,Hamra,Caramel Latte,Coffee,4.8,1.0,F,46,Batroun,4869,13,12,2024,Friday,4.8,3.8,36–50
2322,2024-06-12,15,306,1,C093,Hamra,Mango Cocktail,Cocktails,6.0,2.2,F,27,Byblos,2291,12,6,2024,Wednesday,6.0,3.8,26–35
220,2024-03-30,15,203,1,C010,Hamra,Green Tea,Tea,2.2,0.5,F,49,Tyre,1255,30,3,2024,Saturday,2.2,1.7000000000000002,36–50
3686,2024-05-15,13,703,1,C146,Hamra,Ashta W Banane,Cocktails Specials,7.0,2.5,M,27,Beirut,1897,15,5,2024,Wednesday,7.0,4.5,26–35
1204,2024-07-04,16,105,2,C049,Hamra,Café Latte,Coffee,4.0,0.8,F,35,Tyre,2600,4,7,2024,Thursday,8.0,6.4,26–35
1783,2024-11-11,9,106,1,C071,Hamra,Cappuccino,Coffee,3.5,0.7,F,29,Byblos,4413,11,11,2024,Monday,3.5,2.8,26–35
3963,2024-06-26,19,405,1,C158,Hamra,Lahm Baajin,Manakish,5.0,1.2,F,26,Batroun,2491,26,6,2024,Wednesday,5.0,3.8,26–35
467,2024-01-28,11,406,1,C019,Hamra,Kaak with Cheese,Bakery,3.5,0.8,M,43,Tripoli,383,28,1,2024,Sunday,3.5,2.7,36–50
1362,2024-08-07,10,302,1,C055,Hamra,Lemonade Mint,Cold Drinks,3.5,1.0,F,44,Tyre,3070,7,8,2024,Wednesday,3.5,2.5,36–50
4708,2024-12-22,13,201,1,C188,Hamra,Tea,Tea,2.0,0.4,M,26,Jounieh,4991,22,12,2024,Sunday,2.0,1.6,26–35
4974,2024-02-10,20,305,1,C200,Hamra,Avocado Shake Cocktails,Shakes,6.0,2.2,M,40,Byblos,574,10,2,2024,Saturday,6.0,3.8,36–50
521,2024-08-15,15,701,2,C021,Hamra,Nutella Crepe,Desserts,5.5,1.8,F,58,Batroun,3187,15,8,2024,Thursday,11.0,7.4,50+
635,2024-07-10,18,109,1,C026,Hamra,Hot Chocolate,Hot Drinks,3.8,0.9,M,28,Beirut,2686,10,7,2024,Wednesday,3.8,2.9,26–35
681,2024-05-24,8,102,1,C028,Hamra,Turkish Coffee,Coffee,2.0,0.4,M,18,Tripoli,2018,24,5,2024,Friday,2.0,1.6,16–25
4168,2024-07-19,19,501,2,C167,Hamra,Shish Tawouk Sandwich,Sandwiches,6.5,2.5,F,25,Jounieh,2813,19,7,2024,Friday,13.0,8.0,16–25
4031,2024-07-30,14,101,2,C161,Hamra,Espresso,Coffee,2.5,0.5,F,35,Batroun,2962,30,7,2024,Tuesday,5.0,4.0,26–35
970,2024-08-07,15,104,1,C040,Hamra,Americano,Coffee,3.0,0.6,F,26,Beirut,3075,7,8,2024,Wednesday,3.0,2.4,26–35
711,2024-08-27,16,411,2,C029,Hamra,Mutabbal,Appetizers,4.2,1.2,F,24,Tripoli,3356,27,8,2024,Tuesday,8.4,6.0,16–25
490,2024-02-15,20,310,1,C020,Hamra,Strawberry Milkshake,Shakes,5.5,1.8,M,55,Tyre,644,15,2,2024,Thursday,5.5,3.7,50+
489,2024-02-04,16,103,2,C020,Hamra,Blonde Coffee,Coffee,2.2,0.5,M,55,Tyre,486,4,2,2024,Sunday,4.4,3.4000000000000004,50+
1855,2024-09-09,15,109,1,C074,Hamra,Hot Chocolate,Hot Drinks,3.8,0.9,M,29,Saida,3537,9,9,2024,Monday,3.8,2.9,26–35
3514,2024-03-22,20,307,1,C140,Hamra,Strawberry Cocktail,Cocktails,6.0,2.0,F,50,Tripoli,1148,22,3,2024,Friday,6.0,4.0,36–50
3017,2024-09-12,16,308,3,C120,Hamra,Banane Avocat,Cocktails,6.5,2.5,F,50,Zahle,3580,12,9,2024,Thursday,19.5,12.0,36–50
2430,2024-07-15,20,202,1,C097,Hamra,Mint Tea,Tea,2.2,0.5,M,45,Batroun,2758,15,7,2024,Monday,2.2,1.7000000000000002,36–50
3022,2024-10-29,13,110,1,C120,Hamra,Sahlab,Hot Drinks,4.0,1.0,F,50,Zahle,4235,29,10,2024,Tuesday,4.0,3.0,36–50
605,2024-01-10,15,409,1,C025,Hamra,Pita Chips,Appetizers,2.5,0.6,F,25,Beirut,135,10,1,2024,Wednesday,2.5,1.9,16–25
3853,2024-11-07,15,601,1,C153,Hamra,Chicken Caesar Salad,Salads,7.5,3.2,M,41,Jounieh,4363,7,11,2024,Thursday,7.5,4.3,36–50
94,2024-10-12,20,110,1,C004,Hamra,Sahlab,Hot Drinks,4.0,1.0,M,23,Tyre,4004,12,10,2024,Saturday,4.0,3.0,16–25
92,2024-08-29,9,405,1,C004,Hamra,Lahm Baajin,Manakish,5.0,1.2,M,23,Tyre,3377,29,8,2024,Thursday,5.0,3.8,16–25
3433,2024-09-07,10,307,1,C137,Hamra,Strawberry Cocktail,Cocktails,6.0,2.0,F,30,Saida,3504,7,9,2024,Saturday,6.0,4.0,26–35
3613,2024-12-30,8,106,1,C143,Hamra,Cappuccino,Coffee,3.5,0.7,M,36,Saida,5098,30,12,2024,Monday,3.5,2.8,36–50
626,2024-01-05,16,703,1,C026,Hamra,Ashta W Banane,Cocktails Specials,7.0,2.5,M,28,Beirut,66,5,1,2024,Friday,7.0,4.5,26–35
1971,2024-04-28,9,102,1,C079,Hamra,Turkish Coffee,Coffee,2.0,0.4,M,38,Byblos,1655,28,4,2024,Sunday,2.0,1.6,36–50
2265,2024-10-15,17,405,1,C090,Hamra,Lahm Baajin,Manakish,5.0,1.2,F,20,Beirut,4043,15,10,2024,Tuesday,5.0,3.8,16–25
1763,2024-03-05,17,102,3,C071,Hamra,Turkish Coffee,Coffee,2.0,0.4,F,29,Byblos,907,5,3,2024,Tuesday,6.0,4.800000000000001,26–35
4002,2024-05-25,11,407,1,C160,Hamra,Cheese Rolls,Appetizers,4.5,1.0,M,20,Beirut,2035,25,5,2024,Saturday,4.5,3.5,16–25
1901,2024-08-11,11,506,1,C076,Hamra,Steak Sandwich,Sandwiches,9.0,4.0,M,40,Saida,3127,11,8,2024,Sunday,9.0,5.0,36–50
2488,2024-08-26,12,301,2,C099,Hamra,Lemonade,Cold Drinks,3.0,0.8,M,49,Zahle,3338,26,8,2024,Monday,6.0,4.4,36–50
4466,2024-06-25,19,202,2,C180,Hamra,Mint Tea,Tea,2.2,0.5,M,20,Jounieh,2477,25,6,2024,Tuesday,4.4,3.4000000000000004,16–25
3173,2024-09-23,13,101,1,C127,Hamra,Espresso,Coffee,2.5,0.5,M,30,Tripoli,3731,23,9,2024,Monday,2.5,2.0,26–35
785,2024-12-06,13,706,2,C032,Hamra,Honey Pancakes,Desserts,4.5,1.5,M,49,Beirut,4767,6,12,2024,Friday,9.0,6.0,36–50
209,2024-10-08,7,108,1,C009,Hamra,Caramel Latte,Coffee,4.8,1.0,M,21,Beirut,3935,8,10,2024,Tuesday,4.8,3.8,16–25
1947,2024-03-03,20,701,2,C078,Hamra,Nutella Crepe,Desserts,5.5,1.8,M,23,Beirut,882,3,3,2024,Sunday,11.0,7.4,16–25
309,2024-08-04,8,703,1,C013,Hamra,Ashta W Banane,Cocktails Specials,7.0,2.5,M,29,Beirut,3026,4,8,2024,Sunday,7.0,4.5,26–35
4582,2024-12-07,18,203,1,C184,Hamra,Green Tea,Tea,2.2,0.5,M,25,Batroun,4786,7,12,2024,Saturday,2.2,1.7000000000000002,16–25
3111,2024-11-10,15,205,1,C124,Hamra,Mate,Tea,2.5,0.5,M,52,Tyre,4405,10,11,2024,Sunday,2.5,2.0,50+
4279,2024-10-09,16,706,2,C172,Hamra,Honey Pancakes,Desserts,4.5,1.5,F,21,Zahle,3958,9,10,2024,Wednesday,9.0,6.0,16–25
2406,2024-06-25,8,602,1,C096,Hamra,Greek Salad,Salads,6.5,2.8,M,46,Zahle,2466,25,6,2024,Tuesday,6.5,3.7,36–50
2068,2024-04-07,12,108,1,C083,Hamra,Caramel Latte,Coffee,4.8,1.0,M,47,Byblos,1364,7,4,2024,Sunday,4.8,3.8,36–50
3954,2024-04-14,17,110,1,C158,Hamra,Sahlab,Hot Drinks,4.0,1.0,F,26,Batroun,1467,14,4,2024,Sunday,4.0,3.0,26–35
3624,2024-04-08,17,604,3,C144,Hamra,Tabbouleh,Salads,5.5,2.0,F,39,Batroun,1383,8,4,2024,Monday,16.5,10.5,36–50
3534,2024-11-06,7,105,2,C140,Hamra,Café Latte,Coffee,4.0,0.8,F,50,Tripoli,4341,6,11,2024,Wednesday,8.0,6.4,36–50
4838,2024-01-06,9,703,1,C194,Hamra,Ashta W Banane,Cocktails Specials,7.0,2.5,F,18,Jounieh,73,6,1,2024,Saturday,7.0,4.5,16–25
439,2024-07-15,8,304,1,C018,Hamra,Carrot Juice,Cold Drinks,3.5,1.0,M,19,Tripoli,2746,15,7,2024,Monday,3.5,2.5,16–25
3558,2024-12-16,9,605,1,C141,Hamra,Halloumi Salad,Salads,6.8,2.9,F,21,Jounieh,4903,16,12,2024,Monday,6.8,3.9,16–25
2319,2024-05-12,11,502,1,C093,Hamra,Chicken Sub Sandwich,Sandwiches,7.0,3.0,F,27,Byblos,1853,12,5,2024,Sunday,7.0,4.0,26–35
602,2024-12-23,17,201,3,C024,Hamra,Tea,Tea,2.0,0.4,M,18,Tripoli,5009,23,12,2024,Monday,6.0,4.800000000000001,16–25
2576,2024-09-15,16,706,1,C102,Hamra,Honey Pancakes,Desserts,4.5,1.5,M,29,Tripoli,3622,15,9,2024,Sunday,4.5,3.0,26–35
3511,2024-01-23,12,601,1,C140,Hamra,Chicken Caesar Salad,Salads,7.5,3.2,F,50,Tripoli,314,23,1,2024,Tuesday,7.5,4.3,36–50
1468,2024-02-22,15,305,1,C060,Hamra,Avocado Shake Cocktails,Shakes,6.0,2.2,F,22,Zahle,737,22,2,2024,Thursday,6.0,3.8,16–25
1479,2024-06-13,18,305,1,C060,Hamra,Avocado Shake Cocktails,Shakes,6.0,2.2,F,22,Zahle,2308,13,6,2024,Thursday,6.0,3.8,16–25
2509,2024-07-20,17,306,1,C100,Hamra,Mango Cocktail,Cocktails,6.0,2.2,F,29,Byblos,2825,20,7,2024,Saturday,6.0,3.8,26–35
4,2024-03-23,16,303,1,C001,Hamra,Fresh Orange Juice,Cold Drinks,3.5,1.0,F,18,Zahle,1158,23,3,2024,Saturday,3.5,2.5,16–25
1046,2024-05-24,18,703,1,C043,Hamra,Ashta W Banane,Cocktails Specials,7.0,2.5,M,42,Tyre,2028,24,5,2024,Friday,7.0,4.5,36–50
1351,2024-03-25,18,110,1,C055,Hamra,Sahlab,Hot Drinks,4.0,1.0,F,44,Tyre,1188,25,3,2024,Monday,4.0,3.0,36–50
4192,2024-03-18,19,409,1,C168,Hamra,Pita Chips,Appetizers,2.5,0.6,F,47,Tyre,1091,18,3,2024,Monday,2.5,1.9,36–50
4807,2024-12-31,10,401,1,C192,Hamra,Croissant,Bakery,3.0,0.8,F,27,Tripoli,5114,31,12,2024,Tuesday,3.0,2.2,26–35
808,2024-01-01,13,405,1,C034,Hamra,Lahm Baajin,Manakish,5.0,1.2,F,50,Byblos,7,1,1,2024,Monday,5.0,3.8,36–50
813,2024-02-20,12,109,2,C034,Hamra,Hot Chocolate,Hot Drinks,3.8,0.9,F,50,Byblos,706,20,2,2024,Tuesday,7.6,5.8,36–50
4362,2024-06-21,8,604,1,C176,Hamra,Tabbouleh,Salads,5.5,2.0,M,24,Jounieh,2410,21,6,2024,Friday,5.5,3.5,16–25
4030,2024-07-23,16,704,1,C161,Hamra,Mafroukeh Dessert,Desserts,6.5,2.5,F,35,Batroun,2866,23,7,2024,Tuesday,6.5,4.0,26–35
4897,2024-09-16,17,406,2,C196,Hamra,Kaak with Cheese,Bakery,3.5,0.8,F,44,Zahle,3637,16,9,2024,Monday,7.0,5.4,36–50
3969,2024-10-14,17,506,1,C158,Hamra,Steak Sandwich,Sandwiches,9.0,4.0,F,26,Batroun,4029,14,10,2024,Monday,9.0,5.0,26–35
2759,2024-02-03,17,104,1,C110,Hamra,Americano,Coffee,3.0,0.6,M,55,Batroun,473,3,2,2024,Saturday,3.0,2.4,50+
2118,2024-12-13,14,106,1,C084,Hamra,Cappuccino,Coffee,3.5,0.7,M,53,Batroun,4866,13,12,2024,Friday,3.5,2.8,50+
2256,2024-04-04,13,204,1,C090,Hamra,Chamomile Tea,Tea,2.5,0.5,F,20,Beirut,1323,4,4,2024,Thursday,2.5,2.0,16–25
1967,2024-03-12,13,104,1,C079,Hamra,Americano,Coffee,3.0,0.6,M,38,Byblos,1001,12,3,2024,Tuesday,3.0,2.4,36–50
1758,2024-02-08,20,401,1,C071,Hamra,Croissant,Bakery,3.0,0.8,F,29,Byblos,546,8,2,2024,Thursday,3.0,2.2,26–35
1768,2024-06-02,14,605,2,C071,Hamra,Halloumi Salad,Salads,6.8,2.9,F,29,Byblos,2150,2,6,2024,Sunday,13.6,7.8,26–35
2884,2024-09-06,18,701,2,C114,Hamra,Nutella Crepe,Desserts,5.5,1.8,F,50,Byblos,3498,6,9,2024,Friday,11.0,7.4,36–50
705,2024-06-10,18,503,1,C029,Hamra,BBQ Chicken Sandwich,Sandwiches,7.5,3.2,F,24,Tripoli,2266,10,6,2024,Monday,7.5,4.3,16–25
3794,2024-04-27,19,302,1,C151,Hamra,Lemonade Mint,Cold Drinks,3.5,1.0,M,21,Saida,1651,27,4,2024,Saturday,3.5,2.5,16–25
4060,2024-09-15,20,304,1,C162,Hamra,Carrot Juice,Cold Drinks,3.5,1.0,F,37,Saida,3626,15,9,2024,Sunday,3.5,2.5,36–50
3605,2024-11-01,17,704,1,C143,Hamra,Mafroukeh Dessert,Desserts,6.5,2.5,M,36,Saida,4281,1,11,2024,Friday,6.5,4.0,36–50
2440,2024-09-24,7,702,1,C097,Hamra,Lotus Crepe,Desserts,5.8,1.9,M,45,Batroun,3739,24,9,2024,Tuesday,5.8,3.9,36–50
1293,2024-02-23,19,106,2,C053,Hamra,Cappuccino,Coffee,3.5,0.7,F,46,Batroun,755,23,2,2024,Friday,7.0,5.6,36–50
3668,2024-08-23,7,404,1,C145,Hamra,Keshek Manoushe,Manakish,4.0,0.7,F,55,Saida,3291,23,8,2024,Friday,4.0,3.3,50+
1597,2024-08-09,14,201,3,C064,Hamra,Tea,Tea,2.0,0.4,M,26,Jounieh,3102,9,8,2024,Friday,6.0,4.800000000000001,26–35
1516,2024-09-07,10,301,2,C061,Hamra,Lemonade,Cold Drinks,3.0,0.8,F,34,Zahle,3504,7,9,2024,Saturday,6.0,4.4,26–35
4611,2024-11-08,11,405,2,C185,Hamra,Lahm Baajin,Manakish,5.0,1.2,M,39,Saida,4373,8,11,2024,Friday,10.0,7.6,36–50
2713,2024-04-21,14,310,1,C108,Hamra,Strawberry Milkshake,Shakes,5.5,1.8,F,21,Saida,1562,21,4,2024,Sunday,5.5,3.7,16–25
902,2024-09-11,11,504,1,C037,Hamra,Halloumi Sandwich,Sandwiches,6.0,2.0,M,28,Beirut,3561,11,9,2024,Wednesday,6.0,4.0,26–35
3377,2024-10-29,16,201,1,C135,Hamra,Tea,Tea,2.0,0.4,F,20,Byblos,4238,29,10,2024,Tuesday,2.0,1.6,16–25
177,2024-07-25,10,107,1,C008,Hamra,Mocha,Coffee,4.5,0.9,F,49,Byblos,2888,25,7,2024,Thursday,4.5,3.6,36–50
1956,2024-08-16,18,401,1,C078,Hamra,Croissant,Bakery,3.0,0.8,M,23,Beirut,3204,16,8,2024,Friday,3.0,2.2,16–25
1702,2024-12-06,12,307,1,C068,Hamra,Strawberry Cocktail,Cocktails,6.0,2.0,F,21,Beirut,4766,6,12,2024,Friday,6.0,4.0,16–25
513,2024-03-06,19,310,1,C021,Hamra,Strawberry Milkshake,Shakes,5.5,1.8,F,58,Batroun,923,6,3,2024,Wednesday,5.5,3.7,50+
4715,2024-03-15,18,304,1,C189,Hamra,Carrot Juice,Cold Drinks,3.5,1.0,F,43,Tripoli,1048,15,3,2024,Friday,3.5,2.5,36–50
2342,2024-04-12,11,406,2,C094,Hamra,Kaak with Cheese,Bakery,3.5,0.8,M,40,Tripoli,1433,12,4,2024,Friday,7.0,5.4,36–50
1874,2024-07-10,20,401,1,C075,Hamra,Croissant,Bakery,3.0,0.8,M,58,Saida,2688,10,7,2024,Wednesday,3.0,2.2,50+
3938,2024-09-08,13,506,1,C157,Hamra,Steak Sandwich,Sandwiches,9.0,4.0,F,30,Jounieh,3521,8,9,2024,Sunday,9.0,5.0,26–35
3845,2024-08-13,20,505,1,C153,Hamra,Turkey Sandwich,Sandwiches,5.5,2.2,M,41,Jounieh,3164,13,8,2024,Tuesday,5.5,3.3,36–50
4646,2024-10-20,16,411,3,C186,Hamra,Mutabbal,Appetizers,4.2,1.2,F,34,Beirut,4112,20,10,2024,Sunday,12.600000000000001,9.0,26–35
3581,2024-11-01,13,308,1,C142,Hamra,Banane Avocat,Cocktails,6.5,2.5,F,44,Batroun,4277,1,11,2024,Friday,6.5,4.0,36–50
1951,2024-04-07,19,605,1,C078,Hamra,Halloumi Salad,Salads,6.8,2.9,M,23,Beirut,1371,7,4,2024,Sunday,6.8,3.9,16–25
1640,2024-12-03,10,203,1,C066,Hamra,Green Tea,Tea,2.2,0.5,M,22,Zahle,4722,3,12,2024,Tuesday,2.2,1.7000000000000002,16–25
4527,2024-10-12,18,310,3,C182,Hamra,Strawberry Milkshake,Shakes,5.5,1.8,F,55,Zahle,4002,12,10,2024,Saturday,16.5,11.100000000000001,50+
4878,2024-11-30,19,102,2,C195,Hamra,Turkish Coffee,Coffee,2.0,0.4,M,26,Saida,4689,30,11,2024,Saturday,4.0,3.2,26–35
3973,2024-12-12,11,102,1,C158,Hamra,Turkish Coffee,Coffee,2.0,0.4,F,26,Batroun,4849,12,12,2024,Thursday,2.0,1.6,26–35
3693,2024-11-03,19,301,1,C146,Hamra,Lemonade,Cold Drinks,3.0,0.8,M,27,Beirut,4311,3,11,2024,Sunday,3.0,2.2,26–35
1331,2024-09-05,9,109,1,C054,Hamra,Hot Chocolate,Hot Drinks,3.8,0.9,F,53,Byblos,3475,5,9,2024,Thursday,3.8,2.9,50+
2503,2024-06-14,10,403,1,C100,Hamra,Cheese Manoushe,Manakish,4.5,0.8,F,29,Byblos,2314,14,6,2024,Friday,4.5,3.7,26–35
530,2024-11-30,20,203,1,C021,Hamra,Green Tea,Tea,2.2,0.5,F,58,Batroun,4690,30,11,2024,Saturday,2.2,1.7000000000000002,50+
1290,2024-01-30,10,410,2,C053,Hamra,Hummus,Appetizers,4.0,1.2,F,46,Batroun,410,30,1,2024,Tuesday,8.0,5.6,36–50
2076,2024-09-03,9,505,3,C083,Hamra,Turkey Sandwich,Sandwiches,5.5,2.2,M,47,Byblos,3447,3,9,2024,Tuesday,16.5,9.899999999999999,36–50
3625,2024-04-15,19,203,1,C144,Hamra,Green Tea,Tea,2.2,0.5,F,39,Batroun,1483,15,4,2024,Monday,2.2,1.7000000000000002,36–50
3903,2024-02-20,16,406,1,C156,Hamra,Kaak with Cheese,Bakery,3.5,0.8,M,52,Jounieh,710,20,2,2024,Tuesday,3.5,2.7,50+
83,2024-03-21,11,306,1,C004,Hamra,Mango Cocktail,Cocktails,6.0,2.2,M,23,Tyre,1125,21,3,2024,Thursday,6.0,3.8,16–25
1355,2024-05-12,11,407,2,C055,Hamra,Cheese Rolls,Appetizers,4.5,1.0,F,44,Tyre,1853,12,5,2024,Sunday,9.0,7.0,36–50
363,2024-10-11,17,409,2,C015,Hamra,Pita Chips,Appetizers,2.5,0.6,F,52,Zahle,3987,11,10,2024,Friday,5.0,3.8,50+
1591,2024-05-17,13,108,1,C064,Hamra,Caramel Latte,Coffee,4.8,1.0,M,26,Jounieh,1925,17,5,2024,Friday,4.8,3.8,26–35
4822,2024-07-02,10,505,1,C193,Hamra,Turkey Sandwich,Sandwiches,5.5,2.2,M,48,Byblos,2566,2,7,2024,Tuesday,5.5,3.3,36–50
2840,2024-11-25,19,701,1,C112,Hamra,Nutella Crepe,Desserts,5.5,1.8,F,46,Tripoli,4619,25,11,2024,Monday,5.5,3.7,36–50
3640,2024-09-29,10,102,1,C144,Hamra,Turkish Coffee,Coffee,2.0,0.4,F,39,Batroun,3812,29,9,2024,Sunday,2.0,1.6,36–50
2978,2024-12-05,15,502,2,C118,Hamra,Chicken Sub Sandwich,Sandwiches,7.0,3.0,F,48,Jounieh,4755,5,12,2024,Thursday,14.0,8.0,36–50
491,2024-03-09,12,407,1,C020,Hamra,Cheese Rolls,Appetizers,4.5,1.0,M,55,Tyre,958,9,3,2024,Saturday,4.5,3.5,50+
1582,2024-02-03,10,504,2,C064,Hamra,Halloumi Sandwich,Sandwiches,6.0,2.0,M,26,Jounieh,466,3,2,2024,Saturday,12.0,8.0,26–35
802,2024-09-18,8,403,1,C033,Hamra,Cheese Manoushe,Manakish,4.5,0.8,M,33,Batroun,3656,18,9,2024,Wednesday,4.5,3.7,26–35
2018,2024-02-22,12,501,2,C081,Hamra,Shish Tawouk Sandwich,Sandwiches,6.5,2.5,M,55,Tripoli,734,22,2,2024,Thursday,13.0,8.0,50+
4912,2024-07-23,8,505,1,C197,Hamra,Turkey Sandwich,Sandwiches,5.5,2.2,M,57,Zahle,2858,23,7,2024,Tuesday,5.5,3.3,50+
3148,2024-05-05,11,101,2,C126,Hamra,Espresso,Coffee,2.5,0.5,M,59,Jounieh,1755,5,5,2024,Sunday,5.0,4.0,50+
1719,2024-08-22,12,505,1,C069,Hamra,Turkey Sandwich,Sandwiches,5.5,2.2,F,56,Zahle,3282,22,8,2024,Thursday,5.5,3.3,50+
4622,2024-02-12,10,110,1,C186,Hamra,Sahlab,Hot Drinks,4.0,1.0,F,34,Beirut,592,12,2,2024,Monday,4.0,3.0,26–35
4172,2024-08-27,20,104,1,C167,Hamra,Americano,Coffee,3.0,0.6,F,25,Jounieh,3360,27,8,2024,Tuesday,3.0,2.4,16–25
4099,2024-04-20,19,410,1,C164,Hamra,Hummus,Appetizers,4.0,1.2,F,53,Batroun,1553,20,4,2024,Saturday,4.0,2.8,50+
2353,2024-09-05,9,110,1,C094,Hamra,Sahlab,Hot Drinks,4.0,1.0,M,40,Tripoli,3475,5,9,2024,Thursday,4.0,3.0,36–50
1687,2024-05-30,13,605,1,C068,Hamra,Halloumi Salad,Salads,6.8,2.9,F,21,Beirut,2107,30,5,2024,Thursday,6.8,3.9,16–25
2186,2024-07-01,8,201,3,C087,Hamra,Tea,Tea,2.0,0.4,F,60,Batroun,2550,1,7,2024,Monday,6.0,4.800000000000001,50+
531,2024-12-01,19,204,1,C021,Hamra,Chamomile Tea,Tea,2.5,0.5,F,58,Batroun,4703,1,12,2024,Sunday,2.5,2.0,50+
1560,2024-04-04,17,502,2,C063,Hamra,Chicken Sub Sandwich,Sandwiches,7.0,3.0,F,32,Byblos,1327,4,4,2024,Thursday,14.0,8.0,26–35
2124,2024-01-08,20,202,3,C085,Hamra,Mint Tea,Tea,2.2,0.5,F,40,Saida,112,8,1,2024,Monday,6.6000000000000005,5.1000000000000005,36–50
3351,2024-12-25,12,603,1,C134,Hamra,Fattoush,Salads,5.5,2.0,F,60,Zahle,5032,25,12,2024,Wednesday,5.5,3.5,50+
592,2024-07-02,19,302,1,C024,Hamra,Lemonade Mint,Cold Drinks,3.5,1.0,M,18,Tripoli,2575,2,7,2024,Tuesday,3.5,2.5,16–25
2807,2024-10-07,10,301,1,C111,Hamra,Lemonade,Cold Drinks,3.0,0.8,M,40,Zahle,3924,7,10,2024,Monday,3.0,2.2,36–50
4492,2024-07-13,12,410,1,C181,Hamra,Hummus,Appetizers,4.0,1.2,F,60,Tripoli,2722,13,7,2024,Saturday,4.0,2.8,50+
2384,2024-12-17,10,102,1,C095,Hamra,Turkish Coffee,Coffee,2.0,0.4,M,40,Zahle,4918,17,12,2024,Tuesday,2.0,1.6,36–50
2073,2024-07-13,10,201,3,C083,Hamra,Tea,Tea,2.0,0.4,M,47,Byblos,2720,13,7,2024,Saturday,6.0,4.800000000000001,36–50
2566,2024-06-03,10,505,1,C102,Hamra,Turkey Sandwich,Sandwiches,5.5,2.2,M,29,Tripoli,2160,3,6,2024,Monday,5.5,3.3,26–35
1950,2024-04-02,15,103,1,C078,Hamra,Blonde Coffee,Coffee,2.2,0.5,M,23,Beirut,1297,2,4,2024,Tuesday,2.2,1.7000000000000002,16–25
4408,2024-06-08,13,404,1,C178,Hamra,Keshek Manoushe,Manakish,4.0,0.7,F,33,Zahle,2233,8,6,2024,Saturday,4.0,3.3,26–35
3100,2024-03-01,9,303,2,C124,Hamra,Fresh Orange Juice,Cold Drinks,3.5,1.0,M,52,Tyre,843,1,3,2024,Friday,7.0,5.0,50+
3520,2024-05-01,9,305,1,C140,Hamra,Avocado Shake Cocktails,Shakes,6.0,2.2,F,50,Tripoli,1697,1,5,2024,Wednesday,6.0,3.8,36–50
4561,2024-02-20,12,605,1,C184,Hamra,Halloumi Salad,Salads,6.8,2.9,M,25,Batroun,706,20,2,2024,Tuesday,6.8,3.9,16–25
3019,2024-10-03,12,204,1,C120,Hamra,Chamomile Tea,Tea,2.5,0.5,F,50,Zahle,3870,3,10,2024,Thursday,2.5,2.0,36–50
346,2024-01-05,10,409,1,C015,Hamra,Pita Chips,Appetizers,2.5,0.6,F,52,Zahle,60,5,1,2024,Friday,2.5,1.9,50+
2067,2024-04-01,15,702,3,C083,Hamra,Lotus Crepe,Desserts,5.8,1.9,M,47,Byblos,1283,1,4,2024,Monday,17.4,11.7,36–50
4198,2024-06-18,10,406,2,C168,Hamra,Kaak with Cheese,Bakery,3.5,0.8,F,47,Tyre,2370,18,6,2024,Tuesday,7.0,5.4,36–50
4221,2024-11-12,15,504,1,C169,Hamra,Halloumi Sandwich,Sandwiches,6.0,2.0,M,24,Tyre,4433,12,11,2024,Tuesday,6.0,4.0,16–25
4905,2024-01-22,10,506,1,C197,Hamra,Steak Sandwich,Sandwiches,9.0,4.0,M,57,Zahle,298,22,1,2024,Monday,9.0,5.0,50+
4920,2024-11-21,8,303,1,C197,Hamra,Fresh Orange Juice,Cold Drinks,3.5,1.0,M,57,Zahle,4552,21,11,2024,Thursday,3.5,2.5,50+
123,2024-01-01,8,405,1,C006,Hamra,Lahm Baajin,Manakish,5.0,1.2,F,44,Tripoli,2,1,1,2024,Monday,5.0,3.8,36–50
1660,2024-05-12,11,310,1,C067,Hamra,Strawberry Milkshake,Shakes,5.5,1.8,M,60,Beirut,1853,12,5,2024,Sunday,5.5,3.7,50+
4033,2024-08-20,10,304,1,C161,Hamra,Carrot Juice,Cold Drinks,3.5,1.0,F,35,Batroun,3252,20,8,2024,Tuesday,3.5,2.5,26–35
4244,2024-01-12,13,108,1,C171,Hamra,Caramel Latte,Coffee,4.8,1.0,M,27,Byblos,161,12,1,2024,Friday,4.8,3.8,26–35
3077,2024-12-11,20,403,3,C122,Hamra,Cheese Manoushe,Manakish,4.5,0.8,F,41,Beirut,4844,11,12,2024,Wednesday,13.5,11.100000000000001,36–50
3739,2024-02-15,17,108,1,C149,Hamra,Caramel Latte,Coffee,4.8,1.0,M,40,Beirut,641,15,2,2024,Thursday,4.8,3.8,36–50
2088,2024-02-03,11,406,3,C084,Hamra,Kaak with Cheese,Bakery,3.5,0.8,M,53,Batroun,467,3,2,2024,Saturday,10.5,8.100000000000001,50+
4814,2024-03-18,12,103,1,C193,Hamra,Blonde Coffee,Coffee,2.2,0.5,M,48,Byblos,1084,18,3,2024,Monday,2.2,1.7000000000000002,36–50
2803,2024-08-05,16,103,1,C111,Hamra,Blonde Coffee,Coffee,2.2,0.5,M,40,Zahle,3048,5,8,2024,Monday,2.2,1.7000000000000002,36–50
3671,2024-10-27,10,602,2,C145,Hamra,Greek Salad,Salads,6.5,2.8,F,55,Saida,4204,27,10,2024,Sunday,13.0,7.4,50+
3391,2024-03-13,19,307,1,C136,Hamra,Strawberry Cocktail,Cocktails,6.0,2.0,M,42,Saida,1021,13,3,2024,Wednesday,6.0,4.0,36–50
1600,2024-10-08,18,302,1,C064,Hamra,Lemonade Mint,Cold Drinks,3.5,1.0,M,26,Jounieh,3946,8,10,2024,Tuesday,3.5,2.5,26–35
3154,2024-09-05,8,411,1,C126,Hamra,Mutabbal,Appetizers,4.2,1.2,M,59,Jounieh,3474,5,9,2024,Thursday,4.2,3.0,50+
673,2024-02-16,19,302,1,C028,Hamra,Lemonade Mint,Cold Drinks,3.5,1.0,M,18,Tripoli,657,16,2,2024,Friday,3.5,2.5,16–25
2457,2024-04-30,16,204,3,C098,Hamra,Chamomile Tea,Tea,2.5,0.5,M,33,Tripoli,1690,30,4,2024,Tuesday,7.5,6.0,26–35
3551,2024-08-01,15,704,2,C141,Hamra,Mafroukeh Dessert,Desserts,6.5,2.5,F,21,Jounieh,2991,1,8,2024,Thursday,13.0,8.0,16–25
312,2024-08-26,16,109,1,C013,Hamra,Hot Chocolate,Hot Drinks,3.8,0.9,M,29,Beirut,3342,26,8,2024,Monday,3.8,2.9,26–35
4137,2024-02-25,13,405,1,C166,Hamra,Lahm Baajin,Manakish,5.0,1.2,F,48,Beirut,777,25,2,2024,Sunday,5.0,3.8,36–50
3856,2024-12-15,10,306,1,C153,Hamra,Mango Cocktail,Cocktails,6.0,2.2,M,41,Jounieh,4890,15,12,2024,Sunday,6.0,3.8,36–50
4743,2024-04-16,9,202,1,C190,Hamra,Mint Tea,Tea,2.2,0.5,M,30,Beirut,1487,16,4,2024,Tuesday,2.2,1.7000000000000002,26–35
3805,2024-11-14,16,501,1,C151,Hamra,Shish Tawouk Sandwich,Sandwiches,6.5,2.5,M,21,Saida,4462,14,11,2024,Thursday,6.5,4.0,16–25
2150,2024-02-17,20,407,1,C086,Hamra,Cheese Rolls,Appetizers,4.5,1.0,M,33,Tripoli,672,17,2,2024,Saturday,4.5,3.5,26–35
512,2024-03-01,9,201,1,C021,Hamra,Tea,Tea,2.0,0.4,F,58,Batroun,843,1,3,2024,Friday,2.0,1.6,50+
4528,2024-12-02,15,305,1,C182,Hamra,Avocado Shake Cocktails,Shakes,6.0,2.2,F,55,Zahle,4713,2,12,2024,Monday,6.0,3.8,50+
1550,2024-01-26,11,410,1,C063,Hamra,Hummus,Appetizers,4.0,1.2,F,32,Byblos,355,26,1,2024,Friday,4.0,2.8,26–35
3970,2024-10-18,19,706,1,C158,Hamra,Honey Pancakes,Desserts,4.5,1.5,F,26,Batroun,4087,18,10,2024,Friday,4.5,3.0,26–35
4896,2024-09-13,9,605,1,C196,Hamra,Halloumi Salad,Salads,6.8,2.9,F,44,Zahle,3587,13,9,2024,Friday,6.8,3.9,36–50
2787,2024-01-08,11,604,3,C111,Hamra,Tabbouleh,Salads,5.5,2.0,M,40,Zahle,103,8,1,2024,Monday,16.5,10.5,36–50
1891,2024-04-22,8,201,2,C076,Hamra,Tea,Tea,2.0,0.4,M,40,Saida,1570,22,4,2024,Monday,4.0,3.2,36–50
1836,2024-12-20,17,705,1,C073,Hamra,Ice Cream 2 Scoops,Desserts,4.0,1.2,F,54,Saida,4967,20,12,2024,Friday,4.0,2.8,50+
4012,2024-09-09,10,108,1,C160,Hamra,Caramel Latte,Coffee,4.8,1.0,M,20,Beirut,3532,9,9,2024,Monday,4.8,3.8,16–25
3824,2024-06-28,16,104,2,C152,Hamra,Americano,Coffee,3.0,0.6,F,39,Tripoli,2516,28,6,2024,Friday,6.0,4.8,36–50
156,2024-07-25,8,402,3,C007,Hamra,Zaatar Manoushe,Manakish,3.5,0.5,M,24,Batroun,2886,25,7,2024,Thursday,10.5,9.0,16–25
1807,2024-10-29,8,602,2,C072,Hamra,Greek Salad,Salads,6.5,2.8,F,59,Jounieh,4230,29,10,2024,Tuesday,13.0,7.4,50+
3203,2024-05-06,18,504,1,C129,Hamra,Halloumi Sandwich,Sandwiches,6.0,2.0,F,58,Byblos,1776,6,5,2024,Monday,6.0,4.0,50+
3247,2024-02-25,14,502,3,C131,Hamra,Chicken Sub Sandwich,Sandwiches,7.0,3.0,F,59,Byblos,778,25,2,2024,Sunday,21.0,12.0,50+
2625,2024-08-01,7,605,1,C104,Hamra,Halloumi Salad,Salads,6.8,2.9,F,36,Jounieh,2983,1,8,2024,Thursday,6.8,3.9,36–50
671,2024-01-14,20,405,2,C028,Hamra,Lahm Baajin,Manakish,5.0,1.2,M,18,Tripoli,196,14,1,2024,Sunday,10.0,7.6,16–25
1038,2024-01-28,13,602,3,C043,Hamra,Greek Salad,Salads,6.5,2.8,M,42,Tyre,385,28,1,2024,Sunday,19.5,11.100000000000001,36–50
2424,2024-03-18,11,701,1,C097,Hamra,Nutella Crepe,Desserts,5.5,1.8,M,45,Batroun,1083,18,3,2024,Monday,5.5,3.7,36–50
1126,2024-08-03,17,701,3,C046,Hamra,Nutella Crepe,Desserts,5.5,1.8,F,60,Saida,3021,3,8,2024,Saturday,16.5,11.100000000000001,50+
26,2024-12-30,14,402,1,C001,Hamra,Zaatar Manoushe,Manakish,3.5,0.5,F,18,Zahle,5104,30,12,2024,Monday,3.5,3.0,16–25
4146,2024-06-02,7,306,3,C166,Hamra,Mango Cocktail,Cocktails,6.0,2.2,F,48,Beirut,2143,2,6,2024,Sunday,18.0,11.399999999999999,36–50
2554,2024-01-14,17,705,1,C102,Hamra,Ice Cream 2 Scoops,Desserts,4.0,1.2,M,29,Tripoli,193,14,1,2024,Sunday,4.0,2.8,26–35
843,2024-07-05,13,305,3,C035,Hamra,Avocado Shake Cocktails,Shakes,6.0,2.2,M,33,Byblos,2611,5,7,2024,Friday,18.0,11.399999999999999,26–35
1338,2024-11-07,11,104,1,C054,Hamra,Americano,Coffee,3.0,0.6,F,53,Byblos,4359,7,11,2024,Thursday,3.0,2.4,50+
580,2024-01-07,10,201,2,C024,Hamra,Tea,Tea,2.0,0.4,M,18,Tripoli,88,7,1,2024,Sunday,4.0,3.2,16–25
3898,2024-01-03,13,203,1,C156,Hamra,Green Tea,Tea,2.2,0.5,M,52,Jounieh,35,3,1,2024,Wednesday,2.2,1.7000000000000002,50+
535,2024-04-20,16,109,1,C022,Hamra,Hot Chocolate,Hot Drinks,3.8,0.9,F,32,Tyre,1550,20,4,2024,Saturday,3.8,2.9,26–35
386,2024-08-25,8,104,1,C016,Hamra,Americano,Coffee,3.0,0.6,M,50,Zahle,3320,25,8,2024,Sunday,3.0,2.4,36–50
315,2024-12-28,18,202,2,C013,Hamra,Mint Tea,Tea,2.2,0.5,M,29,Beirut,5080,28,12,2024,Saturday,4.4,3.4000000000000004,26–35
2514,2024-08-26,7,109,1,C100,Hamra,Hot Chocolate,Hot Drinks,3.8,0.9,F,29,Byblos,3333,26,8,2024,Monday,3.8,2.9,26–35
2519,2024-09-30,7,203,1,C100,Hamra,Green Tea,Tea,2.2,0.5,F,29,Byblos,3823,30,9,2024,Monday,2.2,1.7000000000000002,26–35
1544,2024-10-20,17,701,1,C062,Hamra,Nutella Crepe,Desserts,5.5,1.8,F,50,Tyre,4113,20,10,2024,Sunday,5.5,3.7,36–50
4259,2024-08-14,18,401,3,C171,Hamra,Croissant,Bakery,3.0,0.8,M,27,Byblos,3176,14,8,2024,Wednesday,9.0,6.6000000000000005,26–35
2171,2024-01-15,7,502,1,C087,Hamra,Chicken Sub Sandwich,Sandwiches,7.0,3.0,F,60,Batroun,197,15,1,2024,Monday,7.0,4.0,50+
1954,2024-07-10,18,506,1,C078,Hamra,Steak Sandwich,Sandwiches,9.0,4.0,M,23,Beirut,2686,10,7,2024,Wednesday,9.0,5.0,16–25
3999,2024-04-28,11,203,1,C160,Hamra,Green Tea,Tea,2.2,0.5,M,20,Beirut,1657,28,4,2024,Sunday,2.2,1.7000000000000002,16–25
1649,2024-01-28,16,503,1,C067,Hamra,BBQ Chicken Sandwich,Sandwiches,7.5,3.2,M,60,Beirut,388,28,1,2024,Sunday,7.5,4.3,50+
2277,2024-07-20,13,403,1,C091,Hamra,Cheese Manoushe,Manakish,4.5,0.8,M,47,Tyre,2821,20,7,2024,Saturday,4.5,3.7,36–50
4587,2024-02-08,8,304,1,C185,Hamra,Carrot Juice,Cold Drinks,3.5,1.0,M,39,Saida,534,8,2,2024,Thursday,3.5,2.5,36–50
4828,2024-09-29,16,309,2,C193,Hamra,Chocolate Milkshake,Shakes,5.5,1.8,M,48,Byblos,3818,29,9,2024,Sunday,11.0,7.4,36–50
4913,2024-08-18,14,304,2,C197,Hamra,Carrot Juice,Cold Drinks,3.5,1.0,M,57,Zahle,3228,18,8,2024,Sunday,7.0,5.0,50+
4382,2024-03-26,10,702,1,C177,Hamra,Lotus Crepe,Desserts,5.8,1.9,M,23,Saida,1194,26,3,2024,Tuesday,5.8,3.9,16–25
795,2024-05-05,18,203,1,C033,Hamra,Green Tea,Tea,2.2,0.5,M,33,Batroun,1762,5,5,2024,Sunday,2.2,1.7000000000000002,26–35
2910,2024-10-26,9,203,1,C115,Hamra,Green Tea,Tea,2.2,0.5,F,36,Byblos,4189,26,10,2024,Saturday,2.2,1.7000000000000002,36–50
466,2024-01-25,16,403,1,C019,Hamra,Cheese Manoushe,Manakish,4.5,0.8,M,43,Tripoli,346,25,1,2024,Thursday,4.5,3.7,36–50
4103,2024-05-24,17,706,2,C164,Hamra,Honey Pancakes,Desserts,4.5,1.5,F,53,Batroun,2027,24,5,2024,Friday,9.0,6.0,50+
4924,2024-01-13,14,102,1,C198,Hamra,Turkish Coffee,Coffee,2.0,0.4,F,29,Tyre,176,13,1,2024,Saturday,2.0,1.6,26–35
3109,2024-07-30,8,110,1,C124,Hamra,Sahlab,Hot Drinks,4.0,1.0,M,52,Tyre,2956,30,7,2024,Tuesday,4.0,3.0,50+
3587,2024-01-25,17,307,1,C143,Hamra,Strawberry Cocktail,Cocktails,6.0,2.0,M,36,Saida,347,25,1,2024,Thursday,6.0,4.0,36–50
3009,2024-03-08,17,203,2,C120,Hamra,Green Tea,Tea,2.2,0.5,F,50,Zahle,949,8,3,2024,Friday,4.4,3.4000000000000004,36–50
2422,2024-03-07,19,109,1,C097,Hamra,Hot Chocolate,Hot Drinks,3.8,0.9,M,45,Batroun,937,7,3,2024,Thursday,3.8,2.9,36–50
593,2024-08-20,9,408,1,C024,Hamra,Fries,Appetizers,3.0,0.7,M,18,Tripoli,3251,20,8,2024,Tuesday,3.0,2.3,16–25
654,2024-04-18,18,204,1,C027,Hamra,Chamomile Tea,Tea,2.5,0.5,F,46,Byblos,1524,18,4,2024,Thursday,2.5,2.0,36–50
4387,2024-05-25,9,701,2,C177,Hamra,Nutella Crepe,Desserts,5.5,1.8,M,23,Saida,2033,25,5,2024,Saturday,11.0,7.4,16–25
1868,2024-04-20,16,305,3,C075,Hamra,Avocado Shake Cocktails,Shakes,6.0,2.2,M,58,Saida,1550,20,4,2024,Saturday,18.0,11.399999999999999,50+
570,2024-08-15,17,205,1,C023,Hamra,Mate,Tea,2.5,0.5,M,18,Saida,3189,15,8,2024,Thursday,2.5,2.0,16–25
4020,2024-04-20,7,407,1,C161,Hamra,Cheese Rolls,Appetizers,4.5,1.0,F,35,Batroun,1541,20,4,2024,Saturday,4.5,3.5,26–35
978,2024-02-03,12,408,3,C041,Hamra,Fries,Appetizers,3.0,0.7,M,42,Tyre,468,3,2,2024,Saturday,9.0,6.8999999999999995,36–50
1382,2024-04-20,8,302,1,C056,Hamra,Lemonade Mint,Cold Drinks,3.5,1.0,F,26,Batroun,1542,20,4,2024,Saturday,3.5,2.5,26–35
3939,2024-09-20,7,309,1,C157,Hamra,Chocolate Milkshake,Shakes,5.5,1.8,F,30,Jounieh,3683,20,9,2024,Friday,5.5,3.7,26–35
3987,2024-08-23,8,405,1,C159,Hamra,Lahm Baajin,Manakish,5.0,1.2,M,59,Tripoli,3292,23,8,2024,Friday,5.0,3.8,50+
4815,2024-03-23,18,203,1,C193,Hamra,Green Tea,Tea,2.2,0.5,M,48,Byblos,1160,23,3,2024,Saturday,2.2,1.7000000000000002,36–50
2448,2024-02-11,12,605,1,C098,Hamra,Halloumi Salad,Salads,6.8,2.9,M,33,Tripoli,580,11,2,2024,Sunday,6.8,3.9,26–35
3682,2024-04-10,20,701,2,C146,Hamra,Nutella Crepe,Desserts,5.5,1.8,M,27,Beirut,1414,10,4,2024,Wednesday,11.0,7.4,26–35
124,2024-01-06,10,301,1,C006,Hamra,Lemonade,Cold Drinks,3.0,0.8,F,44,Tripoli,74,6,1,2024,Saturday,3.0,2.2,36–50
4467,2024-06-28,12,102,1,C180,Hamra,Turkish Coffee,Coffee,2.0,0.4,M,20,Jounieh,2512,28,6,2024,Friday,2.0,1.6,16–25
975,2024-10-08,18,302,2,C040,Hamra,Lemonade Mint,Cold Drinks,3.5,1.0,F,26,Beirut,3946,8,10,2024,Tuesday,7.0,5.0,26–35
4834,2024-11-15,15,407,1,C193,Hamra,Cheese Rolls,Appetizers,4.5,1.0,M,48,Byblos,4475,15,11,2024,Friday,4.5,3.5,36–50
1027,2024-08-13,19,601,1,C042,Hamra,Chicken Caesar Salad,Salads,7.5,3.2,F,26,Tripoli,3163,13,8,2024,Tuesday,7.5,4.3,26–35
4899,2024-11-10,16,108,1,C196,Hamra,Caramel Latte,Coffee,4.8,1.0,F,44,Zahle,4406,10,11,2024,Sunday,4.8,3.8,36–50
786,2024-12-30,18,705,2,C032,Hamra,Ice Cream 2 Scoops,Desserts,4.0,1.2,M,49,Beirut,5108,30,12,2024,Monday,8.0,5.6,36–50
228,2024-08-16,16,103,2,C010,Hamra,Blonde Coffee,Coffee,2.2,0.5,F,49,Tyre,3202,16,8,2024,Friday,4.4,3.4000000000000004,36–50
1724,2024-10-15,14,202,3,C069,Hamra,Mint Tea,Tea,2.2,0.5,F,56,Zahle,4040,15,10,2024,Tuesday,6.6000000000000005,5.1000000000000005,50+
200,2024-05-29,7,305,2,C009,Hamra,Avocado Shake Cocktails,Shakes,6.0,2.2,M,21,Beirut,2087,29,5,2024,Wednesday,12.0,7.6,16–25
1722,2024-10-03,19,301,1,C069,Hamra,Lemonade,Cold Drinks,3.0,0.8,F,56,Zahle,3877,3,10,2024,Thursday,3.0,2.2,50+
4727,2024-07-16,14,204,1,C189,Hamra,Chamomile Tea,Tea,2.5,0.5,F,43,Tripoli,2766,16,7,2024,Tuesday,2.5,2.0,36–50
3484,2024-03-10,15,301,2,C139,Hamra,Lemonade,Cold Drinks,3.0,0.8,M,33,Saida,975,10,3,2024,Sunday,6.0,4.4,26–35
2482,2024-04-21,12,706,1,C099,Hamra,Honey Pancakes,Desserts,4.5,1.5,M,49,Zahle,1560,21,4,2024,Sunday,4.5,3.0,36–50
4882,2024-01-04,16,702,1,C196,Hamra,Lotus Crepe,Desserts,5.8,1.9,F,44,Zahle,52,4,1,2024,Thursday,5.8,3.9,36–50
1861,2024-12-15,11,601,1,C074,Hamra,Chicken Caesar Salad,Salads,7.5,3.2,M,29,Saida,4891,15,12,2024,Sunday,7.5,4.3,26–35
2612,2024-11-26,12,702,1,C103,Hamra,Lotus Crepe,Desserts,5.8,1.9,M,21,Byblos,4626,26,11,2024,Tuesday,5.8,3.9,16–25
3090,2024-11-13,19,704,3,C123,Hamra,Mafroukeh Dessert,Desserts,6.5,2.5,F,27,Saida,4451,13,11,2024,Wednesday,19.5,12.0,26–35
2579,2024-12-15,12,408,1,C102,Hamra,Fries,Appetizers,3.0,0.7,M,29,Tripoli,4892,15,12,2024,Sunday,3.0,2.3,26–35
173,2024-04-04,15,405,1,C008,Hamra,Lahm Baajin,Manakish,5.0,1.2,F,49,Byblos,1325,4,4,2024,Thursday,5.0,3.8,36–50
4389,2024-05-31,10,202,3,C177,Hamra,Mint Tea,Tea,2.2,0.5,M,23,Saida,2118,31,5,2024,Friday,6.6000000000000005,5.1000000000000005,16–25
3827,2024-11-06,8,205,1,C152,Hamra,Mate,Tea,2.5,0.5,F,39,Tripoli,4342,6,11,2024,Wednesday,2.5,2.0,36–50
4022,2024-05-16,17,303,1,C161,Hamra,Fresh Orange Juice,Cold Drinks,3.5,1.0,F,35,Batroun,1915,16,5,2024,Thursday,3.5,2.5,26–35
477,2024-09-03,17,403,1,C019,Hamra,Cheese Manoushe,Manakish,4.5,0.8,M,43,Tripoli,3455,3,9,2024,Tuesday,4.5,3.7,36–50
42,2024-08-30,15,308,2,C002,Hamra,Banane Avocat,Cocktails,6.5,2.5,F,37,Zahle,3397,30,8,2024,Friday,13.0,8.0,36–50
1346,2024-01-31,8,204,2,C055,Hamra,Chamomile Tea,Tea,2.5,0.5,F,44,Tyre,422,31,1,2024,Wednesday,5.0,4.0,36–50
3481,2024-02-09,16,405,2,C139,Hamra,Lahm Baajin,Manakish,5.0,1.2,M,33,Saida,556,9,2,2024,Friday,10.0,7.6,26–35
417,2024-08-16,15,408,2,C017,Hamra,Fries,Appetizers,3.0,0.7,M,34,Byblos,3201,16,8,2024,Friday,6.0,4.6,26–35
4229,2024-02-05,8,603,1,C170,Hamra,Fattoush,Salads,5.5,2.0,F,23,Tripoli,492,5,2,2024,Monday,5.5,3.5,16–25
1514,2024-08-10,18,205,2,C061,Hamra,Mate,Tea,2.5,0.5,F,34,Zahle,3120,10,8,2024,Saturday,5.0,4.0,26–35
3243,2024-01-06,14,107,2,C131,Hamra,Mocha,Coffee,4.5,0.9,F,59,Byblos,78,6,1,2024,Saturday,9.0,7.2,50+
2164,2024-11-17,15,205,1,C086,Hamra,Mate,Tea,2.5,0.5,M,33,Tripoli,4503,17,11,2024,Sunday,2.5,2.0,26–35
845,2024-08-07,18,705,1,C035,Hamra,Ice Cream 2 Scoops,Desserts,4.0,1.2,M,33,Byblos,3078,7,8,2024,Wednesday,4.0,2.8,26–35
2588,2024-03-15,16,506,3,C103,Hamra,Steak Sandwich,Sandwiches,9.0,4.0,M,21,Byblos,1046,15,3,2024,Friday,27.0,15.0,16–25
1624,2024-01-04,15,604,2,C066,Hamra,Tabbouleh,Salads,5.5,2.0,M,22,Zahle,51,4,1,2024,Thursday,11.0,7.0,16–25
25,2024-11-30,16,502,2,C001,Hamra,Chicken Sub Sandwich,Sandwiches,7.0,3.0,F,18,Zahle,4686,30,11,2024,Saturday,14.0,8.0,16–25
3363,2024-05-13,15,604,2,C135,Hamra,Tabbouleh,Salads,5.5,2.0,F,20,Byblos,1871,13,5,2024,Monday,11.0,7.0,16–25
3725,2024-04-27,8,602,1,C148,Hamra,Greek Salad,Salads,6.5,2.8,M,19,Beirut,1640,27,4,2024,Saturday,6.5,3.7,16–25
4253,2024-04-03,10,201,1,C171,Hamra,Tea,Tea,2.0,0.4,M,27,Byblos,1306,3,4,2024,Wednesday,2.0,1.6,26–35
2984,2024-03-02,13,404,1,C119,Hamra,Keshek Manoushe,Manakish,4.0,0.7,F,42,Tyre,861,2,3,2024,Saturday,4.0,3.3,36–50
3336,2024-07-12,18,406,1,C134,Hamra,Kaak with Cheese,Bakery,3.5,0.8,F,60,Zahle,2714,12,7,2024,Friday,3.5,2.7,50+
1372,2024-11-30,8,310,2,C055,Hamra,Strawberry Milkshake,Shakes,5.5,1.8,F,44,Tyre,4678,30,11,2024,Saturday,11.0,7.4,36–50
2510,2024-07-21,7,705,1,C100,Hamra,Ice Cream 2 Scoops,Desserts,4.0,1.2,F,29,Byblos,2829,21,7,2024,Sunday,4.0,2.8,26–35
510,2024-01-26,9,309,1,C021,Hamra,Chocolate Milkshake,Shakes,5.5,1.8,F,58,Batroun,353,26,1,2024,Friday,5.5,3.7,50+
1253,2024-06-21,18,304,1,C051,Hamra,Carrot Juice,Cold Drinks,3.5,1.0,F,48,Tripoli,2420,21,6,2024,Friday,3.5,2.5,36–50
4329,2024-10-26,10,102,1,C174,Hamra,Turkish Coffee,Coffee,2.0,0.4,M,20,Tyre,4190,26,10,2024,Saturday,2.0,1.6,16–25
4078,2024-05-12,14,307,1,C163,Hamra,Strawberry Cocktail,Cocktails,6.0,2.0,F,40,Beirut,1856,12,5,2024,Sunday,6.0,4.0,36–50
2522,2024-11-21,12,305,1,C100,Hamra,Avocado Shake Cocktails,Shakes,6.0,2.2,F,29,Byblos,4556,21,11,2024,Thursday,6.0,3.8,26–35
174,2024-04-27,17,408,1,C008,Hamra,Fries,Appetizers,3.0,0.7,F,49,Byblos,1649,27,4,2024,Saturday,3.0,2.3,36–50
1700,2024-11-19,8,108,1,C068,Hamra,Caramel Latte,Coffee,4.8,1.0,F,21,Beirut,4524,19,11,2024,Tuesday,4.8,3.8,16–25
2703,2024-10-01,15,310,3,C107,Hamra,Strawberry Milkshake,Shakes,5.5,1.8,M,18,Tyre,3845,1,10,2024,Tuesday,16.5,11.100000000000001,16–25
3634,2024-07-30,20,604,1,C144,Hamra,Tabbouleh,Salads,5.5,2.0,F,39,Batroun,2968,30,7,2024,Tuesday,5.5,3.5,36–50
1666,2024-08-12,8,109,1,C067,Hamra,Hot Chocolate,Hot Drinks,3.8,0.9,M,60,Beirut,3138,12,8,2024,Monday,3.8,2.9,50+
4951,2024-01-20,19,409,1,C199,Hamra,Pita Chips,Appetizers,2.5,0.6,M,46,Jounieh,279,20,1,2024,Saturday,2.5,1.9,36–50
4799,2024-04-22,18,308,1,C192,Hamra,Banane Avocat,Cocktails,6.5,2.5,F,27,Tripoli,1580,22,4,2024,Monday,6.5,4.0,26–35
38,2024-05-19,11,105,1,C002,Hamra,Café Latte,Coffee,4.0,0.8,F,37,Zahle,1951,19,5,2024,Sunday,4.0,3.2,36–50
1,2024-02-16,18,310,2,C001,Hamra,Strawberry Milkshake,Shakes,5.5,1.8,F,18,Zahle,656,16,2,2024,Friday,11.0,7.4,16–25
4618,2024-01-01,10,108,2,C186,Hamra,Caramel Latte,Coffee,4.8,1.0,F,34,Beirut,4,1,1,2024,Monday,9.6,7.6,26–35
6,2024-03-30,19,301,1,C001,Hamra,Lemonade,Cold Drinks,3.0,0.8,F,18,Zahle,1259,30,3,2024,Saturday,3.0,2.2,16–25
2564,2024-05-21,13,701,1,C102,Hamra,Nutella Crepe,Desserts,5.5,1.8,M,29,Tripoli,1981,21,5,2024,Tuesday,5.5,3.7,26–35
2913,2024-11-15,14,603,3,C115,Hamra,Fattoush,Salads,5.5,2.0,F,36,Byblos,4474,15,11,2024,Friday,16.5,10.5,36–50
3359,2024-02-07,11,705,2,C135,Hamra,Ice Cream 2 Scoops,Desserts,4.0,1.2,F,20,Byblos,523,7,2,2024,Wednesday,8.0,5.6,16–25
2215,2024-10-19,16,205,1,C088,Hamra,Mate,Tea,2.5,0.5,F,56,Beirut,4098,19,10,2024,Saturday,2.5,2.0,50+
4909,2024-05-18,20,101,1,C197,Hamra,Espresso,Coffee,2.5,0.5,M,57,Zahle,1946,18,5,2024,Saturday,2.5,2.0,50+
2310,2024-12-21,20,307,1,C092,Hamra,Strawberry Cocktail,Cocktails,6.0,2.0,F,32,Batroun,4984,21,12,2024,Saturday,6.0,4.0,26–35
458,2024-11-28,11,103,1,C018,Hamra,Blonde Coffee,Coffee,2.2,0.5,M,19,Tripoli,4653,28,11,2024,Thursday,2.2,1.7000000000000002,16–25
2210,2024-09-15,8,502,1,C088,Hamra,Chicken Sub Sandwich,Sandwiches,7.0,3.0,F,56,Beirut,3614,15,9,2024,Sunday,7.0,4.0,50+
4004,2024-06-09,14,204,1,C160,Hamra,Chamomile Tea,Tea,2.5,0.5,M,20,Beirut,2248,9,6,2024,Sunday,2.5,2.0,16–25
4298,2024-06-26,20,411,1,C173,Hamra,Mutabbal,Appetizers,4.2,1.2,F,31,Tripoli,2492,26,6,2024,Wednesday,4.2,3.0,26–35
787,2024-01-10,8,303,1,C033,Hamra,Fresh Orange Juice,Cold Drinks,3.5,1.0,M,33,Batroun,128,10,1,2024,Wednesday,3.5,2.5,26–35
1823,2024-09-17,16,605,2,C073,Hamra,Halloumi Salad,Salads,6.8,2.9,F,54,Saida,3650,17,9,2024,Tuesday,13.6,7.8,50+
4386,2024-05-17,18,505,2,C177,Hamra,Turkey Sandwich,Sandwiches,5.5,2.2,M,23,Saida,1930,17,5,2024,Friday,11.0,6.6,16–25
4025,2024-06-20,12,303,1,C161,Hamra,Fresh Orange Juice,Cold Drinks,3.5,1.0,F,35,Batroun,2400,20,6,2024,Thursday,3.5,2.5,26–35
4949,2024-01-13,14,103,2,C199,Hamra,Blonde Coffee,Coffee,2.2,0.5,M,46,Jounieh,176,13,1,2024,Saturday,4.4,3.4000000000000004,36–50
4891,2024-06-16,12,110,1,C196,Hamra,Sahlab,Hot Drinks,4.0,1.0,F,44,Zahle,2344,16,6,2024,Sunday,4.0,3.0,36–50
679,2024-05-09,10,702,2,C028,Hamra,Lotus Crepe,Desserts,5.8,1.9,M,18,Tripoli,1810,9,5,2024,Thursday,11.6,7.8,16–25
2177,2024-03-24,19,503,1,C087,Hamra,BBQ Chicken Sandwich,Sandwiches,7.5,3.2,F,60,Batroun,1175,24,3,2024,Sunday,7.5,4.3,50+
1310,2024-11-16,10,605,1,C053,Hamra,Halloumi Salad,Salads,6.8,2.9,F,46,Batroun,4484,16,11,2024,Saturday,6.8,3.9,36–50
1081,2024-11-14,12,101,1,C044,Hamra,Espresso,Coffee,2.5,0.5,F,20,Zahle,4458,14,11,2024,Thursday,2.5,2.0,16–25
1998,2024-04-10,20,402,1,C080,Hamra,Zaatar Manoushe,Manakish,3.5,0.5,F,40,Saida,1414,10,4,2024,Wednesday,3.5,3.0,36–50
4554,2024-11-24,19,402,3,C183,Hamra,Zaatar Manoushe,Manakish,3.5,0.5,M,23,Saida,4605,24,11,2024,Sunday,10.5,9.0,16–25
3469,2024-09-29,10,201,1,C138,Hamra,Tea,Tea,2.0,0.4,F,55,Tyre,3812,29,9,2024,Sunday,2.0,1.6,50+
338,2024-09-21,14,702,1,C014,Hamra,Lotus Crepe,Desserts,5.8,1.9,M,38,Saida,3704,21,9,2024,Saturday,5.8,3.9,36–50
2585,2024-02-07,15,105,1,C103,Hamra,Café Latte,Coffee,4.0,0.8,M,21,Byblos,527,7,2,2024,Wednesday,4.0,3.2,16–25
863,2024-04-03,7,107,1,C036,Hamra,Mocha,Coffee,4.5,0.9,M,23,Beirut,1303,3,4,2024,Wednesday,4.5,3.6,16–25
816,2024-04-04,19,304,1,C034,Hamra,Carrot Juice,Cold Drinks,3.5,1.0,F,50,Byblos,1329,4,4,2024,Thursday,3.5,2.5,36–50
2216,2024-10-31,10,404,1,C088,Hamra,Keshek Manoushe,Manakish,4.0,0.7,F,56,Beirut,4260,31,10,2024,Thursday,4.0,3.3,50+
3679,2024-03-09,10,205,2,C146,Hamra,Mate,Tea,2.5,0.5,M,27,Beirut,956,9,3,2024,Saturday,5.0,4.0,26–35
393,2024-11-13,8,410,2,C016,Hamra,Hummus,Appetizers,4.0,1.2,M,50,Zahle,4440,13,11,2024,Wednesday,8.0,5.6,36–50
4126,2024-08-23,12,605,3,C165,Hamra,Halloumi Salad,Salads,6.8,2.9,M,44,Batroun,3296,23,8,2024,Friday,20.4,11.7,36–50
1000,2024-11-29,9,501,1,C041,Hamra,Shish Tawouk Sandwich,Sandwiches,6.5,2.5,M,42,Tyre,4665,29,11,2024,Friday,6.5,4.0,36–50
614,2024-05-16,13,202,2,C025,Hamra,Mint Tea,Tea,2.2,0.5,F,25,Beirut,1911,16,5,2024,Thursday,4.4,3.4000000000000004,16–25
3143,2024-03-16,19,405,1,C126,Hamra,Lahm Baajin,Manakish,5.0,1.2,M,59,Jounieh,1063,16,3,2024,Saturday,5.0,3.8,50+
170,2024-02-04,17,305,1,C008,Hamra,Avocado Shake Cocktails,Shakes,6.0,2.2,F,49,Byblos,487,4,2,2024,Sunday,6.0,3.8,36–50
2811,2024-01-01,17,501,1,C112,Hamra,Shish Tawouk Sandwich,Sandwiches,6.5,2.5,F,46,Tripoli,11,1,1,2024,Monday,6.5,4.0,36–50
2357,2024-10-22,11,103,3,C094,Hamra,Blonde Coffee,Coffee,2.2,0.5,M,40,Tripoli,4135,22,10,2024,Tuesday,6.6000000000000005,5.1000000000000005,36–50
2112,2024-11-15,10,109,2,C084,Hamra,Hot Chocolate,Hot Drinks,3.8,0.9,M,53,Batroun,4470,15,11,2024,Friday,7.6,5.8,50+
3678,2024-02-29,11,505,3,C146,Hamra,Turkey Sandwich,Sandwiches,5.5,2.2,M,27,Beirut,831,29,2,2024,Thursday,16.5,9.899999999999999,26–35
1699,2024-11-15,14,503,2,C068,Hamra,BBQ Chicken Sandwich,Sandwiches,7.5,3.2,F,21,Beirut,4474,15,11,2024,Friday,15.0,8.6,16–25
4375,2024-12-14,9,401,3,C176,Hamra,Croissant,Bakery,3.0,0.8,M,24,Jounieh,4875,14,12,2024,Saturday,9.0,6.6000000000000005,16–25
4946,2024-11-23,20,102,2,C198,Hamra,Turkish Coffee,Coffee,2.0,0.4,F,29,Tyre,4592,23,11,2024,Saturday,4.0,3.2,26–35
1670,2024-09-23,13,308,1,C067,Hamra,Banane Avocat,Cocktails,6.5,2.5,M,60,Beirut,3731,23,9,2024,Monday,6.5,4.0,50+
3699,2024-12-26,20,308,1,C146,Hamra,Banane Avocat,Cocktails,6.5,2.5,M,27,Beirut,5054,26,12,2024,Thursday,6.5,4.0,26–35
2805,2024-08-16,12,306,1,C111,Hamra,Mango Cocktail,Cocktails,6.0,2.2,M,40,Zahle,3198,16,8,2024,Friday,6.0,3.8,36–50
452,2024-09-26,18,301,1,C018,Hamra,Lemonade,Cold Drinks,3.0,0.8,M,19,Tripoli,3778,26,9,2024,Thursday,3.0,2.2,16–25
1393,2024-11-11,7,109,1,C056,Hamra,Hot Chocolate,Hot Drinks,3.8,0.9,F,26,Batroun,4411,11,11,2024,Monday,3.8,2.9,26–35
3801,2024-10-12,19,203,1,C151,Hamra,Green Tea,Tea,2.2,0.5,M,21,Saida,4003,12,10,2024,Saturday,2.2,1.7000000000000002,16–25
849,2024-10-17,13,403,1,C035,Hamra,Cheese Manoushe,Manakish,4.5,0.8,M,33,Byblos,4067,17,10,2024,Thursday,4.5,3.7,26–35
3338,2024-07-31,20,402,3,C134,Hamra,Zaatar Manoushe,Manakish,3.5,0.5,F,60,Zahle,2982,31,7,2024,Wednesday,10.5,9.0,50+
2969,2024-06-13,19,704,3,C118,Hamra,Mafroukeh Dessert,Desserts,6.5,2.5,F,48,Jounieh,2309,13,6,2024,Thursday,19.5,12.0,36–50
625,2024-01-05,13,705,1,C026,Hamra,Ice Cream 2 Scoops,Desserts,4.0,1.2,M,28,Beirut,63,5,1,2024,Friday,4.0,2.8,26–35
1521,2024-12-04,20,302,1,C061,Hamra,Lemonade Mint,Cold Drinks,3.5,1.0,F,34,Zahle,4746,4,12,2024,Wednesday,3.5,2.5,26–35
2205,2024-03-18,18,502,1,C088,Hamra,Chicken Sub Sandwich,Sandwiches,7.0,3.0,F,56,Beirut,1090,18,3,2024,Monday,7.0,4.0,50+
351,2024-03-02,7,411,1,C015,Hamra,Mutabbal,Appetizers,4.2,1.2,F,52,Zahle,855,2,3,2024,Saturday,4.2,3.0,50+
2273,2024-05-11,15,101,2,C091,Hamra,Espresso,Coffee,2.5,0.5,M,47,Tyre,1843,11,5,2024,Saturday,5.0,4.0,36–50
772,2024-03-29,12,303,1,C032,Hamra,Fresh Orange Juice,Cold Drinks,3.5,1.0,M,49,Beirut,1238,29,3,2024,Friday,3.5,2.5,36–50
3533,2024-08-24,18,704,1,C140,Hamra,Mafroukeh Dessert,Desserts,6.5,2.5,F,50,Tripoli,3316,24,8,2024,Saturday,6.5,4.0,36–50
3296,2024-02-11,8,109,2,C133,Hamra,Hot Chocolate,Hot Drinks,3.8,0.9,M,41,Beirut,576,11,2,2024,Sunday,7.6,5.8,36–50
1587,2024-03-29,11,203,2,C064,Hamra,Green Tea,Tea,2.2,0.5,M,26,Jounieh,1237,29,3,2024,Friday,4.4,3.4000000000000004,26–35
4966,2024-10-22,19,504,1,C199,Hamra,Halloumi Sandwich,Sandwiches,6.0,2.0,M,46,Jounieh,4143,22,10,2024,Tuesday,6.0,4.0,36–50
2165,2024-11-23,17,603,2,C086,Hamra,Fattoush,Salads,5.5,2.0,M,33,Tripoli,4589,23,11,2024,Saturday,11.0,7.0,26–35
3892,2024-10-21,10,205,1,C155,Hamra,Mate,Tea,2.5,0.5,M,24,Byblos,4120,21,10,2024,Monday,2.5,2.0,16–25
1092,2024-04-13,13,601,1,C045,Hamra,Chicken Caesar Salad,Salads,7.5,3.2,F,48,Tyre,1449,13,4,2024,Saturday,7.5,4.3,36–50
835,2024-01-14,14,602,1,C035,Hamra,Greek Salad,Salads,6.5,2.8,M,33,Byblos,190,14,1,2024,Sunday,6.5,3.7,26–35
643,2024-10-14,17,604,1,C026,Hamra,Tabbouleh,Salads,5.5,2.0,M,28,Beirut,4029,14,10,2024,Monday,5.5,3.5,26–35
568,2024-06-27,20,104,1,C023,Hamra,Americano,Coffee,3.0,0.6,M,18,Saida,2506,27,6,2024,Thursday,3.0,2.4,16–25
3544,2024-05-04,17,408,1,C141,Hamra,Fries,Appetizers,3.0,0.7,F,21,Jounieh,1747,4,5,2024,Saturday,3.0,2.3,16–25
3264,2024-12-18,7,309,1,C131,Hamra,Chocolate Milkshake,Shakes,5.5,1.8,F,59,Byblos,4929,18,12,2024,Wednesday,5.5,3.7,50+
698,2024-01-23,11,411,2,C029,Hamra,Mutabbal,Appetizers,4.2,1.2,F,24,Tripoli,313,23,1,2024,Tuesday,8.4,6.0,16–25
4845,2024-03-03,9,704,1,C194,Hamra,Mafroukeh Dessert,Desserts,6.5,2.5,F,18,Jounieh,871,3,3,2024,Sunday,6.5,4.0,16–25
1593,2024-05-22,7,505,1,C064,Hamra,Turkey Sandwich,Sandwiches,5.5,2.2,M,26,Jounieh,1989,22,5,2024,Wednesday,5.5,3.3,26–35
3906,2024-06-01,18,110,2,C156,Hamra,Sahlab,Hot Drinks,4.0,1.0,M,52,Jounieh,2140,1,6,2024,Saturday,8.0,6.0,50+
4102,2024-05-24,9,411,1,C164,Hamra,Mutabbal,Appetizers,4.2,1.2,F,53,Batroun,2019,24,5,2024,Friday,4.2,3.0,50+
2856,2024-08-12,20,305,3,C113,Hamra,Avocado Shake Cocktails,Shakes,6.0,2.2,F,27,Beirut,3150,12,8,2024,Monday,18.0,11.399999999999999,26–35
3347,2024-11-04,12,505,1,C134,Hamra,Turkey Sandwich,Sandwiches,5.5,2.2,F,60,Zahle,4318,4,11,2024,Monday,5.5,3.3,50+
3486,2024-04-13,20,603,1,C139,Hamra,Fattoush,Salads,5.5,2.0,M,33,Saida,1456,13,4,2024,Saturday,5.5,3.5,26–35
4139,2024-04-13,13,602,1,C166,Hamra,Greek Salad,Salads,6.5,2.8,F,48,Beirut,1449,13,4,2024,Saturday,6.5,3.7,36–50
2961,2024-02-08,14,201,1,C118,Hamra,Tea,Tea,2.0,0.4,F,48,Jounieh,540,8,2,2024,Thursday,2.0,1.6,36–50
4057,2024-07-16,19,202,1,C162,Hamra,Mint Tea,Tea,2.2,0.5,F,37,Saida,2771,16,7,2024,Tuesday,2.2,1.7000000000000002,36–50
1662,2024-05-13,17,303,1,C067,Hamra,Fresh Orange Juice,Cold Drinks,3.5,1.0,M,60,Beirut,1873,13,5,2024,Monday,3.5,2.5,50+
2710,2024-03-07,10,405,1,C108,Hamra,Lahm Baajin,Manakish,5.0,1.2,F,21,Saida,928,7,3,2024,Thursday,5.0,3.8,16–25
4321,2024-06-27,9,602,1,C174,Hamra,Greek Salad,Salads,6.5,2.8,M,20,Tyre,2495,27,6,2024,Thursday,6.5,3.7,16–25
2149,2024-02-11,11,701,1,C086,Hamra,Nutella Crepe,Desserts,5.5,1.8,M,33,Tripoli,579,11,2,2024,Sunday,5.5,3.7,26–35
696,2024-01-15,15,501,1,C029,Hamra,Shish Tawouk Sandwich,Sandwiches,6.5,2.5,F,24,Tripoli,205,15,1,2024,Monday,6.5,4.0,16–25
1473,2024-04-20,19,305,1,C060,Hamra,Avocado Shake Cocktails,Shakes,6.0,2.2,F,22,Zahle,1553,20,4,2024,Saturday,6.0,3.8,16–25
1324,2024-06-05,12,310,1,C054,Hamra,Strawberry Milkshake,Shakes,5.5,1.8,F,53,Byblos,2190,5,6,2024,Wednesday,5.5,3.7,50+
2329,2024-10-15,15,202,1,C093,Hamra,Mint Tea,Tea,2.2,0.5,F,27,Byblos,4041,15,10,2024,Tuesday,2.2,1.7000000000000002,26–35
1718,2024-08-18,12,306,1,C069,Hamra,Mango Cocktail,Cocktails,6.0,2.2,F,56,Zahle,3226,18,8,2024,Sunday,6.0,3.8,50+
2947,2024-06-05,8,310,2,C117,Hamra,Strawberry Milkshake,Shakes,5.5,1.8,F,49,Zahle,2186,5,6,2024,Wednesday,11.0,7.4,36–50
193,2024-02-07,19,201,1,C009,Hamra,Tea,Tea,2.0,0.4,M,21,Beirut,531,7,2,2024,Wednesday,2.0,1.6,16–25
3145,2024-04-06,11,109,2,C126,Hamra,Hot Chocolate,Hot Drinks,3.8,0.9,M,59,Jounieh,1349,6,4,2024,Saturday,7.6,5.8,50+
1936,2024-10-15,18,703,1,C077,Hamra,Ashta W Banane,Cocktails Specials,7.0,2.5,M,30,Zahle,4044,15,10,2024,Tuesday,7.0,4.5,26–35
232,2024-09-10,17,310,1,C010,Hamra,Strawberry Milkshake,Shakes,5.5,1.8,F,49,Tyre,3553,10,9,2024,Tuesday,5.5,3.7,36–50
2568,2024-07-14,15,410,1,C102,Hamra,Hummus,Appetizers,4.0,1.2,M,29,Tripoli,2739,14,7,2024,Sunday,4.0,2.8,26–35
4886,2024-03-26,14,705,2,C196,Hamra,Ice Cream 2 Scoops,Desserts,4.0,1.2,F,44,Zahle,1198,26,3,2024,Tuesday,8.0,5.6,36–50
1442,2024-11-17,13,407,1,C058,Hamra,Cheese Rolls,Appetizers,4.5,1.0,F,22,Tripoli,4501,17,11,2024,Sunday,4.5,3.5,16–25
2844,2024-01-10,7,702,1,C113,Hamra,Lotus Crepe,Desserts,5.8,1.9,F,27,Beirut,127,10,1,2024,Wednesday,5.8,3.9,26–35
4453,2024-01-05,10,204,1,C180,Hamra,Chamomile Tea,Tea,2.5,0.5,M,20,Jounieh,60,5,1,2024,Friday,2.5,2.0,16–25
4050,2024-05-02,18,101,1,C162,Hamra,Espresso,Coffee,2.5,0.5,F,37,Saida,1720,2,5,2024,Thursday,2.5,2.0,36–50
2682,2024-11-25,13,302,1,C106,Hamra,Lemonade Mint,Cold Drinks,3.5,1.0,F,59,Tripoli,4613,25,11,2024,Monday,3.5,2.5,50+
853,2024-12-18,17,310,1,C035,Hamra,Strawberry Milkshake,Shakes,5.5,1.8,M,33,Byblos,4939,18,12,2024,Wednesday,5.5,3.7,26–35
2591,2024-04-27,13,108,1,C103,Hamra,Caramel Latte,Coffee,4.8,1.0,M,21,Byblos,1645,27,4,2024,Saturday,4.8,3.8,16–25
2606,2024-10-20,12,105,1,C103,Hamra,Café Latte,Coffee,4.0,0.8,M,21,Byblos,4108,20,10,2024,Sunday,4.0,3.2,16–25
4024,2024-06-07,14,105,1,C161,Hamra,Café Latte,Coffee,4.0,0.8,F,35,Batroun,2220,7,6,2024,Friday,4.0,3.2,26–35
4986,2024-10-29,17,505,2,C200,Hamra,Turkey Sandwich,Sandwiches,5.5,2.2,M,40,Byblos,4239,29,10,2024,Tuesday,11.0,6.6,36–50
4009,2024-08-15,19,410,2,C160,Hamra,Hummus,Appetizers,4.0,1.2,M,20,Beirut,3191,15,8,2024,Thursday,8.0,5.6,16–25
4556,2024-12-30,12,304,1,C183,Hamra,Carrot Juice,Cold Drinks,3.5,1.0,M,23,Saida,5102,30,12,2024,Monday,3.5,2.5,16–25
2434,2024-08-03,16,308,1,C097,Hamra,Banane Avocat,Cocktails,6.5,2.5,M,45,Batroun,3020,3,8,2024,Saturday,6.5,4.0,36–50
3402,2024-07-02,9,109,2,C136,Hamra,Hot Chocolate,Hot Drinks,3.8,0.9,M,42,Saida,2565,2,7,2024,Tuesday,7.6,5.8,36–50
4310,2024-01-15,10,405,1,C174,Hamra,Lahm Baajin,Manakish,5.0,1.2,M,20,Tyre,200,15,1,2024,Monday,5.0,3.8,16–25
3569,2024-06-05,20,703,1,C142,Hamra,Ashta W Banane,Cocktails Specials,7.0,2.5,F,44,Batroun,2198,5,6,2024,Wednesday,7.0,4.5,36–50
3398,2024-05-15,9,301,2,C136,Hamra,Lemonade,Cold Drinks,3.0,0.8,M,42,Saida,1893,15,5,2024,Wednesday,6.0,4.4,36–50
2676,2024-09-17,7,408,1,C106,Hamra,Fries,Appetizers,3.0,0.7,F,59,Tripoli,3641,17,9,2024,Tuesday,3.0,2.3,50+
1769,2024-06-05,16,102,1,C071,Hamra,Turkish Coffee,Coffee,2.0,0.4,F,29,Byblos,2194,5,6,2024,Wednesday,2.0,1.6,26–35
1915,2024-02-16,11,204,2,C077,Hamra,Chamomile Tea,Tea,2.5,0.5,M,30,Zahle,649,16,2,2024,Friday,5.0,4.0,26–35
1339,2024-11-19,7,604,1,C054,Hamra,Tabbouleh,Salads,5.5,2.0,F,53,Byblos,4523,19,11,2024,Tuesday,5.5,3.5,50+
529,2024-11-27,7,101,2,C021,Hamra,Espresso,Coffee,2.5,0.5,F,58,Batroun,4635,27,11,2024,Wednesday,5.0,4.0,50+
2799,2024-06-21,8,401,2,C111,Hamra,Croissant,Bakery,3.0,0.8,M,40,Zahle,2410,21,6,2024,Friday,6.0,4.4,36–50
1870,2024-05-09,19,310,3,C075,Hamra,Strawberry Milkshake,Shakes,5.5,1.8,M,58,Saida,1819,9,5,2024,Thursday,16.5,11.100000000000001,50+
328,2024-04-04,10,301,1,C014,Hamra,Lemonade,Cold Drinks,3.0,0.8,M,38,Saida,1320,4,4,2024,Thursday,3.0,2.2,36–50
35,2024-04-24,12,205,1,C002,Hamra,Mate,Tea,2.5,0.5,F,37,Zahle,1602,24,4,2024,Wednesday,2.5,2.0,36–50
4729,2024-08-30,14,401,1,C189,Hamra,Croissant,Bakery,3.0,0.8,F,43,Tripoli,3396,30,8,2024,Friday,3.0,2.2,36–50
2730,2024-10-18,19,605,1,C108,Hamra,Halloumi Salad,Salads,6.8,2.9,F,21,Saida,4087,18,10,2024,Friday,6.8,3.9,16–25
3670,2024-10-08,9,602,1,C145,Hamra,Greek Salad,Salads,6.5,2.8,F,55,Saida,3937,8,10,2024,Tuesday,6.5,3.7,50+
1960,2024-10-25,7,301,1,C078,Hamra,Lemonade,Cold Drinks,3.0,0.8,M,23,Beirut,4173,25,10,2024,Friday,3.0,2.2,16–25
1189,2024-10-09,9,204,1,C048,Hamra,Chamomile Tea,Tea,2.5,0.5,F,39,Zahle,3951,9,10,2024,Wednesday,2.5,2.0,36–50
2270,2024-03-09,18,404,1,C091,Hamra,Keshek Manoushe,Manakish,4.0,0.7,M,47,Tyre,964,9,3,2024,Saturday,4.0,3.3,36–50
3401,2024-05-27,9,309,1,C136,Hamra,Chocolate Milkshake,Shakes,5.5,1.8,M,42,Saida,2061,27,5,2024,Monday,5.5,3.7,36–50
4557,2024-01-11,11,605,2,C184,Hamra,Halloumi Salad,Salads,6.8,2.9,M,25,Batroun,145,11,1,2024,Thursday,13.6,7.8,16–25
420,2024-09-10,17,205,2,C017,Hamra,Mate,Tea,2.5,0.5,M,34,Byblos,3553,10,9,2024,Tuesday,5.0,4.0,26–35
4921,2024-11-25,18,304,3,C197,Hamra,Carrot Juice,Cold Drinks,3.5,1.0,M,57,Zahle,4618,25,11,2024,Monday,10.5,7.5,50+
288,2024-12-25,18,108,1,C012,Hamra,Caramel Latte,Coffee,4.8,1.0,F,60,Beirut,5038,25,12,2024,Wednesday,4.8,3.8,50+
4134,2024-02-07,10,409,3,C166,Hamra,Pita Chips,Appetizers,2.5,0.6,F,48,Beirut,522,7,2,2024,Wednesday,7.5,5.699999999999999,36–50
3685,2024-05-13,19,102,2,C146,Hamra,Turkish Coffee,Coffee,2.0,0.4,M,27,Beirut,1875,13,5,2024,Monday,4.0,3.2,26–35
636,2024-07-18,10,402,1,C026,Hamra,Zaatar Manoushe,Manakish,3.5,0.5,M,28,Beirut,2790,18,7,2024,Thursday,3.5,3.0,26–35
884,2024-01-23,15,110,1,C037,Hamra,Sahlab,Hot Drinks,4.0,1.0,M,28,Beirut,317,23,1,2024,Tuesday,4.0,3.0,26–35
1751,2024-10-29,13,410,1,C070,Hamra,Hummus,Appetizers,4.0,1.2,F,27,Byblos,4235,29,10,2024,Tuesday,4.0,2.8,26–35
4225,2024-12-11,10,308,1,C169,Hamra,Banane Avocat,Cocktails,6.5,2.5,M,24,Tyre,4834,11,12,2024,Wednesday,6.5,4.0,16–25
1981,2024-10-28,9,702,1,C079,Hamra,Lotus Crepe,Desserts,5.8,1.9,M,38,Byblos,4217,28,10,2024,Monday,5.8,3.9,36–50
4242,2024-12-28,12,108,1,C170,Hamra,Caramel Latte,Coffee,4.8,1.0,F,23,Tripoli,5074,28,12,2024,Saturday,4.8,3.8,16–25
2263,2024-08-05,9,403,2,C090,Hamra,Cheese Manoushe,Manakish,4.5,0.8,F,20,Beirut,3041,5,8,2024,Monday,9.0,7.4,16–25
988,2024-05-20,12,308,1,C041,Hamra,Banane Avocat,Cocktails,6.5,2.5,M,42,Tyre,1966,20,5,2024,Monday,6.5,4.0,36–50
4334,2024-04-13,17,104,1,C175,Hamra,Americano,Coffee,3.0,0.6,F,39,Saida,1453,13,4,2024,Saturday,3.0,2.4,36–50
3577,2024-07-28,19,204,2,C142,Hamra,Chamomile Tea,Tea,2.5,0.5,F,44,Batroun,2939,28,7,2024,Sunday,5.0,4.0,36–50
3202,2024-04-20,17,706,1,C129,Hamra,Honey Pancakes,Desserts,4.5,1.5,F,58,Byblos,1551,20,4,2024,Saturday,4.5,3.0,50+
409,2024-04-13,19,506,3,C017,Hamra,Steak Sandwich,Sandwiches,9.0,4.0,M,34,Byblos,1455,13,4,2024,Saturday,27.0,15.0,26–35
4551,2024-11-11,19,404,1,C183,Hamra,Keshek Manoushe,Manakish,4.0,0.7,M,23,Saida,4423,11,11,2024,Monday,4.0,3.3,16–25
1301,2024-06-19,18,101,3,C053,Hamra,Espresso,Coffee,2.5,0.5,F,46,Batroun,2392,19,6,2024,Wednesday,7.5,6.0,36–50
2981,2024-12-21,15,104,1,C118,Hamra,Americano,Coffee,3.0,0.6,F,48,Jounieh,4979,21,12,2024,Saturday,3.0,2.4,36–50
2753,2024-11-19,12,407,1,C109,Hamra,Cheese Rolls,Appetizers,4.5,1.0,M,29,Jounieh,4528,19,11,2024,Tuesday,4.5,3.5,26–35
3981,2024-05-12,18,408,1,C159,Hamra,Fries,Appetizers,3.0,0.7,M,59,Tripoli,1860,12,5,2024,Sunday,3.0,2.3,50+
4757,2024-10-19,10,702,2,C190,Hamra,Lotus Crepe,Desserts,5.8,1.9,M,30,Beirut,4092,19,10,2024,Saturday,11.6,7.8,26–35
3415,2024-11-23,11,401,2,C136,Hamra,Croissant,Bakery,3.0,0.8,M,42,Saida,4583,23,11,2024,Saturday,6.0,4.4,36–50
3957,2024-05-06,19,302,1,C158,Hamra,Lemonade Mint,Cold Drinks,3.5,1.0,F,26,Batroun,1777,6,5,2024,Monday,3.5,2.5,26–35
1919,2024-04-15,12,503,3,C077,Hamra,BBQ Chicken Sandwich,Sandwiches,7.5,3.2,M,30,Zahle,1476,15,4,2024,Monday,22.5,12.899999999999999,26–35
1996,2024-04-01,17,308,1,C080,Hamra,Banane Avocat,Cocktails,6.5,2.5,F,40,Saida,1285,1,4,2024,Monday,6.5,4.0,36–50
4861,2024-10-13,9,407,1,C194,Hamra,Cheese Rolls,Appetizers,4.5,1.0,F,18,Jounieh,4007,13,10,2024,Sunday,4.5,3.5,16–25
1087,2024-02-20,14,705,2,C045,Hamra,Ice Cream 2 Scoops,Desserts,4.0,1.2,F,48,Tyre,708,20,2,2024,Tuesday,8.0,5.6,36–50
429,2024-01-29,10,205,1,C018,Hamra,Mate,Tea,2.5,0.5,M,19,Tripoli,396,29,1,2024,Monday,2.5,2.0,16–25
2490,2024-10-22,14,203,1,C099,Hamra,Green Tea,Tea,2.2,0.5,M,49,Zahle,4138,22,10,2024,Tuesday,2.2,1.7000000000000002,36–50
4304,2024-10-23,16,102,3,C173,Hamra,Turkish Coffee,Coffee,2.0,0.4,F,31,Tripoli,4154,23,10,2024,Wednesday,6.0,4.800000000000001,26–35
3713,2024-08-01,16,304,3,C147,Hamra,Carrot Juice,Cold Drinks,3.5,1.0,M,31,Saida,2992,1,8,2024,Thursday,10.5,7.5,26–35
1693,2024-09-23,9,309,3,C068,Hamra,Chocolate Milkshake,Shakes,5.5,1.8,F,21,Beirut,3727,23,9,2024,Monday,16.5,11.100000000000001,16–25
2078,2024-09-13,16,603,3,C083,Hamra,Fattoush,Salads,5.5,2.0,M,47,Byblos,3594,13,9,2024,Friday,16.5,10.5,36–50
1234,2024-10-28,13,309,1,C050,Hamra,Chocolate Milkshake,Shakes,5.5,1.8,M,38,Jounieh,4221,28,10,2024,Monday,5.5,3.7,36–50
611,2024-04-10,17,201,2,C025,Hamra,Tea,Tea,2.0,0.4,F,25,Beirut,1411,10,4,2024,Wednesday,4.0,3.2,16–25
4157,2024-12-11,19,307,1,C166,Hamra,Strawberry Cocktail,Cocktails,6.0,2.0,F,48,Beirut,4843,11,12,2024,Wednesday,6.0,4.0,36–50
3043,2024-04-19,18,205,3,C121,Hamra,Mate,Tea,2.5,0.5,F,53,Batroun,1538,19,4,2024,Friday,7.5,6.0,50+
4105,2024-06-30,15,110,1,C164,Hamra,Sahlab,Hot Drinks,4.0,1.0,F,53,Batroun,2543,30,6,2024,Sunday,4.0,3.0,50+
1697,2024-11-08,10,505,1,C068,Hamra,Turkey Sandwich,Sandwiches,5.5,2.2,F,21,Beirut,4372,8,11,2024,Friday,5.5,3.3,16–25
1373,2024-01-01,14,402,1,C056,Hamra,Zaatar Manoushe,Manakish,3.5,0.5,F,26,Batroun,8,1,1,2024,Monday,3.5,3.0,26–35
951,2024-11-14,9,109,1,C039,Hamra,Hot Chocolate,Hot Drinks,3.8,0.9,M,49,Batroun,4455,14,11,2024,Thursday,3.8,2.9,36–50
1555,2024-02-24,13,705,1,C063,Hamra,Ice Cream 2 Scoops,Desserts,4.0,1.2,F,32,Byblos,763,24,2,2024,Saturday,4.0,2.8,26–35
3186,2024-05-28,9,403,2,C128,Hamra,Cheese Manoushe,Manakish,4.5,0.8,M,36,Batroun,2075,28,5,2024,Tuesday,9.0,7.4,36–50
3379,2024-11-04,18,101,2,C135,Hamra,Espresso,Coffee,2.5,0.5,F,20,Byblos,4324,4,11,2024,Monday,5.0,4.0,16–25
3068,2024-05-16,13,302,1,C122,Hamra,Lemonade Mint,Cold Drinks,3.5,1.0,F,41,Beirut,1911,16,5,2024,Thursday,3.5,2.5,36–50
4639,2024-07-20,20,406,2,C186,Hamra,Kaak with Cheese,Bakery,3.5,0.8,F,34,Beirut,2828,20,7,2024,Saturday,7.0,5.4,26–35
1461,2024-11-08,17,602,1,C059,Hamra,Greek Salad,Salads,6.5,2.8,F,31,Jounieh,4379,8,11,2024,Friday,6.5,3.7,26–35
1174,2024-04-26,16,110,1,C048,Hamra,Sahlab,Hot Drinks,4.0,1.0,F,39,Zahle,1634,26,4,2024,Friday,4.0,3.0,36–50
3306,2024-06-02,16,501,1,C133,Hamra,Shish Tawouk Sandwich,Sandwiches,6.5,2.5,M,41,Beirut,2152,2,6,2024,Sunday,6.5,4.0,36–50
878,2024-10-17,17,404,2,C036,Hamra,Keshek Manoushe,Manakish,4.0,0.7,M,23,Beirut,4071,17,10,2024,Thursday,8.0,6.6,16–25
2204,2024-03-03,17,303,2,C088,Hamra,Fresh Orange Juice,Cold Drinks,3.5,1.0,F,56,Beirut,879,3,3,2024,Sunday,7.0,5.0,50+
618,2024-08-31,12,605,1,C025,Hamra,Halloumi Salad,Salads,6.8,2.9,F,25,Beirut,3408,31,8,2024,Saturday,6.8,3.9,16–25
4289,2024-01-25,8,502,1,C173,Hamra,Chicken Sub Sandwich,Sandwiches,7.0,3.0,F,31,Tripoli,338,25,1,2024,Thursday,7.0,4.0,26–35
470,2024-03-30,17,503,1,C019,Hamra,BBQ Chicken Sandwich,Sandwiches,7.5,3.2,M,43,Tripoli,1257,30,3,2024,Saturday,7.5,4.3,36–50
3361,2024-03-15,9,702,1,C135,Hamra,Lotus Crepe,Desserts,5.8,1.9,F,20,Byblos,1039,15,3,2024,Friday,5.8,3.9,16–25
4645,2024-10-20,12,106,1,C186,Hamra,Cappuccino,Coffee,3.5,0.7,F,34,Beirut,4108,20,10,2024,Sunday,3.5,2.8,26–35
1632,2024-07-28,20,504,1,C066,Hamra,Halloumi Sandwich,Sandwiches,6.0,2.0,M,22,Zahle,2940,28,7,2024,Sunday,6.0,4.0,16–25
2012,2024-12-12,10,202,1,C080,Hamra,Mint Tea,Tea,2.2,0.5,F,40,Saida,4848,12,12,2024,Thursday,2.2,1.7000000000000002,36–50
4159,2024-01-17,12,706,3,C167,Hamra,Honey Pancakes,Desserts,4.5,1.5,F,25,Jounieh,230,17,1,2024,Wednesday,13.5,9.0,16–25
3123,2024-05-07,7,204,1,C125,Hamra,Chamomile Tea,Tea,2.5,0.5,F,37,Batroun,1779,7,5,2024,Tuesday,2.5,2.0,36–50
3700,2024-12-29,16,602,1,C146,Hamra,Greek Salad,Salads,6.5,2.8,M,27,Beirut,5092,29,12,2024,Sunday,6.5,3.7,26–35
2603,2024-09-07,18,110,1,C103,Hamra,Sahlab,Hot Drinks,4.0,1.0,M,21,Byblos,3512,7,9,2024,Saturday,4.0,3.0,16–25
3208,2024-06-27,7,305,2,C129,Hamra,Avocado Shake Cocktails,Shakes,6.0,2.2,F,58,Byblos,2493,27,6,2024,Thursday,12.0,7.6,50+
4773,2024-06-30,9,205,2,C191,Hamra,Mate,Tea,2.5,0.5,M,60,Byblos,2537,30,6,2024,Sunday,5.0,4.0,50+
3252,2024-05-31,14,406,2,C131,Hamra,Kaak with Cheese,Bakery,3.5,0.8,F,59,Byblos,2122,31,5,2024,Friday,7.0,5.4,50+
3162,2024-01-25,14,107,1,C127,Hamra,Mocha,Coffee,4.5,0.9,M,30,Tripoli,344,25,1,2024,Thursday,4.5,3.6,26–35
519,2024-06-28,17,505,2,C021,Hamra,Turkey Sandwich,Sandwiches,5.5,2.2,F,58,Batroun,2517,28,6,2024,Friday,11.0,6.6,50+
3149,2024-07-16,10,110,1,C126,Hamra,Sahlab,Hot Drinks,4.0,1.0,M,59,Jounieh,2762,16,7,2024,Tuesday,4.0,3.0,50+
3113,2024-12-09,12,110,1,C124,Hamra,Sahlab,Hot Drinks,4.0,1.0,M,52,Tyre,4808,9,12,2024,Monday,4.0,3.0,50+
3960,2024-06-09,14,701,1,C158,Hamra,Nutella Crepe,Desserts,5.5,1.8,F,26,Batroun,2248,9,6,2024,Sunday,5.5,3.7,26–35
255,2024-06-25,13,503,1,C011,Hamra,BBQ Chicken Sandwich,Sandwiches,7.5,3.2,M,23,Batroun,2471,25,6,2024,Tuesday,7.5,4.3,16–25
547,2024-10-11,17,403,3,C022,Hamra,Cheese Manoushe,Manakish,4.5,0.8,F,32,Tyre,3987,11,10,2024,Friday,13.5,11.100000000000001,26–35
2790,2024-03-03,13,405,2,C111,Hamra,Lahm Baajin,Manakish,5.0,1.2,M,40,Zahle,875,3,3,2024,Sunday,10.0,7.6,36–50
3124,2024-05-29,19,501,1,C125,Hamra,Shish Tawouk Sandwich,Sandwiches,6.5,2.5,F,37,Batroun,2099,29,5,2024,Wednesday,6.5,4.0,36–50
1408,2024-06-02,10,103,1,C057,Hamra,Blonde Coffee,Coffee,2.2,0.5,M,37,Batroun,2146,2,6,2024,Sunday,2.2,1.7000000000000002,36–50
2234,2024-06-04,15,703,1,C089,Hamra,Ashta W Banane,Cocktails Specials,7.0,2.5,F,21,Saida,2179,4,6,2024,Tuesday,7.0,4.5,16–25
3246,2024-02-18,18,601,1,C131,Hamra,Chicken Caesar Salad,Salads,7.5,3.2,F,59,Byblos,684,18,2,2024,Sunday,7.5,4.3,50+
3972,2024-12-02,16,205,1,C158,Hamra,Mate,Tea,2.5,0.5,F,26,Batroun,4714,2,12,2024,Monday,2.5,2.0,26–35
3181,2024-03-24,12,306,3,C128,Hamra,Mango Cocktail,Cocktails,6.0,2.2,M,36,Batroun,1168,24,3,2024,Sunday,18.0,11.399999999999999,36–50
1104,2024-12-26,20,705,3,C045,Hamra,Ice Cream 2 Scoops,Desserts,4.0,1.2,F,48,Tyre,5054,26,12,2024,Thursday,12.0,8.399999999999999,36–50
870,2024-06-25,18,501,1,C036,Hamra,Shish Tawouk Sandwich,Sandwiches,6.5,2.5,M,23,Beirut,2476,25,6,2024,Tuesday,6.5,4.0,16–25
2182,2024-05-27,17,202,2,C087,Hamra,Mint Tea,Tea,2.2,0.5,F,60,Batroun,2069,27,5,2024,Monday,4.4,3.4000000000000004,50+
2966,2024-04-27,9,104,1,C118,Hamra,Americano,Coffee,3.0,0.6,F,48,Jounieh,1641,27,4,2024,Saturday,3.0,2.4,36–50
1808,2024-12-07,11,605,1,C072,Hamra,Halloumi Salad,Salads,6.8,2.9,F,59,Jounieh,4779,7,12,2024,Saturday,6.8,3.9,50+
4793,2024-03-03,11,109,1,C192,Hamra,Hot Chocolate,Hot Drinks,3.8,0.9,F,27,Tripoli,873,3,3,2024,Sunday,3.8,2.9,26–35
4515,2024-07-07,20,503,1,C182,Hamra,BBQ Chicken Sandwich,Sandwiches,7.5,3.2,F,55,Zahle,2646,7,7,2024,Sunday,7.5,4.3,50+
1703,2024-12-25,11,506,2,C068,Hamra,Steak Sandwich,Sandwiches,9.0,4.0,F,21,Beirut,5031,25,12,2024,Wednesday,18.0,10.0,16–25
4402,2024-02-18,14,403,1,C178,Hamra,Cheese Manoushe,Manakish,4.5,0.8,F,33,Zahle,680,18,2,2024,Sunday,4.5,3.7,26–35
2611,2024-11-22,15,308,1,C103,Hamra,Banane Avocat,Cocktails,6.5,2.5,M,21,Byblos,4573,22,11,2024,Friday,6.5,4.0,16–25
3989,2024-09-13,19,603,1,C159,Hamra,Fattoush,Salads,5.5,2.0,M,59,Tripoli,3597,13,9,2024,Friday,5.5,3.5,50+
709,2024-08-11,15,504,3,C029,Hamra,Halloumi Sandwich,Sandwiches,6.0,2.0,F,24,Tripoli,3131,11,8,2024,Sunday,18.0,12.0,16–25
4664,2024-05-20,19,602,1,C187,Hamra,Greek Salad,Salads,6.5,2.8,F,18,Tyre,1973,20,5,2024,Monday,6.5,3.7,16–25
4106,2024-08-02,12,307,2,C164,Hamra,Strawberry Cocktail,Cocktails,6.0,2.0,F,53,Batroun,3002,2,8,2024,Friday,12.0,8.0,50+
2649,2024-07-29,12,309,2,C105,Hamra,Chocolate Milkshake,Shakes,5.5,1.8,F,27,Tripoli,2946,29,7,2024,Monday,11.0,7.4,26–35
1833,2024-11-13,15,704,1,C073,Hamra,Mafroukeh Dessert,Desserts,6.5,2.5,F,54,Saida,4447,13,11,2024,Wednesday,6.5,4.0,50+
2982,2024-02-01,10,401,1,C119,Hamra,Croissant,Bakery,3.0,0.8,F,42,Tyre,438,1,2,2024,Thursday,3.0,2.2,36–50
2135,2024-06-06,12,405,2,C085,Hamra,Lahm Baajin,Manakish,5.0,1.2,F,40,Saida,2204,6,6,2024,Thursday,10.0,7.6,36–50
4876,2024-10-11,10,408,1,C195,Hamra,Fries,Appetizers,3.0,0.7,M,26,Saida,3980,11,10,2024,Friday,3.0,2.3,26–35
2245,2024-10-31,17,301,3,C089,Hamra,Lemonade,Cold Drinks,3.0,0.8,F,21,Saida,4267,31,10,2024,Thursday,9.0,6.6000000000000005,16–25
2243,2024-10-12,7,307,1,C089,Hamra,Strawberry Cocktail,Cocktails,6.0,2.0,F,21,Saida,3991,12,10,2024,Saturday,6.0,4.0,16–25
1893,2024-05-23,13,702,1,C076,Hamra,Lotus Crepe,Desserts,5.8,1.9,M,40,Saida,2009,23,5,2024,Thursday,5.8,3.9,36–50
3479,2024-01-19,20,703,2,C139,Hamra,Ashta W Banane,Cocktails Specials,7.0,2.5,M,33,Saida,266,19,1,2024,Friday,14.0,9.0,26–35
2918,2024-01-18,16,601,2,C116,Hamra,Chicken Caesar Salad,Salads,7.5,3.2,F,48,Jounieh,248,18,1,2024,Thursday,15.0,8.6,36–50
3498,2024-09-13,17,303,3,C139,Hamra,Fresh Orange Juice,Cold Drinks,3.5,1.0,M,33,Saida,3595,13,9,2024,Friday,10.5,7.5,26–35
3861,2024-03-18,18,107,1,C154,Hamra,Mocha,Coffee,4.5,0.9,F,25,Tripoli,1090,18,3,2024,Monday,4.5,3.6,16–25
1302,2024-06-23,12,703,3,C053,Hamra,Ashta W Banane,Cocktails Specials,7.0,2.5,F,46,Batroun,2442,23,6,2024,Sunday,21.0,13.5,36–50
3574,2024-07-12,15,401,2,C142,Hamra,Croissant,Bakery,3.0,0.8,F,44,Batroun,2711,12,7,2024,Friday,6.0,4.4,36–50
1589,2024-04-22,13,108,2,C064,Hamra,Caramel Latte,Coffee,4.8,1.0,M,26,Jounieh,1575,22,4,2024,Monday,9.6,7.6,26–35
3453,2024-04-23,19,106,1,C138,Hamra,Cappuccino,Coffee,3.5,0.7,F,55,Tyre,1595,23,4,2024,Tuesday,3.5,2.8,50+
759,2024-08-09,13,405,1,C031,Hamra,Lahm Baajin,Manakish,5.0,1.2,M,18,Jounieh,3101,9,8,2024,Friday,5.0,3.8,16–25
868,2024-06-14,8,503,3,C036,Hamra,BBQ Chicken Sandwich,Sandwiches,7.5,3.2,M,23,Beirut,2312,14,6,2024,Friday,22.5,12.899999999999999,16–25
239,2024-11-14,18,308,1,C010,Hamra,Banane Avocat,Cocktails,6.5,2.5,F,49,Tyre,4464,14,11,2024,Thursday,6.5,4.0,36–50
632,2024-05-11,17,407,1,C026,Hamra,Cheese Rolls,Appetizers,4.5,1.0,M,28,Beirut,1845,11,5,2024,Saturday,4.5,3.5,26–35
502,2024-09-20,15,307,1,C020,Hamra,Strawberry Cocktail,Cocktails,6.0,2.0,M,55,Tyre,3691,20,9,2024,Friday,6.0,4.0,50+
3120,2024-02-24,16,506,1,C125,Hamra,Steak Sandwich,Sandwiches,9.0,4.0,F,37,Batroun,766,24,2,2024,Saturday,9.0,5.0,36–50
1084,2024-12-24,15,601,1,C044,Hamra,Chicken Caesar Salad,Salads,7.5,3.2,F,20,Zahle,5021,24,12,2024,Tuesday,7.5,4.3,16–25
1531,2024-05-10,12,603,1,C062,Hamra,Fattoush,Salads,5.5,2.0,F,50,Tyre,1826,10,5,2024,Friday,5.5,3.5,36–50
1979,2024-10-14,19,109,2,C079,Hamra,Hot Chocolate,Hot Drinks,3.8,0.9,M,38,Byblos,4031,14,10,2024,Monday,7.6,5.8,36–50
207,2024-09-22,9,406,1,C009,Hamra,Kaak with Cheese,Bakery,3.5,0.8,M,21,Beirut,3713,22,9,2024,Sunday,3.5,2.7,16–25
1787,2024-12-31,7,107,1,C071,Hamra,Mocha,Coffee,4.5,0.9,F,29,Byblos,5111,31,12,2024,Tuesday,4.5,3.6,26–35
2259,2024-06-10,10,109,1,C090,Hamra,Hot Chocolate,Hot Drinks,3.8,0.9,F,20,Beirut,2258,10,6,2024,Monday,3.8,2.9,16–25
584,2024-03-27,20,203,1,C024,Hamra,Green Tea,Tea,2.2,0.5,M,18,Tripoli,1218,27,3,2024,Wednesday,2.2,1.7000000000000002,16–25
3513,2024-02-24,20,103,1,C140,Hamra,Blonde Coffee,Coffee,2.2,0.5,F,50,Tripoli,770,24,2,2024,Saturday,2.2,1.7000000000000002,36–50
1487,2024-10-14,9,410,2,C060,Hamra,Hummus,Appetizers,4.0,1.2,F,22,Zahle,4021,14,10,2024,Monday,8.0,5.6,16–25
2100,2024-06-26,20,408,1,C084,Hamra,Fries,Appetizers,3.0,0.7,M,53,Batroun,2492,26,6,2024,Wednesday,3.0,2.3,50+
3029,2024-12-14,18,306,3,C120,Hamra,Mango Cocktail,Cocktails,6.0,2.2,F,50,Zahle,4884,14,12,2024,Saturday,18.0,11.399999999999999,36–50
1943,2024-01-08,7,406,1,C078,Hamra,Kaak with Cheese,Bakery,3.5,0.8,M,23,Beirut,99,8,1,2024,Monday,3.5,2.7,16–25
394,2024-11-16,9,705,1,C016,Hamra,Ice Cream 2 Scoops,Desserts,4.0,1.2,M,50,Zahle,4483,16,11,2024,Saturday,4.0,2.8,36–50
717,2024-11-08,20,409,1,C029,Hamra,Pita Chips,Appetizers,2.5,0.6,F,24,Tripoli,4382,8,11,2024,Friday,2.5,1.9,16–25
4011,2024-09-03,20,407,1,C160,Hamra,Cheese Rolls,Appetizers,4.5,1.0,M,20,Beirut,3458,3,9,2024,Tuesday,4.5,3.5,16–25
3004,2024-11-18,10,410,2,C119,Hamra,Hummus,Appetizers,4.0,1.2,F,42,Tyre,4512,18,11,2024,Monday,8.0,5.6,36–50
846,2024-09-11,19,205,2,C035,Hamra,Mate,Tea,2.5,0.5,M,33,Byblos,3569,11,9,2024,Wednesday,5.0,4.0,26–35
1055,2024-11-23,19,407,1,C043,Hamra,Cheese Rolls,Appetizers,4.5,1.0,M,42,Tyre,4591,23,11,2024,Saturday,4.5,3.5,36–50
2392,2024-02-23,20,106,1,C096,Hamra,Cappuccino,Coffee,3.5,0.7,M,46,Zahle,756,23,2,2024,Friday,3.5,2.8,36–50
2996,2024-09-05,14,603,1,C119,Hamra,Fattoush,Salads,5.5,2.0,F,42,Tyre,3480,5,9,2024,Thursday,5.5,3.5,36–50
1304,2024-08-26,15,306,1,C053,Hamra,Mango Cocktail,Cocktails,6.0,2.2,F,46,Batroun,3341,26,8,2024,Monday,6.0,3.8,36–50
500,2024-08-16,9,408,3,C020,Hamra,Fries,Appetizers,3.0,0.7,M,55,Tyre,3195,16,8,2024,Friday,9.0,6.8999999999999995,50+
2895,2024-03-07,12,407,1,C115,Hamra,Cheese Rolls,Appetizers,4.5,1.0,F,36,Byblos,930,7,3,2024,Thursday,4.5,3.5,36–50
171,2024-02-20,16,705,2,C008,Hamra,Ice Cream 2 Scoops,Desserts,4.0,1.2,F,49,Byblos,710,20,2,2024,Tuesday,8.0,5.6,36–50
3065,2024-04-06,17,304,1,C122,Hamra,Carrot Juice,Cold Drinks,3.5,1.0,F,41,Beirut,1355,6,4,2024,Saturday,3.5,2.5,36–50
1010,2024-04-01,11,408,1,C042,Hamra,Fries,Appetizers,3.0,0.7,F,26,Tripoli,1279,1,4,2024,Monday,3.0,2.3,26–35
1934,2024-09-20,12,403,1,C077,Hamra,Cheese Manoushe,Manakish,4.5,0.8,M,30,Zahle,3688,20,9,2024,Friday,4.5,3.7,26–35
1748,2024-10-17,10,406,1,C070,Hamra,Kaak with Cheese,Bakery,3.5,0.8,F,27,Byblos,4064,17,10,2024,Thursday,3.5,2.7,26–35
2793,2024-04-05,16,306,2,C111,Hamra,Mango Cocktail,Cocktails,6.0,2.2,M,40,Zahle,1340,5,4,2024,Friday,12.0,7.6,36–50
373,2024-03-28,12,409,1,C016,Hamra,Pita Chips,Appetizers,2.5,0.6,M,50,Zahle,1224,28,3,2024,Thursday,2.5,1.9,36–50
1710,2024-03-18,13,205,2,C069,Hamra,Mate,Tea,2.5,0.5,F,56,Zahle,1085,18,3,2024,Monday,5.0,4.0,50+
1306,2024-10-14,15,204,1,C053,Hamra,Chamomile Tea,Tea,2.5,0.5,F,46,Batroun,4027,14,10,2024,Monday,2.5,2.0,36–50
4294,2024-04-29,16,304,3,C173,Hamra,Carrot Juice,Cold Drinks,3.5,1.0,F,31,Tripoli,1676,29,4,2024,Monday,10.5,7.5,26–35
4448,2024-10-28,13,601,1,C179,Hamra,Chicken Caesar Salad,Salads,7.5,3.2,F,43,Zahle,4221,28,10,2024,Monday,7.5,4.3,36–50
134,2024-06-13,12,205,2,C006,Hamra,Mate,Tea,2.5,0.5,F,44,Tripoli,2302,13,6,2024,Thursday,5.0,4.0,36–50
3081,2024-06-30,7,106,2,C123,Hamra,Cappuccino,Coffee,3.5,0.7,F,27,Saida,2535,30,6,2024,Sunday,7.0,5.6,26–35
801,2024-08-10,8,705,3,C033,Hamra,Ice Cream 2 Scoops,Desserts,4.0,1.2,M,33,Batroun,3110,10,8,2024,Saturday,12.0,8.399999999999999,26–35
364,2024-11-06,7,109,1,C015,Hamra,Hot Chocolate,Hot Drinks,3.8,0.9,F,52,Zahle,4341,6,11,2024,Wednesday,3.8,2.9,50+
317,2024-01-07,15,501,2,C014,Hamra,Shish Tawouk Sandwich,Sandwiches,6.5,2.5,M,38,Saida,93,7,1,2024,Sunday,13.0,8.0,36–50
4184,2024-11-25,16,305,1,C167,Hamra,Avocado Shake Cocktails,Shakes,6.0,2.2,F,25,Jounieh,4616,25,11,2024,Monday,6.0,3.8,16–25
1571,2024-09-19,16,409,1,C063,Hamra,Pita Chips,Appetizers,2.5,0.6,F,32,Byblos,3678,19,9,2024,Thursday,2.5,1.9,26–35
107,2024-06-09,15,502,1,C005,Hamra,Chicken Sub Sandwich,Sandwiches,7.0,3.0,M,33,Beirut,2249,9,6,2024,Sunday,7.0,4.0,26–35
3045,2024-05-30,13,401,1,C121,Hamra,Croissant,Bakery,3.0,0.8,F,53,Batroun,2107,30,5,2024,Thursday,3.0,2.2,50+
2255,2024-03-25,19,303,3,C090,Hamra,Fresh Orange Juice,Cold Drinks,3.5,1.0,F,20,Beirut,1189,25,3,2024,Monday,10.5,7.5,16–25
2692,2024-05-26,8,403,1,C107,Hamra,Cheese Manoushe,Manakish,4.5,0.8,M,18,Tyre,2046,26,5,2024,Sunday,4.5,3.7,16–25
4459,2024-04-21,12,704,1,C180,Hamra,Mafroukeh Dessert,Desserts,6.5,2.5,M,20,Jounieh,1560,21,4,2024,Sunday,6.5,4.0,16–25
368,2024-02-05,17,109,1,C016,Hamra,Hot Chocolate,Hot Drinks,3.8,0.9,M,50,Zahle,501,5,2,2024,Monday,3.8,2.9,36–50
2489,2024-10-11,10,407,1,C099,Hamra,Cheese Rolls,Appetizers,4.5,1.0,M,49,Zahle,3980,11,10,2024,Friday,4.5,3.5,36–50
4149,2024-07-06,7,706,1,C166,Hamra,Honey Pancakes,Desserts,4.5,1.5,F,48,Beirut,2619,6,7,2024,Saturday,4.5,3.0,36–50
1296,2024-03-22,7,106,1,C053,Hamra,Cappuccino,Coffee,3.5,0.7,F,46,Batroun,1135,22,3,2024,Friday,3.5,2.8,36–50
1911,2024-01-02,18,204,1,C077,Hamra,Chamomile Tea,Tea,2.5,0.5,M,30,Zahle,26,2,1,2024,Tuesday,2.5,2.0,26–35
2331,2024-10-29,11,403,1,C093,Hamra,Cheese Manoushe,Manakish,4.5,0.8,F,27,Byblos,4233,29,10,2024,Tuesday,4.5,3.7,26–35
4494,2024-07-15,18,309,3,C181,Hamra,Chocolate Milkshake,Shakes,5.5,1.8,F,60,Tripoli,2756,15,7,2024,Monday,16.5,11.100000000000001,50+
4309,2024-01-11,8,203,2,C174,Hamra,Green Tea,Tea,2.2,0.5,M,20,Tyre,142,11,1,2024,Thursday,4.4,3.4000000000000004,16–25
2465,2024-08-21,10,601,3,C098,Hamra,Chicken Caesar Salad,Salads,7.5,3.2,M,33,Tripoli,3266,21,8,2024,Wednesday,22.5,12.899999999999999,26–35
2460,2024-07-13,7,202,1,C098,Hamra,Mint Tea,Tea,2.2,0.5,M,33,Tripoli,2717,13,7,2024,Saturday,2.2,1.7000000000000002,26–35
3591,2024-04-28,10,704,1,C143,Hamra,Mafroukeh Dessert,Desserts,6.5,2.5,M,36,Saida,1656,28,4,2024,Sunday,6.5,4.0,36–50
1444,2024-01-20,17,304,1,C059,Hamra,Carrot Juice,Cold Drinks,3.5,1.0,F,31,Jounieh,277,20,1,2024,Saturday,3.5,2.5,26–35
4414,2024-09-17,12,306,1,C178,Hamra,Mango Cocktail,Cocktails,6.0,2.2,F,33,Zahle,3646,17,9,2024,Tuesday,6.0,3.8,26–35
3437,2024-10-19,16,402,1,C137,Hamra,Zaatar Manoushe,Manakish,3.5,0.5,F,30,Saida,4098,19,10,2024,Saturday,3.5,3.0,26–35
640,2024-09-12,10,304,1,C026,Hamra,Carrot Juice,Cold Drinks,3.5,1.0,M,28,Beirut,3574,12,9,2024,Thursday,3.5,2.5,26–35
73,2024-08-09,7,309,1,C003,Hamra,Chocolate Milkshake,Shakes,5.5,1.8,F,51,Batroun,3095,9,8,2024,Friday,5.5,3.7,50+
2512,2024-08-13,13,401,1,C100,Hamra,Croissant,Bakery,3.0,0.8,F,29,Byblos,3157,13,8,2024,Tuesday,3.0,2.2,26–35
1145,2024-02-22,20,603,2,C047,Hamra,Fattoush,Salads,5.5,2.0,M,24,Jounieh,742,22,2,2024,Thursday,11.0,7.0,16–25
122,2024-12-20,8,403,1,C005,Hamra,Cheese Manoushe,Manakish,4.5,0.8,M,33,Beirut,4958,20,12,2024,Friday,4.5,3.7,26–35
1548,2024-12-07,15,604,1,C062,Hamra,Tabbouleh,Salads,5.5,2.0,F,50,Tyre,4783,7,12,2024,Saturday,5.5,3.5,36–50
2120,2024-12-29,19,303,1,C084,Hamra,Fresh Orange Juice,Cold Drinks,3.5,1.0,M,53,Batroun,5095,29,12,2024,Sunday,3.5,2.5,50+
3317,2024-10-06,9,602,1,C133,Hamra,Greek Salad,Salads,6.5,2.8,M,41,Beirut,3909,6,10,2024,Sunday,6.5,3.7,36–50
3449,2024-03-21,14,411,1,C138,Hamra,Mutabbal,Appetizers,4.2,1.2,F,55,Tyre,1128,21,3,2024,Thursday,4.2,3.0,50+
2003,2024-07-20,19,506,1,C080,Hamra,Steak Sandwich,Sandwiches,9.0,4.0,F,40,Saida,2827,20,7,2024,Saturday,9.0,5.0,36–50
1565,2024-06-06,14,404,1,C063,Hamra,Keshek Manoushe,Manakish,4.0,0.7,F,32,Byblos,2206,6,6,2024,Thursday,4.0,3.3,26–35
612,2024-04-29,9,302,2,C025,Hamra,Lemonade Mint,Cold Drinks,3.5,1.0,F,25,Beirut,1669,29,4,2024,Monday,7.0,5.0,16–25
1060,2024-02-28,10,104,2,C044,Hamra,Americano,Coffee,3.0,0.6,F,20,Zahle,816,28,2,2024,Wednesday,6.0,4.8,16–25
3844,2024-08-02,8,602,1,C153,Hamra,Greek Salad,Salads,6.5,2.8,M,41,Jounieh,2998,2,8,2024,Friday,6.5,3.7,36–50
3958,2024-05-07,10,603,1,C158,Hamra,Fattoush,Salads,5.5,2.0,F,26,Batroun,1782,7,5,2024,Tuesday,5.5,3.5,26–35
336,2024-08-11,17,404,1,C014,Hamra,Keshek Manoushe,Manakish,4.0,0.7,M,38,Saida,3133,11,8,2024,Sunday,4.0,3.3,36–50
2161,2024-07-27,17,104,2,C086,Hamra,Americano,Coffee,3.0,0.6,M,33,Tripoli,2923,27,7,2024,Saturday,6.0,4.8,26–35
4255,2024-04-24,17,110,1,C171,Hamra,Sahlab,Hot Drinks,4.0,1.0,M,27,Byblos,1607,24,4,2024,Wednesday,4.0,3.0,26–35
3912,2024-07-27,20,310,1,C156,Hamra,Strawberry Milkshake,Shakes,5.5,1.8,M,52,Jounieh,2926,27,7,2024,Saturday,5.5,3.7,50+
465,2024-01-14,15,406,1,C019,Hamra,Kaak with Cheese,Bakery,3.5,0.8,M,43,Tripoli,191,14,1,2024,Sunday,3.5,2.7,36–50
2552,2024-01-09,8,103,1,C102,Hamra,Blonde Coffee,Coffee,2.2,0.5,M,29,Tripoli,114,9,1,2024,Tuesday,2.2,1.7000000000000002,26–35
4230,2024-02-09,18,605,2,C170,Hamra,Halloumi Salad,Salads,6.8,2.9,F,23,Tripoli,558,9,2,2024,Friday,13.6,7.8,16–25
501,2024-08-24,18,102,1,C020,Hamra,Turkish Coffee,Coffee,2.0,0.4,M,55,Tyre,3316,24,8,2024,Saturday,2.0,1.6,50+
1978,2024-10-07,19,310,1,C079,Hamra,Strawberry Milkshake,Shakes,5.5,1.8,M,38,Byblos,3933,7,10,2024,Monday,5.5,3.7,36–50
3507,2024-12-24,9,702,1,C139,Hamra,Lotus Crepe,Desserts,5.8,1.9,M,33,Saida,5015,24,12,2024,Tuesday,5.8,3.9,26–35
4518,2024-07-19,17,106,1,C182,Hamra,Cappuccino,Coffee,3.5,0.7,F,55,Zahle,2811,19,7,2024,Friday,3.5,2.8,50+
2468,2024-09-02,17,401,2,C098,Hamra,Croissant,Bakery,3.0,0.8,M,33,Tripoli,3441,2,9,2024,Monday,6.0,4.4,26–35
3055,2024-10-04,10,108,2,C121,Hamra,Caramel Latte,Coffee,4.8,1.0,F,53,Batroun,3882,4,10,2024,Friday,9.6,7.6,50+
3825,2024-08-22,11,410,1,C152,Hamra,Hummus,Appetizers,4.0,1.2,F,39,Tripoli,3281,22,8,2024,Thursday,4.0,2.8,36–50
4923,2024-01-04,7,402,1,C198,Hamra,Zaatar Manoushe,Manakish,3.5,0.5,F,29,Tyre,43,4,1,2024,Thursday,3.5,3.0,26–35
411,2024-06-02,13,310,1,C017,Hamra,Strawberry Milkshake,Shakes,5.5,1.8,M,34,Byblos,2149,2,6,2024,Sunday,5.5,3.7,26–35
3901,2024-01-29,20,303,1,C156,Hamra,Fresh Orange Juice,Cold Drinks,3.5,1.0,M,52,Jounieh,406,29,1,2024,Monday,3.5,2.5,50+
1218,2024-04-18,16,101,1,C050,Hamra,Espresso,Coffee,2.5,0.5,M,38,Jounieh,1522,18,4,2024,Thursday,2.5,2.0,36–50
4542,2024-04-07,13,701,1,C183,Hamra,Nutella Crepe,Desserts,5.5,1.8,M,23,Saida,1365,7,4,2024,Sunday,5.5,3.7,16–25
226,2024-08-02,15,503,1,C010,Hamra,BBQ Chicken Sandwich,Sandwiches,7.5,3.2,F,49,Tyre,3005,2,8,2024,Friday,7.5,4.3,36–50
3753,2024-10-19,10,103,1,C149,Hamra,Blonde Coffee,Coffee,2.2,0.5,M,40,Beirut,4092,19,10,2024,Saturday,2.2,1.7000000000000002,36–50
1425,2024-03-15,20,104,1,C058,Hamra,Americano,Coffee,3.0,0.6,F,22,Tripoli,1050,15,3,2024,Friday,3.0,2.4,16–25
4064,2024-11-21,20,505,2,C162,Hamra,Turkey Sandwich,Sandwiches,5.5,2.2,F,37,Saida,4564,21,11,2024,Thursday,11.0,6.6,36–50
2364,2024-05-25,12,501,1,C095,Hamra,Shish Tawouk Sandwich,Sandwiches,6.5,2.5,M,40,Zahle,2036,25,5,2024,Saturday,6.5,4.0,36–50
2689,2024-05-07,17,704,2,C107,Hamra,Mafroukeh Dessert,Desserts,6.5,2.5,M,18,Tyre,1789,7,5,2024,Tuesday,13.0,8.0,16–25
4263,2024-12-06,8,205,1,C171,Hamra,Mate,Tea,2.5,0.5,M,27,Byblos,4762,6,12,2024,Friday,2.5,2.0,26–35
3482,2024-02-11,18,108,1,C139,Hamra,Caramel Latte,Coffee,4.8,1.0,M,33,Saida,586,11,2,2024,Sunday,4.8,3.8,26–35
807,2024-12-21,18,502,2,C033,Hamra,Chicken Sub Sandwich,Sandwiches,7.0,3.0,M,33,Batroun,4982,21,12,2024,Saturday,14.0,8.0,26–35
4621,2024-02-10,20,703,1,C186,Hamra,Ashta W Banane,Cocktails Specials,7.0,2.5,F,34,Beirut,574,10,2,2024,Saturday,7.0,4.5,26–35
1107,2024-02-03,10,304,2,C046,Hamra,Carrot Juice,Cold Drinks,3.5,1.0,F,60,Saida,466,3,2,2024,Saturday,7.0,5.0,50+
4710,2024-01-17,8,605,1,C189,Hamra,Halloumi Salad,Salads,6.8,2.9,F,43,Tripoli,226,17,1,2024,Wednesday,6.8,3.9,36–50
4749,2024-06-13,16,401,1,C190,Hamra,Croissant,Bakery,3.0,0.8,M,30,Beirut,2306,13,6,2024,Thursday,3.0,2.2,26–35
3205,2024-06-01,11,503,1,C129,Hamra,BBQ Chicken Sandwich,Sandwiches,7.5,3.2,F,58,Byblos,2133,1,6,2024,Saturday,7.5,4.3,50+
3742,2024-03-16,13,110,1,C149,Hamra,Sahlab,Hot Drinks,4.0,1.0,M,40,Beirut,1057,16,3,2024,Saturday,4.0,3.0,36–50
1528,2024-03-27,19,502,1,C062,Hamra,Chicken Sub Sandwich,Sandwiches,7.0,3.0,F,50,Tyre,1217,27,3,2024,Wednesday,7.0,4.0,36–50
4801,2024-04-26,7,204,1,C192,Hamra,Chamomile Tea,Tea,2.5,0.5,F,27,Tripoli,1625,26,4,2024,Friday,2.5,2.0,26–35
2195,2024-12-27,16,702,1,C087,Hamra,Lotus Crepe,Desserts,5.8,1.9,F,60,Batroun,5064,27,12,2024,Friday,5.8,3.9,50+
1835,2024-12-07,16,505,1,C073,Hamra,Turkey Sandwich,Sandwiches,5.5,2.2,F,54,Saida,4784,7,12,2024,Saturday,5.5,3.3,50+
4559,2024-01-27,13,304,1,C184,Hamra,Carrot Juice,Cold Drinks,3.5,1.0,M,25,Batroun,371,27,1,2024,Saturday,3.5,2.5,16–25
22,2024-11-08,16,405,1,C001,Hamra,Lahm Baajin,Manakish,5.0,1.2,F,18,Zahle,4378,8,11,2024,Friday,5.0,3.8,16–25
524,2024-10-13,19,105,1,C021,Hamra,Café Latte,Coffee,4.0,0.8,F,58,Batroun,4017,13,10,2024,Sunday,4.0,3.2,50+
536,2024-05-13,12,406,1,C022,Hamra,Kaak with Cheese,Bakery,3.5,0.8,F,32,Tyre,1868,13,5,2024,Monday,3.5,2.7,26–35
4519,2024-08-06,12,107,2,C182,Hamra,Mocha,Coffee,4.5,0.9,F,55,Zahle,3058,6,8,2024,Tuesday,9.0,7.2,50+
89,2024-06-16,18,304,2,C004,Hamra,Carrot Juice,Cold Drinks,3.5,1.0,M,23,Tyre,2350,16,6,2024,Sunday,7.0,5.0,16–25
1611,2024-04-07,14,406,1,C065,Hamra,Kaak with Cheese,Bakery,3.5,0.8,F,42,Saida,1366,7,4,2024,Sunday,3.5,2.7,36–50
4445,2024-09-24,14,705,3,C179,Hamra,Ice Cream 2 Scoops,Desserts,4.0,1.2,F,43,Zahle,3746,24,9,2024,Tuesday,12.0,8.399999999999999,36–50
1568,2024-08-24,12,503,1,C063,Hamra,BBQ Chicken Sandwich,Sandwiches,7.5,3.2,F,32,Byblos,3310,24,8,2024,Saturday,7.5,4.3,26–35
3607,2024-11-04,9,309,3,C143,Hamra,Chocolate Milkshake,Shakes,5.5,1.8,M,36,Saida,4315,4,11,2024,Monday,16.5,11.100000000000001,36–50
869,2024-06-21,11,409,2,C036,Hamra,Pita Chips,Appetizers,2.5,0.6,M,23,Beirut,2413,21,6,2024,Friday,5.0,3.8,16–25
708,2024-07-08,8,308,2,C029,Hamra,Banane Avocat,Cocktails,6.5,2.5,F,24,Tripoli,2648,8,7,2024,Monday,13.0,8.0,16–25
4461,2024-05-01,20,701,1,C180,Hamra,Nutella Crepe,Desserts,5.5,1.8,M,20,Jounieh,1708,1,5,2024,Wednesday,5.5,3.7,16–25
4311,2024-02-15,11,603,1,C174,Hamra,Fattoush,Salads,5.5,2.0,M,20,Tyre,635,15,2,2024,Thursday,5.5,3.5,16–25
1709,2024-03-04,20,504,1,C069,Hamra,Halloumi Sandwich,Sandwiches,6.0,2.0,F,56,Zahle,896,4,3,2024,Monday,6.0,4.0,50+
3932,2024-05-09,15,106,2,C157,Hamra,Cappuccino,Coffee,3.5,0.7,F,30,Jounieh,1815,9,5,2024,Thursday,7.0,5.6,26–35
2810,2024-11-05,16,502,1,C111,Hamra,Chicken Sub Sandwich,Sandwiches,7.0,3.0,M,40,Zahle,4336,5,11,2024,Tuesday,7.0,4.0,36–50
4350,2024-12-28,7,505,2,C175,Hamra,Turkey Sandwich,Sandwiches,5.5,2.2,F,39,Saida,5069,28,12,2024,Saturday,11.0,6.6,36–50
3842,2024-07-11,16,411,1,C153,Hamra,Mutabbal,Appetizers,4.2,1.2,M,41,Jounieh,2698,11,7,2024,Thursday,4.2,3.0,36–50
3643,2024-11-02,11,402,2,C144,Hamra,Zaatar Manoushe,Manakish,3.5,0.5,F,39,Batroun,4289,2,11,2024,Saturday,7.0,6.0,36–50
2506,2024-06-29,18,201,1,C100,Hamra,Tea,Tea,2.0,0.4,F,29,Byblos,2532,29,6,2024,Saturday,2.0,1.6,26–35
998,2024-10-18,12,105,1,C041,Hamra,Café Latte,Coffee,4.0,0.8,M,42,Tyre,4080,18,10,2024,Friday,4.0,3.2,36–50
4830,2024-10-08,20,302,1,C193,Hamra,Lemonade Mint,Cold Drinks,3.5,1.0,M,48,Byblos,3948,8,10,2024,Tuesday,3.5,2.5,36–50
4907,2024-01-29,17,705,1,C197,Hamra,Ice Cream 2 Scoops,Desserts,4.0,1.2,M,57,Zahle,403,29,1,2024,Monday,4.0,2.8,50+
3728,2024-05-28,13,107,1,C148,Hamra,Mocha,Coffee,4.5,0.9,M,19,Beirut,2079,28,5,2024,Tuesday,4.5,3.6,16–25
4916,2024-09-23,15,402,2,C197,Hamra,Zaatar Manoushe,Manakish,3.5,0.5,M,57,Zahle,3733,23,9,2024,Monday,7.0,6.0,50+
4114,2024-10-22,12,605,1,C164,Hamra,Halloumi Salad,Salads,6.8,2.9,F,53,Batroun,4136,22,10,2024,Tuesday,6.8,3.9,50+
4619,2024-01-11,11,205,1,C186,Hamra,Mate,Tea,2.5,0.5,F,34,Beirut,145,11,1,2024,Thursday,2.5,2.0,26–35
1180,2024-06-12,18,604,2,C048,Hamra,Tabbouleh,Salads,5.5,2.0,F,39,Zahle,2294,12,6,2024,Wednesday,11.0,7.0,36–50
3225,2024-04-22,13,203,1,C130,Hamra,Green Tea,Tea,2.2,0.5,F,26,Beirut,1575,22,4,2024,Monday,2.2,1.7000000000000002,26–35
3935,2024-07-05,19,201,3,C157,Hamra,Tea,Tea,2.0,0.4,F,30,Jounieh,2617,5,7,2024,Friday,6.0,4.800000000000001,26–35
3642,2024-10-21,7,603,3,C144,Hamra,Fattoush,Salads,5.5,2.0,F,39,Batroun,4117,21,10,2024,Monday,16.5,10.5,36–50
4083,2024-08-19,17,401,1,C163,Hamra,Croissant,Bakery,3.0,0.8,F,40,Beirut,3245,19,8,2024,Monday,3.0,2.2,36–50
2804,2024-08-14,20,307,1,C111,Hamra,Strawberry Cocktail,Cocktails,6.0,2.0,M,40,Zahle,3178,14,8,2024,Wednesday,6.0,4.0,36–50
1545,2024-11-05,11,403,1,C062,Hamra,Cheese Manoushe,Manakish,4.5,0.8,F,50,Tyre,4331,5,11,2024,Tuesday,4.5,3.7,36–50
2687,2024-04-07,8,309,2,C107,Hamra,Chocolate Milkshake,Shakes,5.5,1.8,M,18,Tyre,1360,7,4,2024,Sunday,11.0,7.4,16–25
2665,2024-02-24,10,404,1,C106,Hamra,Keshek Manoushe,Manakish,4.0,0.7,F,59,Tripoli,760,24,2,2024,Saturday,4.0,3.3,50+
3274,2024-04-20,13,109,1,C132,Hamra,Hot Chocolate,Hot Drinks,3.8,0.9,M,33,Tyre,1547,20,4,2024,Saturday,3.8,2.9,26–35
2850,2024-05-31,11,506,2,C113,Hamra,Steak Sandwich,Sandwiches,9.0,4.0,F,27,Beirut,2119,31,5,2024,Friday,18.0,10.0,26–35
1692,2024-09-02,18,104,1,C068,Hamra,Americano,Coffee,3.0,0.6,F,21,Beirut,3442,2,9,2024,Monday,3.0,2.4,16–25
4428,2024-03-09,12,702,2,C179,Hamra,Lotus Crepe,Desserts,5.8,1.9,F,43,Zahle,958,9,3,2024,Saturday,11.6,7.8,36–50
2246,2024-11-07,8,604,2,C089,Hamra,Tabbouleh,Salads,5.5,2.0,F,21,Saida,4356,7,11,2024,Thursday,11.0,7.0,16–25
4037,2024-10-15,9,303,1,C161,Hamra,Fresh Orange Juice,Cold Drinks,3.5,1.0,F,35,Batroun,4035,15,10,2024,Tuesday,3.5,2.5,26–35
1957,2024-09-06,13,601,2,C078,Hamra,Chicken Caesar Salad,Salads,7.5,3.2,M,23,Beirut,3493,6,9,2024,Friday,15.0,8.6,16–25
3812,2024-02-05,17,301,2,C152,Hamra,Lemonade,Cold Drinks,3.0,0.8,F,39,Tripoli,501,5,2,2024,Monday,6.0,4.4,36–50
1879,2024-08-26,8,408,1,C075,Hamra,Fries,Appetizers,3.0,0.7,M,58,Saida,3334,26,8,2024,Monday,3.0,2.3,50+
616,2024-05-27,18,404,1,C025,Hamra,Keshek Manoushe,Manakish,4.0,0.7,F,25,Beirut,2070,27,5,2024,Monday,4.0,3.3,16–25
3915,2024-08-14,12,503,1,C156,Hamra,BBQ Chicken Sandwich,Sandwiches,7.5,3.2,M,52,Jounieh,3170,14,8,2024,Wednesday,7.5,4.3,50+
160,2024-08-31,11,110,1,C007,Hamra,Sahlab,Hot Drinks,4.0,1.0,M,24,Batroun,3407,31,8,2024,Saturday,4.0,3.0,16–25
2860,2024-12-02,16,109,3,C113,Hamra,Hot Chocolate,Hot Drinks,3.8,0.9,F,27,Beirut,4714,2,12,2024,Monday,11.399999999999999,8.7,26–35
882,2024-12-30,7,406,1,C036,Hamra,Kaak with Cheese,Bakery,3.5,0.8,M,23,Beirut,5097,30,12,2024,Monday,3.5,2.7,16–25
225,2024-07-19,18,403,1,C010,Hamra,Cheese Manoushe,Manakish,4.5,0.8,F,49,Tyre,2812,19,7,2024,Friday,4.5,3.7,36–50
2852,2024-06-02,17,103,1,C113,Hamra,Blonde Coffee,Coffee,2.2,0.5,F,27,Beirut,2153,2,6,2024,Sunday,2.2,1.7000000000000002,26–35
857,2024-03-13,16,204,1,C036,Hamra,Chamomile Tea,Tea,2.5,0.5,M,23,Beirut,1018,13,3,2024,Wednesday,2.5,2.0,16–25
440,2024-07-19,17,310,3,C018,Hamra,Strawberry Milkshake,Shakes,5.5,1.8,M,19,Tripoli,2811,19,7,2024,Friday,16.5,11.100000000000001,16–25
3345,2024-10-22,10,205,2,C134,Hamra,Mate,Tea,2.5,0.5,F,60,Zahle,4134,22,10,2024,Tuesday,5.0,4.0,50+
3357,2024-01-17,17,102,1,C135,Hamra,Turkish Coffee,Coffee,2.0,0.4,F,20,Byblos,235,17,1,2024,Wednesday,2.0,1.6,16–25
2562,2024-05-08,8,309,1,C102,Hamra,Chocolate Milkshake,Shakes,5.5,1.8,M,29,Tripoli,1794,8,5,2024,Wednesday,5.5,3.7,26–35
3530,2024-08-04,10,204,1,C140,Hamra,Chamomile Tea,Tea,2.5,0.5,F,50,Tripoli,3028,4,8,2024,Sunday,2.5,2.0,36–50
4209,2024-03-01,7,701,1,C169,Hamra,Nutella Crepe,Desserts,5.5,1.8,M,24,Tyre,841,1,3,2024,Friday,5.5,3.7,16–25
4766,2024-04-13,8,107,1,C191,Hamra,Mocha,Coffee,4.5,0.9,M,60,Byblos,1444,13,4,2024,Saturday,4.5,3.6,50+
606,2024-02-11,19,411,1,C025,Hamra,Mutabbal,Appetizers,4.2,1.2,F,25,Beirut,587,11,2,2024,Sunday,4.2,3.0,16–25
4487,2024-01-25,14,703,3,C181,Hamra,Ashta W Banane,Cocktails Specials,7.0,2.5,F,60,Tripoli,344,25,1,2024,Thursday,21.0,13.5,50+
789,2024-02-08,12,309,1,C033,Hamra,Chocolate Milkshake,Shakes,5.5,1.8,M,33,Batroun,538,8,2,2024,Thursday,5.5,3.7,26–35
2192,2024-10-17,8,402,2,C087,Hamra,Zaatar Manoushe,Manakish,3.5,0.5,F,60,Batroun,4062,17,10,2024,Thursday,7.0,6.0,50+
1814,2024-05-10,18,501,1,C073,Hamra,Shish Tawouk Sandwich,Sandwiches,6.5,2.5,F,54,Saida,1832,10,5,2024,Friday,6.5,4.0,50+
137,2024-08-16,12,502,1,C006,Hamra,Chicken Sub Sandwich,Sandwiches,7.0,3.0,F,44,Tripoli,3198,16,8,2024,Friday,7.0,4.0,36–50
4744,2024-04-17,16,405,2,C190,Hamra,Lahm Baajin,Manakish,5.0,1.2,M,30,Beirut,1508,17,4,2024,Wednesday,10.0,7.6,26–35
4855,2024-06-20,15,402,1,C194,Hamra,Zaatar Manoushe,Manakish,3.5,0.5,F,18,Jounieh,2403,20,6,2024,Thursday,3.5,3.0,16–25
3424,2024-04-11,13,503,2,C137,Hamra,BBQ Chicken Sandwich,Sandwiches,7.5,3.2,F,30,Saida,1421,11,4,2024,Thursday,15.0,8.6,26–35
1675,2024-12-19,15,205,1,C067,Hamra,Mate,Tea,2.5,0.5,M,60,Beirut,4951,19,12,2024,Thursday,2.5,2.0,50+
3615,2024-01-12,11,401,1,C144,Hamra,Croissant,Bakery,3.0,0.8,F,39,Batroun,159,12,1,2024,Friday,3.0,2.2,36–50
2328,2024-10-01,13,101,2,C093,Hamra,Espresso,Coffee,2.5,0.5,F,27,Byblos,3843,1,10,2024,Tuesday,5.0,4.0,26–35
2712,2024-04-10,17,104,1,C108,Hamra,Americano,Coffee,3.0,0.6,F,21,Saida,1411,10,4,2024,Wednesday,3.0,2.4,16–25
4537,2024-02-13,20,404,2,C183,Hamra,Keshek Manoushe,Manakish,4.0,0.7,M,23,Saida,616,13,2,2024,Tuesday,8.0,6.6,16–25
4200,2024-10-31,13,101,3,C168,Hamra,Espresso,Coffee,2.5,0.5,F,47,Tyre,4263,31,10,2024,Thursday,7.5,6.0,36–50
628,2024-01-17,18,601,1,C026,Hamra,Chicken Caesar Salad,Salads,7.5,3.2,M,28,Beirut,236,17,1,2024,Wednesday,7.5,4.3,26–35
931,2024-11-25,18,703,1,C038,Hamra,Ashta W Banane,Cocktails Specials,7.0,2.5,F,39,Saida,4618,25,11,2024,Monday,7.0,4.5,36–50
4074,2024-02-26,9,604,1,C163,Hamra,Tabbouleh,Salads,5.5,2.0,F,40,Beirut,787,26,2,2024,Monday,5.5,3.5,36–50
4898,2024-11-06,13,307,1,C196,Hamra,Strawberry Cocktail,Cocktails,6.0,2.0,F,44,Zahle,4347,6,11,2024,Wednesday,6.0,4.0,36–50
4674,2024-10-29,7,201,2,C187,Hamra,Tea,Tea,2.0,0.4,F,18,Tyre,4229,29,10,2024,Tuesday,4.0,3.2,16–25
3560,2024-01-12,15,110,1,C142,Hamra,Sahlab,Hot Drinks,4.0,1.0,F,44,Batroun,163,12,1,2024,Friday,4.0,3.0,36–50
4347,2024-11-13,16,302,1,C175,Hamra,Lemonade Mint,Cold Drinks,3.5,1.0,F,39,Saida,4448,13,11,2024,Wednesday,3.5,2.5,36–50
2589,2024-03-20,19,411,2,C103,Hamra,Mutabbal,Appetizers,4.2,1.2,M,21,Byblos,1119,20,3,2024,Wednesday,8.4,6.0,16–25
4961,2024-08-03,12,605,1,C199,Hamra,Halloumi Salad,Salads,6.8,2.9,M,46,Jounieh,3016,3,8,2024,Saturday,6.8,3.9,36–50
4990,2024-12-04,11,401,2,C200,Hamra,Croissant,Bakery,3.0,0.8,M,40,Byblos,4737,4,12,2024,Wednesday,6.0,4.4,36–50
1030,2024-09-20,13,701,1,C042,Hamra,Nutella Crepe,Desserts,5.5,1.8,F,26,Tripoli,3689,20,9,2024,Friday,5.5,3.7,26–35
4437,2024-05-28,11,306,3,C179,Hamra,Mango Cocktail,Cocktails,6.0,2.2,F,43,Zahle,2077,28,5,2024,Tuesday,18.0,11.399999999999999,36–50
3707,2024-03-21,16,203,1,C147,Hamra,Green Tea,Tea,2.2,0.5,M,31,Saida,1130,21,3,2024,Thursday,2.2,1.7000000000000002,26–35
1633,2024-08-02,11,109,1,C066,Hamra,Hot Chocolate,Hot Drinks,3.8,0.9,M,22,Zahle,3001,2,8,2024,Friday,3.8,2.9,16–25
4338,2024-07-16,17,201,1,C175,Hamra,Tea,Tea,2.0,0.4,F,39,Saida,2769,16,7,2024,Tuesday,2.0,1.6,36–50
4823,2024-07-18,16,201,1,C193,Hamra,Tea,Tea,2.0,0.4,M,48,Byblos,2796,18,7,2024,Thursday,2.0,1.6,36–50
1004,2024-01-25,17,106,3,C042,Hamra,Cappuccino,Coffee,3.5,0.7,F,26,Tripoli,347,25,1,2024,Thursday,10.5,8.399999999999999,26–35
917,2024-03-29,13,101,1,C038,Hamra,Espresso,Coffee,2.5,0.5,F,39,Saida,1239,29,3,2024,Friday,2.5,2.0,36–50
3553,2024-09-24,16,106,2,C141,Hamra,Cappuccino,Coffee,3.5,0.7,F,21,Jounieh,3748,24,9,2024,Tuesday,7.0,5.6,16–25
2668,2024-05-22,13,203,1,C106,Hamra,Green Tea,Tea,2.2,0.5,F,59,Tripoli,1995,22,5,2024,Wednesday,2.2,1.7000000000000002,50+
4265,2024-02-28,19,307,1,C172,Hamra,Strawberry Cocktail,Cocktails,6.0,2.0,F,21,Zahle,825,28,2,2024,Wednesday,6.0,4.0,16–25
3829,2024-12-30,17,406,1,C152,Hamra,Kaak with Cheese,Bakery,3.5,0.8,F,39,Tripoli,5107,30,12,2024,Monday,3.5,2.7,36–50
2389,2024-01-26,9,307,1,C096,Hamra,Strawberry Cocktail,Cocktails,6.0,2.0,M,46,Zahle,353,26,1,2024,Friday,6.0,4.0,36–50
3949,2024-02-16,9,501,1,C158,Hamra,Shish Tawouk Sandwich,Sandwiches,6.5,2.5,F,26,Batroun,647,16,2,2024,Friday,6.5,4.0,26–35
1747,2024-10-14,16,605,1,C070,Hamra,Halloumi Salad,Salads,6.8,2.9,F,27,Byblos,4028,14,10,2024,Monday,6.8,3.9,26–35
929,2024-09-22,18,402,3,C038,Hamra,Zaatar Manoushe,Manakish,3.5,0.5,F,39,Saida,3722,22,9,2024,Sunday,10.5,9.0,36–50
2421,2024-01-16,19,703,1,C097,Hamra,Ashta W Banane,Cocktails Specials,7.0,2.5,M,45,Batroun,223,16,1,2024,Tuesday,7.0,4.5,36–50
2725,2024-07-17,9,705,1,C108,Hamra,Ice Cream 2 Scoops,Desserts,4.0,1.2,F,21,Saida,2775,17,7,2024,Wednesday,4.0,2.8,16–25
3001,2024-10-08,12,204,1,C119,Hamra,Chamomile Tea,Tea,2.5,0.5,F,42,Tyre,3940,8,10,2024,Tuesday,2.5,2.0,36–50
3792,2024-03-26,18,605,1,C151,Hamra,Halloumi Salad,Salads,6.8,2.9,M,21,Saida,1202,26,3,2024,Tuesday,6.8,3.9,16–25
1854,2024-09-06,12,105,3,C074,Hamra,Café Latte,Coffee,4.0,0.8,M,29,Saida,3492,6,9,2024,Friday,12.0,9.600000000000001,26–35
1416,2024-09-26,19,411,1,C057,Hamra,Mutabbal,Appetizers,4.2,1.2,M,37,Batroun,3779,26,9,2024,Thursday,4.2,3.0,36–50
2785,2024-11-30,19,407,1,C110,Hamra,Cheese Rolls,Appetizers,4.5,1.0,M,55,Batroun,4689,30,11,2024,Saturday,4.5,3.5,50+
1970,2024-04-26,9,409,1,C079,Hamra,Pita Chips,Appetizers,2.5,0.6,M,38,Byblos,1627,26,4,2024,Friday,2.5,1.9,36–50
3788,2024-01-07,9,107,1,C151,Hamra,Mocha,Coffee,4.5,0.9,M,21,Saida,87,7,1,2024,Sunday,4.5,3.6,16–25
866,2024-05-16,14,506,1,C036,Hamra,Steak Sandwich,Sandwiches,9.0,4.0,M,23,Beirut,1912,16,5,2024,Thursday,9.0,5.0,16–25
1409,2024-06-24,14,701,1,C057,Hamra,Nutella Crepe,Desserts,5.5,1.8,M,37,Batroun,2458,24,6,2024,Monday,5.5,3.7,36–50
3214,2024-11-23,13,110,1,C129,Hamra,Sahlab,Hot Drinks,4.0,1.0,F,58,Byblos,4585,23,11,2024,Saturday,4.0,3.0,50+
4987,2024-11-10,16,703,1,C200,Hamra,Ashta W Banane,Cocktails Specials,7.0,2.5,M,40,Byblos,4406,10,11,2024,Sunday,7.0,4.5,36–50
72,2024-08-02,10,302,2,C003,Hamra,Lemonade Mint,Cold Drinks,3.5,1.0,F,51,Batroun,3000,2,8,2024,Friday,7.0,5.0,50+
326,2024-03-22,10,405,1,C014,Hamra,Lahm Baajin,Manakish,5.0,1.2,M,38,Saida,1138,22,3,2024,Friday,5.0,3.8,36–50
826,2024-08-10,9,306,2,C034,Hamra,Mango Cocktail,Cocktails,6.0,2.2,F,50,Byblos,3111,10,8,2024,Saturday,12.0,7.6,36–50
1736,2024-04-12,11,203,1,C070,Hamra,Green Tea,Tea,2.2,0.5,F,27,Byblos,1433,12,4,2024,Friday,2.2,1.7000000000000002,26–35
1720,2024-09-29,9,101,2,C069,Hamra,Espresso,Coffee,2.5,0.5,F,56,Zahle,3811,29,9,2024,Sunday,5.0,4.0,50+
4422,2024-01-14,19,101,1,C179,Hamra,Espresso,Coffee,2.5,0.5,F,43,Zahle,195,14,1,2024,Sunday,2.5,2.0,36–50
2622,2024-06-07,14,605,1,C104,Hamra,Halloumi Salad,Salads,6.8,2.9,F,36,Jounieh,2220,7,6,2024,Friday,6.8,3.9,36–50
703,2024-05-31,13,408,1,C029,Hamra,Fries,Appetizers,3.0,0.7,F,24,Tripoli,2121,31,5,2024,Friday,3.0,2.3,16–25
1172,2024-04-17,19,502,1,C048,Hamra,Chicken Sub Sandwich,Sandwiches,7.0,3.0,F,39,Zahle,1511,17,4,2024,Wednesday,7.0,4.0,36–50
2348,2024-07-06,9,310,1,C094,Hamra,Strawberry Milkshake,Shakes,5.5,1.8,M,40,Tripoli,2621,6,7,2024,Saturday,5.5,3.7,36–50
1980,2024-10-27,15,401,1,C079,Hamra,Croissant,Bakery,3.0,0.8,M,38,Byblos,4209,27,10,2024,Sunday,3.0,2.2,36–50
2943,2024-04-07,18,203,1,C117,Hamra,Green Tea,Tea,2.2,0.5,F,49,Zahle,1370,7,4,2024,Sunday,2.2,1.7000000000000002,36–50
3627,2024-05-10,20,403,1,C144,Hamra,Cheese Manoushe,Manakish,4.5,0.8,F,39,Batroun,1834,10,5,2024,Friday,4.5,3.7,36–50
4608,2024-10-19,19,408,1,C185,Hamra,Fries,Appetizers,3.0,0.7,M,39,Saida,4101,19,10,2024,Saturday,3.0,2.3,36–50
3457,2024-06-19,11,501,2,C138,Hamra,Shish Tawouk Sandwich,Sandwiches,6.5,2.5,F,55,Tyre,2385,19,6,2024,Wednesday,13.0,8.0,50+
3711,2024-07-01,15,505,1,C147,Hamra,Turkey Sandwich,Sandwiches,5.5,2.2,M,31,Saida,2557,1,7,2024,Monday,5.5,3.3,26–35
1677,2024-12-29,13,405,1,C067,Hamra,Lahm Baajin,Manakish,5.0,1.2,M,60,Beirut,5089,29,12,2024,Sunday,5.0,3.8,50+
4095,2024-02-08,13,702,1,C164,Hamra,Lotus Crepe,Desserts,5.8,1.9,F,53,Batroun,539,8,2,2024,Thursday,5.8,3.9,50+
3266,2024-01-15,12,701,1,C132,Hamra,Nutella Crepe,Desserts,5.5,1.8,M,33,Tyre,202,15,1,2024,Monday,5.5,3.7,26–35
1864,2024-01-04,8,108,1,C075,Hamra,Caramel Latte,Coffee,4.8,1.0,M,58,Saida,44,4,1,2024,Thursday,4.8,3.8,50+
4040,2024-12-14,15,702,2,C161,Hamra,Lotus Crepe,Desserts,5.8,1.9,F,35,Batroun,4881,14,12,2024,Saturday,11.6,7.8,26–35
687,2024-07-28,12,605,1,C028,Hamra,Halloumi Salad,Salads,6.8,2.9,M,18,Tripoli,2932,28,7,2024,Sunday,6.8,3.9,16–25
3046,2024-06-09,14,101,1,C121,Hamra,Espresso,Coffee,2.5,0.5,F,53,Batroun,2248,9,6,2024,Sunday,2.5,2.0,50+
192,2024-01-16,7,202,1,C009,Hamra,Mint Tea,Tea,2.2,0.5,M,21,Beirut,211,16,1,2024,Tuesday,2.2,1.7000000000000002,16–25
3327,2024-04-17,11,105,1,C134,Hamra,Café Latte,Coffee,4.0,0.8,F,60,Zahle,1503,17,4,2024,Wednesday,4.0,3.2,50+
3089,2024-11-06,18,309,2,C123,Hamra,Chocolate Milkshake,Shakes,5.5,1.8,F,27,Saida,4352,6,11,2024,Wednesday,11.0,7.4,26–35
1207,2024-08-14,7,106,2,C049,Hamra,Cappuccino,Coffee,3.5,0.7,F,35,Tyre,3165,14,8,2024,Wednesday,7.0,5.6,26–35
2276,2024-06-18,16,310,1,C091,Hamra,Strawberry Milkshake,Shakes,5.5,1.8,M,47,Tyre,2376,18,6,2024,Tuesday,5.5,3.7,36–50
3118,2024-02-03,17,101,1,C125,Hamra,Espresso,Coffee,2.5,0.5,F,37,Batroun,473,3,2,2024,Saturday,2.5,2.0,36–50
1903,2024-09-07,20,310,1,C076,Hamra,Strawberry Milkshake,Shakes,5.5,1.8,M,40,Saida,3514,7,9,2024,Saturday,5.5,3.7,36–50
3781,2024-09-03,14,101,1,C150,Hamra,Espresso,Coffee,2.5,0.5,M,46,Zahle,3452,3,9,2024,Tuesday,2.5,2.0,36–50
2630,2024-09-25,14,407,1,C104,Hamra,Cheese Rolls,Appetizers,4.5,1.0,F,36,Jounieh,3760,25,9,2024,Wednesday,4.5,3.5,36–50
4361,2024-05-20,7,506,2,C176,Hamra,Steak Sandwich,Sandwiches,9.0,4.0,M,24,Jounieh,1961,20,5,2024,Monday,18.0,10.0,16–25
3752,2024-09-30,15,506,1,C149,Hamra,Steak Sandwich,Sandwiches,9.0,4.0,M,40,Beirut,3831,30,9,2024,Monday,9.0,5.0,36–50
793,2024-04-05,8,103,1,C033,Hamra,Blonde Coffee,Coffee,2.2,0.5,M,33,Batroun,1332,5,4,2024,Friday,2.2,1.7000000000000002,26–35
4576,2024-08-14,18,702,1,C184,Hamra,Lotus Crepe,Desserts,5.8,1.9,M,25,Batroun,3176,14,8,2024,Wednesday,5.8,3.9,16–25
3927,2024-02-08,15,304,2,C157,Hamra,Carrot Juice,Cold Drinks,3.5,1.0,F,30,Jounieh,541,8,2,2024,Thursday,7.0,5.0,26–35
1308,2024-10-28,7,601,1,C053,Hamra,Chicken Caesar Salad,Salads,7.5,3.2,F,46,Batroun,4215,28,10,2024,Monday,7.5,4.3,36–50
960,2024-01-29,18,404,2,C040,Hamra,Keshek Manoushe,Manakish,4.0,0.7,F,26,Beirut,404,29,1,2024,Monday,8.0,6.6,26–35
456,2024-11-13,16,703,1,C018,Hamra,Ashta W Banane,Cocktails Specials,7.0,2.5,M,19,Tripoli,4448,13,11,2024,Wednesday,7.0,4.5,16–25
4342,2024-09-01,20,102,1,C175,Hamra,Turkish Coffee,Coffee,2.0,0.4,F,39,Saida,3430,1,9,2024,Sunday,2.0,1.6,36–50
311,2024-08-23,20,109,2,C013,Hamra,Hot Chocolate,Hot Drinks,3.8,0.9,M,29,Beirut,3304,23,8,2024,Friday,7.6,5.8,26–35
3886,2024-07-03,15,302,2,C155,Hamra,Lemonade Mint,Cold Drinks,3.5,1.0,M,24,Byblos,2585,3,7,2024,Wednesday,7.0,5.0,16–25
4755,2024-09-28,10,604,1,C190,Hamra,Tabbouleh,Salads,5.5,2.0,M,30,Beirut,3798,28,9,2024,Saturday,5.5,3.5,26–35
1853,2024-08-23,15,411,1,C074,Hamra,Mutabbal,Appetizers,4.2,1.2,M,29,Saida,3299,23,8,2024,Friday,4.2,3.0,26–35
2412,2024-08-26,13,302,2,C096,Hamra,Lemonade Mint,Cold Drinks,3.5,1.0,M,46,Zahle,3339,26,8,2024,Monday,7.0,5.0,36–50
2654,2024-09-22,17,702,1,C105,Hamra,Lotus Crepe,Desserts,5.8,1.9,F,27,Tripoli,3721,22,9,2024,Sunday,5.8,3.9,26–35
4306,2024-12-24,12,202,1,C173,Hamra,Mint Tea,Tea,2.2,0.5,F,31,Tripoli,5018,24,12,2024,Tuesday,2.2,1.7000000000000002,26–35
3263,2024-12-05,11,305,3,C131,Hamra,Avocado Shake Cocktails,Shakes,6.0,2.2,F,59,Byblos,4751,5,12,2024,Thursday,18.0,11.399999999999999,50+
3759,2024-03-05,17,703,1,C150,Hamra,Ashta W Banane,Cocktails Specials,7.0,2.5,M,46,Zahle,907,5,3,2024,Tuesday,7.0,4.5,36–50
3884,2024-06-25,15,103,1,C155,Hamra,Blonde Coffee,Coffee,2.2,0.5,M,24,Byblos,2473,25,6,2024,Tuesday,2.2,1.7000000000000002,16–25
4534,2024-01-03,8,601,1,C183,Hamra,Chicken Caesar Salad,Salads,7.5,3.2,M,23,Saida,30,3,1,2024,Wednesday,7.5,4.3,16–25
1663,2024-05-21,20,703,1,C067,Hamra,Ashta W Banane,Cocktails Specials,7.0,2.5,M,60,Beirut,1988,21,5,2024,Tuesday,7.0,4.5,50+
799,2024-06-06,19,104,1,C033,Hamra,Americano,Coffee,3.0,0.6,M,33,Batroun,2211,6,6,2024,Thursday,3.0,2.4,26–35
50,2024-11-19,17,302,1,C002,Hamra,Lemonade Mint,Cold Drinks,3.5,1.0,F,37,Zahle,4533,19,11,2024,Tuesday,3.5,2.5,36–50
1872,2024-05-25,20,703,1,C075,Hamra,Ashta W Banane,Cocktails Specials,7.0,2.5,M,58,Saida,2044,25,5,2024,Saturday,7.0,4.5,50+
4328,2024-10-19,18,501,1,C174,Hamra,Shish Tawouk Sandwich,Sandwiches,6.5,2.5,M,20,Tyre,4100,19,10,2024,Saturday,6.5,4.0,16–25
1851,2024-06-01,8,604,1,C074,Hamra,Tabbouleh,Salads,5.5,2.0,M,29,Saida,2130,1,6,2024,Saturday,5.5,3.5,26–35
4029,2024-07-11,17,506,1,C161,Hamra,Steak Sandwich,Sandwiches,9.0,4.0,F,35,Batroun,2699,11,7,2024,Thursday,9.0,5.0,26–35
4625,2024-03-13,18,205,3,C186,Hamra,Mate,Tea,2.5,0.5,F,34,Beirut,1020,13,3,2024,Wednesday,7.5,6.0,26–35
3378,2024-10-31,15,408,1,C135,Hamra,Fries,Appetizers,3.0,0.7,F,20,Byblos,4265,31,10,2024,Thursday,3.0,2.3,16–25
3610,2024-12-09,18,301,3,C143,Hamra,Lemonade,Cold Drinks,3.0,0.8,M,36,Saida,4814,9,12,2024,Monday,9.0,6.6000000000000005,36–50
633,2024-05-19,9,201,1,C026,Hamra,Tea,Tea,2.0,0.4,M,28,Beirut,1949,19,5,2024,Sunday,2.0,1.6,26–35
3492,2024-07-05,14,305,2,C139,Hamra,Avocado Shake Cocktails,Shakes,6.0,2.2,M,33,Saida,2612,5,7,2024,Friday,12.0,7.6,26–35
3192,2024-10-19,17,502,1,C128,Hamra,Chicken Sub Sandwich,Sandwiches,7.0,3.0,M,36,Batroun,4099,19,10,2024,Saturday,7.0,4.0,36–50
4138,2024-03-01,15,309,1,C166,Hamra,Chocolate Milkshake,Shakes,5.5,1.8,F,48,Beirut,849,1,3,2024,Friday,5.5,3.7,36–50
661,2024-07-16,14,301,2,C027,Hamra,Lemonade,Cold Drinks,3.0,0.8,F,46,Byblos,2766,16,7,2024,Tuesday,6.0,4.4,36–50
3376,2024-10-21,10,405,2,C135,Hamra,Lahm Baajin,Manakish,5.0,1.2,F,20,Byblos,4120,21,10,2024,Monday,10.0,7.6,16–25
3212,2024-11-14,18,409,1,C129,Hamra,Pita Chips,Appetizers,2.5,0.6,F,58,Byblos,4464,14,11,2024,Thursday,2.5,1.9,50+
528,2024-10-28,7,101,2,C021,Hamra,Espresso,Coffee,2.5,0.5,F,58,Batroun,4215,28,10,2024,Monday,5.0,4.0,50+
1985,2024-12-09,10,309,1,C079,Hamra,Chocolate Milkshake,Shakes,5.5,1.8,M,38,Byblos,4806,9,12,2024,Monday,5.5,3.7,36–50
3946,2024-01-11,20,309,2,C158,Hamra,Chocolate Milkshake,Shakes,5.5,1.8,F,26,Batroun,154,11,1,2024,Thursday,11.0,7.4,26–35
2339,2024-03-02,15,109,1,C094,Hamra,Hot Chocolate,Hot Drinks,3.8,0.9,M,40,Tripoli,863,2,3,2024,Saturday,3.8,2.9,36–50
184,2024-11-28,8,307,1,C008,Hamra,Strawberry Cocktail,Cocktails,6.0,2.0,F,49,Byblos,4650,28,11,2024,Thursday,6.0,4.0,36–50
2075,2024-08-13,9,202,1,C083,Hamra,Mint Tea,Tea,2.2,0.5,M,47,Byblos,3153,13,8,2024,Tuesday,2.2,1.7000000000000002,36–50
64,2024-06-01,16,302,1,C003,Hamra,Lemonade Mint,Cold Drinks,3.5,1.0,F,51,Batroun,2138,1,6,2024,Saturday,3.5,2.5,50+
1361,2024-07-17,14,310,2,C055,Hamra,Strawberry Milkshake,Shakes,5.5,1.8,F,44,Tyre,2780,17,7,2024,Wednesday,11.0,7.4,36–50
3589,2024-02-21,12,403,1,C143,Hamra,Cheese Manoushe,Manakish,4.5,0.8,M,36,Saida,720,21,2,2024,Wednesday,4.5,3.7,36–50
874,2024-09-16,14,205,1,C036,Hamra,Mate,Tea,2.5,0.5,M,23,Beirut,3634,16,9,2024,Monday,2.5,2.0,16–25
127,2024-02-28,13,405,1,C006,Hamra,Lahm Baajin,Manakish,5.0,1.2,F,44,Tripoli,819,28,2,2024,Wednesday,5.0,3.8,36–50
3038,2024-03-12,20,704,1,C121,Hamra,Mafroukeh Dessert,Desserts,6.5,2.5,F,53,Batroun,1008,12,3,2024,Tuesday,6.5,4.0,50+
1018,2024-05-27,19,402,1,C042,Hamra,Zaatar Manoushe,Manakish,3.5,0.5,F,26,Tripoli,2071,27,5,2024,Monday,3.5,3.0,26–35
1236,2024-12-14,19,307,1,C050,Hamra,Strawberry Cocktail,Cocktails,6.0,2.0,M,38,Jounieh,4885,14,12,2024,Saturday,6.0,4.0,36–50
2815,2024-03-03,11,110,3,C112,Hamra,Sahlab,Hot Drinks,4.0,1.0,F,46,Tripoli,873,3,3,2024,Sunday,12.0,9.0,36–50
3694,2024-11-05,15,406,1,C146,Hamra,Kaak with Cheese,Bakery,3.5,0.8,M,27,Beirut,4335,5,11,2024,Tuesday,3.5,2.7,26–35
1232,2024-08-30,10,402,1,C050,Hamra,Zaatar Manoushe,Manakish,3.5,0.5,M,38,Jounieh,3392,30,8,2024,Friday,3.5,3.0,36–50
745,2024-12-31,12,202,2,C030,Hamra,Mint Tea,Tea,2.2,0.5,M,23,Saida,5116,31,12,2024,Tuesday,4.4,3.4000000000000004,16–25
953,2024-11-25,8,604,1,C039,Hamra,Tabbouleh,Salads,5.5,2.0,M,49,Batroun,4608,25,11,2024,Monday,5.5,3.5,36–50
2921,2024-04-16,8,406,3,C116,Hamra,Kaak with Cheese,Bakery,3.5,0.8,F,48,Jounieh,1486,16,4,2024,Tuesday,10.5,8.100000000000001,36–50
3531,2024-08-13,8,407,2,C140,Hamra,Cheese Rolls,Appetizers,4.5,1.0,F,50,Tripoli,3152,13,8,2024,Tuesday,9.0,7.0,36–50
1460,2024-11-08,16,407,1,C059,Hamra,Cheese Rolls,Appetizers,4.5,1.0,F,31,Jounieh,4378,8,11,2024,Friday,4.5,3.5,26–35
1900,2024-08-05,13,505,1,C076,Hamra,Turkey Sandwich,Sandwiches,5.5,2.2,M,40,Saida,3045,5,8,2024,Monday,5.5,3.3,36–50
4276,2024-08-28,19,603,1,C172,Hamra,Fattoush,Salads,5.5,2.0,F,21,Zahle,3373,28,8,2024,Wednesday,5.5,3.5,16–25
3284,2024-09-15,8,410,1,C132,Hamra,Hummus,Appetizers,4.0,1.2,M,33,Tyre,3614,15,9,2024,Sunday,4.0,2.8,26–35
4110,2024-09-18,18,706,2,C164,Hamra,Honey Pancakes,Desserts,4.5,1.5,F,53,Batroun,3666,18,9,2024,Wednesday,9.0,6.0,50+
1163,2024-01-05,19,604,1,C048,Hamra,Tabbouleh,Salads,5.5,2.0,F,39,Zahle,69,5,1,2024,Friday,5.5,3.5,36–50
3579,2024-09-17,8,306,1,C142,Hamra,Mango Cocktail,Cocktails,6.0,2.2,F,44,Batroun,3642,17,9,2024,Tuesday,6.0,3.8,36–50
2020,2024-02-23,15,110,1,C081,Hamra,Sahlab,Hot Drinks,4.0,1.0,M,55,Tripoli,751,23,2,2024,Friday,4.0,3.0,50+
1198,2024-02-16,13,301,1,C049,Hamra,Lemonade,Cold Drinks,3.0,0.8,F,35,Tyre,651,16,2,2024,Friday,3.0,2.2,26–35
1665,2024-08-02,17,107,1,C067,Hamra,Mocha,Coffee,4.5,0.9,M,60,Beirut,3007,2,8,2024,Friday,4.5,3.6,50+
1925,2024-06-25,9,104,2,C077,Hamra,Americano,Coffee,3.0,0.6,M,30,Zahle,2467,25,6,2024,Tuesday,6.0,4.8,26–35
3417,2024-01-09,9,402,1,C137,Hamra,Zaatar Manoushe,Manakish,3.5,0.5,F,30,Saida,115,9,1,2024,Tuesday,3.5,3.0,26–35
515,2024-04-08,13,705,1,C021,Hamra,Ice Cream 2 Scoops,Desserts,4.0,1.2,F,58,Batroun,1379,8,4,2024,Monday,4.0,2.8,50+
2639,2024-01-20,11,310,1,C105,Hamra,Strawberry Milkshake,Shakes,5.5,1.8,F,27,Tripoli,271,20,1,2024,Saturday,5.5,3.7,26–35
1803,2024-08-28,16,406,2,C072,Hamra,Kaak with Cheese,Bakery,3.5,0.8,F,59,Jounieh,3370,28,8,2024,Wednesday,7.0,5.4,50+
371,2024-03-01,20,201,1,C016,Hamra,Tea,Tea,2.0,0.4,M,50,Zahle,854,1,3,2024,Friday,2.0,1.6,36–50
3630,2024-06-26,20,701,2,C144,Hamra,Nutella Crepe,Desserts,5.5,1.8,F,39,Batroun,2492,26,6,2024,Wednesday,11.0,7.4,36–50
695,2024-12-03,12,305,1,C028,Hamra,Avocado Shake Cocktails,Shakes,6.0,2.2,M,18,Tripoli,4724,3,12,2024,Tuesday,6.0,3.8,16–25
4427,2024-03-02,19,411,3,C179,Hamra,Mutabbal,Appetizers,4.2,1.2,F,43,Zahle,867,2,3,2024,Saturday,12.600000000000001,9.0,36–50
4568,2024-05-24,18,302,1,C184,Hamra,Lemonade Mint,Cold Drinks,3.5,1.0,M,25,Batroun,2028,24,5,2024,Friday,3.5,2.5,16–25
2004,2024-08-03,14,603,1,C080,Hamra,Fattoush,Salads,5.5,2.0,F,40,Saida,3018,3,8,2024,Saturday,5.5,3.5,36–50
1395,2024-01-03,15,201,1,C057,Hamra,Tea,Tea,2.0,0.4,M,37,Batroun,37,3,1,2024,Wednesday,2.0,1.6,36–50
2768,2024-06-08,7,405,1,C110,Hamra,Lahm Baajin,Manakish,5.0,1.2,M,55,Batroun,2227,8,6,2024,Saturday,5.0,3.8,50+
1279,2024-08-14,9,410,1,C052,Hamra,Hummus,Appetizers,4.0,1.2,F,28,Jounieh,3167,14,8,2024,Wednesday,4.0,2.8,26–35
4326,2024-09-25,17,505,1,C174,Hamra,Turkey Sandwich,Sandwiches,5.5,2.2,M,20,Tyre,3763,25,9,2024,Wednesday,5.5,3.3,16–25
4142,2024-04-29,13,502,1,C166,Hamra,Chicken Sub Sandwich,Sandwiches,7.0,3.0,F,48,Beirut,1673,29,4,2024,Monday,7.0,4.0,36–50
2092,2024-03-29,12,307,1,C084,Hamra,Strawberry Cocktail,Cocktails,6.0,2.0,M,53,Batroun,1238,29,3,2024,Friday,6.0,4.0,50+
1192,2024-11-24,13,706,3,C048,Hamra,Honey Pancakes,Desserts,4.5,1.5,F,39,Zahle,4599,24,11,2024,Sunday,13.5,9.0,36–50
3167,2024-03-08,14,601,1,C127,Hamra,Chicken Caesar Salad,Salads,7.5,3.2,M,30,Tripoli,946,8,3,2024,Friday,7.5,4.3,26–35
4226,2024-12-22,12,701,2,C169,Hamra,Nutella Crepe,Desserts,5.5,1.8,M,24,Tyre,4990,22,12,2024,Sunday,11.0,7.4,16–25
2455,2024-04-07,9,704,1,C098,Hamra,Mafroukeh Dessert,Desserts,6.5,2.5,M,33,Tripoli,1361,7,4,2024,Sunday,6.5,4.0,26–35
2975,2024-09-23,8,402,1,C118,Hamra,Zaatar Manoushe,Manakish,3.5,0.5,F,48,Jounieh,3726,23,9,2024,Monday,3.5,3.0,36–50
4661,2024-04-14,18,501,1,C187,Hamra,Shish Tawouk Sandwich,Sandwiches,6.5,2.5,F,18,Tyre,1468,14,4,2024,Sunday,6.5,4.0,16–25
2333,2024-11-18,13,604,1,C093,Hamra,Tabbouleh,Salads,5.5,2.0,F,27,Byblos,4515,18,11,2024,Monday,5.5,3.5,26–35
1659,2024-05-02,18,702,3,C067,Hamra,Lotus Crepe,Desserts,5.8,1.9,M,60,Beirut,1720,2,5,2024,Thursday,17.4,11.7,50+
1838,2024-01-29,18,410,1,C074,Hamra,Hummus,Appetizers,4.0,1.2,M,29,Saida,404,29,1,2024,Monday,4.0,2.8,26–35
2096,2024-05-16,18,104,2,C084,Hamra,Americano,Coffee,3.0,0.6,M,53,Batroun,1916,16,5,2024,Thursday,6.0,4.8,50+
4857,2024-07-13,17,301,3,C194,Hamra,Lemonade,Cold Drinks,3.0,0.8,F,18,Jounieh,2727,13,7,2024,Saturday,9.0,6.6000000000000005,16–25
3889,2024-08-13,7,301,1,C155,Hamra,Lemonade,Cold Drinks,3.0,0.8,M,24,Byblos,3151,13,8,2024,Tuesday,3.0,2.2,16–25
4015,2024-11-27,9,306,3,C160,Hamra,Mango Cocktail,Cocktails,6.0,2.2,M,20,Beirut,4637,27,11,2024,Wednesday,18.0,11.399999999999999,16–25
4569,2024-06-18,18,401,1,C184,Hamra,Croissant,Bakery,3.0,0.8,M,25,Batroun,2378,18,6,2024,Tuesday,3.0,2.2,16–25
216,2024-01-09,17,411,3,C010,Hamra,Mutabbal,Appetizers,4.2,1.2,F,49,Tyre,123,9,1,2024,Tuesday,12.600000000000001,9.0,36–50
4187,2024-02-09,10,304,2,C168,Hamra,Carrot Juice,Cold Drinks,3.5,1.0,F,47,Tyre,550,9,2,2024,Friday,7.0,5.0,36–50
3648,2024-01-25,19,302,1,C145,Hamra,Lemonade Mint,Cold Drinks,3.5,1.0,F,55,Saida,349,25,1,2024,Thursday,3.5,2.5,50+
4643,2024-09-17,20,603,3,C186,Hamra,Fattoush,Salads,5.5,2.0,F,34,Beirut,3654,17,9,2024,Tuesday,16.5,10.5,26–35
2973,2024-08-13,7,401,1,C118,Hamra,Croissant,Bakery,3.0,0.8,F,48,Jounieh,3151,13,8,2024,Tuesday,3.0,2.2,36–50
2426,2024-05-03,11,307,1,C097,Hamra,Strawberry Cocktail,Cocktails,6.0,2.0,M,45,Batroun,1727,3,5,2024,Friday,6.0,4.0,36–50
125,2024-02-07,16,403,1,C006,Hamra,Cheese Manoushe,Manakish,4.5,0.8,F,44,Tripoli,528,7,2,2024,Wednesday,4.5,3.7,36–50
4183,2024-11-23,9,101,1,C167,Hamra,Espresso,Coffee,2.5,0.5,F,25,Jounieh,4581,23,11,2024,Saturday,2.5,2.0,16–25
447,2024-09-07,8,602,1,C018,Hamra,Greek Salad,Salads,6.5,2.8,M,19,Tripoli,3502,7,9,2024,Saturday,6.5,3.7,16–25
1800,2024-06-24,9,411,2,C072,Hamra,Mutabbal,Appetizers,4.2,1.2,F,59,Jounieh,2453,24,6,2024,Monday,8.4,6.0,50+
2229,2024-03-30,14,601,1,C089,Hamra,Chicken Caesar Salad,Salads,7.5,3.2,F,21,Saida,1254,30,3,2024,Saturday,7.5,4.3,16–25
1005,2024-02-06,12,501,1,C042,Hamra,Shish Tawouk Sandwich,Sandwiches,6.5,2.5,F,26,Tripoli,510,6,2,2024,Tuesday,6.5,4.0,26–35
96,2024-11-11,19,102,1,C004,Hamra,Turkish Coffee,Coffee,2.0,0.4,M,23,Tyre,4423,11,11,2024,Monday,2.0,1.6,16–25
498,2024-06-24,20,302,1,C020,Hamra,Lemonade Mint,Cold Drinks,3.5,1.0,M,55,Tyre,2464,24,6,2024,Monday,3.5,2.5,50+
690,2024-10-10,13,504,2,C028,Hamra,Halloumi Sandwich,Sandwiches,6.0,2.0,M,18,Tripoli,3969,10,10,2024,Thursday,12.0,8.0,16–25
4193,2024-03-21,18,502,2,C168,Hamra,Chicken Sub Sandwich,Sandwiches,7.0,3.0,F,47,Tyre,1132,21,3,2024,Thursday,14.0,8.0,36–50
4818,2024-04-23,12,306,3,C193,Hamra,Mango Cocktail,Cocktails,6.0,2.2,M,48,Byblos,1588,23,4,2024,Tuesday,18.0,11.399999999999999,36–50
2615,2024-02-09,12,109,1,C104,Hamra,Hot Chocolate,Hot Drinks,3.8,0.9,F,36,Jounieh,552,9,2,2024,Friday,3.8,2.9,36–50
1080,2024-10-27,18,203,1,C044,Hamra,Green Tea,Tea,2.2,0.5,F,20,Zahle,4212,27,10,2024,Sunday,2.2,1.7000000000000002,16–25
569,2024-08-11,9,201,3,C023,Hamra,Tea,Tea,2.0,0.4,M,18,Saida,3125,11,8,2024,Sunday,6.0,4.800000000000001,16–25
4612,2024-11-13,18,301,2,C185,Hamra,Lemonade,Cold Drinks,3.0,0.8,M,39,Saida,4450,13,11,2024,Wednesday,6.0,4.4,36–50
1162,2024-12-14,19,301,1,C047,Hamra,Lemonade,Cold Drinks,3.0,0.8,M,24,Jounieh,4885,14,12,2024,Saturday,3.0,2.2,16–25
300,2024-04-24,20,102,1,C013,Hamra,Turkish Coffee,Coffee,2.0,0.4,M,29,Beirut,1610,24,4,2024,Wednesday,2.0,1.6,26–35
3631,2024-07-04,14,506,3,C144,Hamra,Steak Sandwich,Sandwiches,9.0,4.0,F,39,Batroun,2598,4,7,2024,Thursday,27.0,15.0,36–50
4552,2024-11-18,18,602,2,C183,Hamra,Greek Salad,Salads,6.5,2.8,M,23,Saida,4520,18,11,2024,Monday,13.0,7.4,16–25
2360,2024-02-25,13,108,1,C095,Hamra,Caramel Latte,Coffee,4.8,1.0,M,40,Zahle,777,25,2,2024,Sunday,4.8,3.8,36–50
4811,2024-02-09,13,601,2,C193,Hamra,Chicken Caesar Salad,Salads,7.5,3.2,M,48,Byblos,553,9,2,2024,Friday,15.0,8.6,36–50
397,2024-12-19,12,506,1,C016,Hamra,Steak Sandwich,Sandwiches,9.0,4.0,M,50,Zahle,4948,19,12,2024,Thursday,9.0,5.0,36–50
2983,2024-02-09,11,203,1,C119,Hamra,Green Tea,Tea,2.2,0.5,F,42,Tyre,551,9,2,2024,Friday,2.2,1.7000000000000002,36–50
4133,2024-12-12,16,302,1,C165,Hamra,Lemonade Mint,Cold Drinks,3.5,1.0,M,44,Batroun,4854,12,12,2024,Thursday,3.5,2.5,36–50
4475,2024-08-24,14,503,1,C180,Hamra,BBQ Chicken Sandwich,Sandwiches,7.5,3.2,M,20,Jounieh,3312,24,8,2024,Saturday,7.5,4.3,16–25
2950,2024-10-15,11,309,1,C117,Hamra,Chocolate Milkshake,Shakes,5.5,1.8,F,49,Zahle,4037,15,10,2024,Tuesday,5.5,3.7,36–50
234,2024-09-18,15,103,1,C010,Hamra,Blonde Coffee,Coffee,2.2,0.5,F,49,Tyre,3663,18,9,2024,Wednesday,2.2,1.7000000000000002,36–50
3073,2024-08-03,15,405,1,C122,Hamra,Lahm Baajin,Manakish,5.0,1.2,F,41,Beirut,3019,3,8,2024,Saturday,5.0,3.8,36–50
922,2024-05-26,7,705,2,C038,Hamra,Ice Cream 2 Scoops,Desserts,4.0,1.2,F,39,Saida,2045,26,5,2024,Sunday,8.0,5.6,36–50
1083,2024-12-01,12,203,3,C044,Hamra,Green Tea,Tea,2.2,0.5,F,20,Zahle,4696,1,12,2024,Sunday,6.6000000000000005,5.1000000000000005,16–25
2367,2024-06-16,13,304,1,C095,Hamra,Carrot Juice,Cold Drinks,3.5,1.0,M,40,Zahle,2345,16,6,2024,Sunday,3.5,2.5,36–50
1842,2024-04-01,9,107,1,C074,Hamra,Mocha,Coffee,4.5,0.9,M,29,Saida,1277,1,4,2024,Monday,4.5,3.6,26–35
4530,2024-12-18,13,109,3,C182,Hamra,Hot Chocolate,Hot Drinks,3.8,0.9,F,55,Zahle,4935,18,12,2024,Wednesday,11.399999999999999,8.7,50+
2846,2024-02-28,17,304,1,C113,Hamra,Carrot Juice,Cold Drinks,3.5,1.0,F,27,Beirut,823,28,2,2024,Wednesday,3.5,2.5,26–35
1246,2024-02-28,17,603,2,C051,Hamra,Fattoush,Salads,5.5,2.0,F,48,Tripoli,823,28,2,2024,Wednesday,11.0,7.0,36–50
1283,2024-10-30,13,504,2,C052,Hamra,Halloumi Sandwich,Sandwiches,6.0,2.0,F,28,Jounieh,4249,30,10,2024,Wednesday,12.0,8.0,26–35
4934,2024-06-17,20,307,1,C198,Hamra,Strawberry Cocktail,Cocktails,6.0,2.0,F,29,Tyre,2366,17,6,2024,Monday,6.0,4.0,26–35
2304,2024-09-25,19,303,2,C092,Hamra,Fresh Orange Juice,Cold Drinks,3.5,1.0,F,32,Batroun,3765,25,9,2024,Wednesday,7.0,5.0,26–35
1465,2024-12-28,17,308,2,C059,Hamra,Banane Avocat,Cocktails,6.5,2.5,F,31,Jounieh,5079,28,12,2024,Saturday,13.0,8.0,26–35
294,2024-02-14,8,102,1,C013,Hamra,Turkish Coffee,Coffee,2.0,0.4,M,29,Beirut,618,14,2,2024,Wednesday,2.0,1.6,26–35
4224,2024-12-10,13,703,1,C169,Hamra,Ashta W Banane,Cocktails Specials,7.0,2.5,M,24,Tyre,4823,10,12,2024,Tuesday,7.0,4.5,16–25
276,2024-06-29,7,703,1,C012,Hamra,Ashta W Banane,Cocktails Specials,7.0,2.5,F,60,Beirut,2521,29,6,2024,Saturday,7.0,4.5,50+
1226,2024-06-18,11,201,1,C050,Hamra,Tea,Tea,2.0,0.4,M,38,Jounieh,2371,18,6,2024,Tuesday,2.0,1.6,36–50
1420,2024-12-21,15,406,1,C057,Hamra,Kaak with Cheese,Bakery,3.5,0.8,M,37,Batroun,4979,21,12,2024,Saturday,3.5,2.7,36–50
4411,2024-07-09,13,408,1,C178,Hamra,Fries,Appetizers,3.0,0.7,F,33,Zahle,2667,9,7,2024,Tuesday,3.0,2.3,26–35
2992,2024-06-03,13,204,1,C119,Hamra,Chamomile Tea,Tea,2.5,0.5,F,42,Tyre,2163,3,6,2024,Monday,2.5,2.0,36–50
1412,2024-07-06,17,301,3,C057,Hamra,Lemonade,Cold Drinks,3.0,0.8,M,37,Batroun,2629,6,7,2024,Saturday,9.0,6.6000000000000005,36–50
4503,2024-01-07,19,201,1,C182,Hamra,Tea,Tea,2.0,0.4,F,55,Zahle,97,7,1,2024,Sunday,2.0,1.6,50+
4850,2024-05-12,18,408,1,C194,Hamra,Fries,Appetizers,3.0,0.7,F,18,Jounieh,1860,12,5,2024,Sunday,3.0,2.3,16–25
179,2024-08-22,8,107,1,C008,Hamra,Mocha,Coffee,4.5,0.9,F,49,Byblos,3278,22,8,2024,Thursday,4.5,3.6,36–50
2663,2024-02-14,14,406,1,C106,Hamra,Kaak with Cheese,Bakery,3.5,0.8,F,59,Tripoli,624,14,2,2024,Wednesday,3.5,2.7,50+
4784,2024-11-09,9,701,1,C191,Hamra,Nutella Crepe,Desserts,5.5,1.8,M,60,Byblos,4385,9,11,2024,Saturday,5.5,3.7,50+
3432,2024-09-05,14,604,1,C137,Hamra,Tabbouleh,Salads,5.5,2.0,F,30,Saida,3480,5,9,2024,Thursday,5.5,3.5,26–35
4684,2024-01-31,9,605,1,C188,Hamra,Halloumi Salad,Salads,6.8,2.9,M,26,Jounieh,423,31,1,2024,Wednesday,6.8,3.9,26–35
3007,2024-01-23,16,204,2,C120,Hamra,Chamomile Tea,Tea,2.5,0.5,F,50,Zahle,318,23,1,2024,Tuesday,5.0,4.0,36–50
1566,2024-06-08,13,403,3,C063,Hamra,Cheese Manoushe,Manakish,4.5,0.8,F,32,Byblos,2233,8,6,2024,Saturday,13.5,11.100000000000001,26–35
1810,2024-12-28,8,706,1,C072,Hamra,Honey Pancakes,Desserts,4.5,1.5,F,59,Jounieh,5070,28,12,2024,Saturday,4.5,3.0,50+
3253,2024-06-06,10,601,1,C131,Hamra,Chicken Caesar Salad,Salads,7.5,3.2,F,59,Byblos,2202,6,6,2024,Thursday,7.5,4.3,50+
292,2024-02-08,17,301,1,C013,Hamra,Lemonade,Cold Drinks,3.0,0.8,M,29,Beirut,543,8,2,2024,Thursday,3.0,2.2,26–35
3422,2024-03-22,12,304,2,C137,Hamra,Carrot Juice,Cold Drinks,3.5,1.0,F,30,Saida,1140,22,3,2024,Friday,7.0,5.0,26–35
1286,2024-12-21,17,302,1,C052,Hamra,Lemonade Mint,Cold Drinks,3.5,1.0,F,28,Jounieh,4981,21,12,2024,Saturday,3.5,2.5,26–35
1540,2024-09-14,15,401,3,C062,Hamra,Croissant,Bakery,3.0,0.8,F,50,Tyre,3607,14,9,2024,Saturday,9.0,6.6000000000000005,36–50
2994,2024-07-24,11,106,1,C119,Hamra,Cappuccino,Coffee,3.5,0.7,F,42,Tyre,2875,24,7,2024,Wednesday,3.5,2.8,36–50
2739,2024-03-17,19,601,1,C109,Hamra,Chicken Caesar Salad,Salads,7.5,3.2,M,29,Jounieh,1077,17,3,2024,Sunday,7.5,4.3,26–35
168,2024-01-12,15,702,1,C008,Hamra,Lotus Crepe,Desserts,5.8,1.9,F,49,Byblos,163,12,1,2024,Friday,5.8,3.9,36–50
2378,2024-10-21,11,109,3,C095,Hamra,Hot Chocolate,Hot Drinks,3.8,0.9,M,40,Zahle,4121,21,10,2024,Monday,11.399999999999999,8.7,36–50
3130,2024-08-11,16,703,2,C125,Hamra,Ashta W Banane,Cocktails Specials,7.0,2.5,F,37,Batroun,3132,11,8,2024,Sunday,14.0,9.0,36–50
4287,2024-01-13,14,302,1,C173,Hamra,Lemonade Mint,Cold Drinks,3.5,1.0,F,31,Tripoli,176,13,1,2024,Saturday,3.5,2.5,26–35
1292,2024-02-15,19,406,1,C053,Hamra,Kaak with Cheese,Bakery,3.5,0.8,F,46,Batroun,643,15,2,2024,Thursday,3.5,2.7,36–50
1563,2024-06-03,19,202,1,C063,Hamra,Mint Tea,Tea,2.2,0.5,F,32,Byblos,2169,3,6,2024,Monday,2.2,1.7000000000000002,26–35
2363,2024-04-22,7,308,1,C095,Hamra,Banane Avocat,Cocktails,6.5,2.5,M,40,Zahle,1569,22,4,2024,Monday,6.5,4.0,36–50
2037,2024-08-20,13,105,2,C081,Hamra,Café Latte,Coffee,4.0,0.8,M,55,Tripoli,3255,20,8,2024,Tuesday,8.0,6.4,50+
1396,2024-01-17,10,601,2,C057,Hamra,Chicken Caesar Salad,Salads,7.5,3.2,M,37,Batroun,228,17,1,2024,Wednesday,15.0,8.6,36–50
4532,2024-12-25,11,411,2,C182,Hamra,Mutabbal,Appetizers,4.2,1.2,F,55,Zahle,5031,25,12,2024,Wednesday,8.4,6.0,50+
3714,2024-08-10,12,411,3,C147,Hamra,Mutabbal,Appetizers,4.2,1.2,M,31,Saida,3114,10,8,2024,Saturday,12.600000000000001,9.0,26–35
1674,2024-12-19,11,103,1,C067,Hamra,Blonde Coffee,Coffee,2.2,0.5,M,60,Beirut,4947,19,12,2024,Thursday,2.2,1.7000000000000002,50+
1119,2024-07-06,18,309,2,C046,Hamra,Chocolate Milkshake,Shakes,5.5,1.8,F,60,Saida,2630,6,7,2024,Saturday,11.0,7.4,50+
2359,2024-12-09,7,302,2,C094,Hamra,Lemonade Mint,Cold Drinks,3.5,1.0,M,40,Tripoli,4803,9,12,2024,Monday,7.0,5.0,36–50
3477,2024-12-30,18,503,1,C138,Hamra,BBQ Chicken Sandwich,Sandwiches,7.5,3.2,F,55,Tyre,5108,30,12,2024,Monday,7.5,4.3,50+
2853,2024-06-11,15,401,2,C113,Hamra,Croissant,Bakery,3.0,0.8,F,27,Beirut,2277,11,6,2024,Tuesday,6.0,4.4,26–35
2334,2024-11-21,8,104,1,C093,Hamra,Americano,Coffee,3.0,0.6,F,27,Byblos,4552,21,11,2024,Thursday,3.0,2.4,26–35
3680,2024-03-14,15,603,2,C146,Hamra,Fattoush,Salads,5.5,2.0,M,27,Beirut,1031,14,3,2024,Thursday,11.0,7.0,26–35
3532,2024-08-20,16,202,1,C140,Hamra,Mint Tea,Tea,2.2,0.5,F,50,Tripoli,3258,20,8,2024,Tuesday,2.2,1.7000000000000002,36–50
1206,2024-08-11,8,101,1,C049,Hamra,Espresso,Coffee,2.5,0.5,F,35,Tyre,3124,11,8,2024,Sunday,2.5,2.0,26–35
575,2024-11-14,15,306,1,C023,Hamra,Mango Cocktail,Cocktails,6.0,2.2,M,18,Saida,4461,14,11,2024,Thursday,6.0,3.8,16–25
1525,2024-02-29,12,304,1,C062,Hamra,Carrot Juice,Cold Drinks,3.5,1.0,F,50,Tyre,832,29,2,2024,Thursday,3.5,2.5,36–50
263,2024-11-30,17,306,1,C011,Hamra,Mango Cocktail,Cocktails,6.0,2.2,M,23,Batroun,4687,30,11,2024,Saturday,6.0,3.8,16–25
1821,2024-08-09,15,705,1,C073,Hamra,Ice Cream 2 Scoops,Desserts,4.0,1.2,F,54,Saida,3103,9,8,2024,Friday,4.0,2.8,50+
2960,2024-02-06,19,303,1,C118,Hamra,Fresh Orange Juice,Cold Drinks,3.5,1.0,F,48,Jounieh,517,6,2,2024,Tuesday,3.5,2.5,36–50
4580,2024-10-04,12,601,1,C184,Hamra,Chicken Caesar Salad,Salads,7.5,3.2,M,25,Batroun,3884,4,10,2024,Friday,7.5,4.3,16–25
2208,2024-07-14,12,705,2,C088,Hamra,Ice Cream 2 Scoops,Desserts,4.0,1.2,F,56,Beirut,2736,14,7,2024,Sunday,8.0,5.6,50+
2247,2024-12-17,19,103,3,C089,Hamra,Blonde Coffee,Coffee,2.2,0.5,F,21,Saida,4927,17,12,2024,Tuesday,6.6000000000000005,5.1000000000000005,16–25
1365,2024-08-29,17,702,1,C055,Hamra,Lotus Crepe,Desserts,5.8,1.9,F,44,Tyre,3385,29,8,2024,Thursday,5.8,3.9,36–50
3854,2024-11-19,20,602,2,C153,Hamra,Greek Salad,Salads,6.5,2.8,M,41,Jounieh,4536,19,11,2024,Tuesday,13.0,7.4,36–50
204,2024-08-06,8,407,1,C009,Hamra,Cheese Rolls,Appetizers,4.5,1.0,M,21,Beirut,3054,6,8,2024,Tuesday,4.5,3.5,16–25
277,2024-07-10,14,110,2,C012,Hamra,Sahlab,Hot Drinks,4.0,1.0,F,60,Beirut,2682,10,7,2024,Wednesday,8.0,6.0,50+
3478,2024-01-17,9,504,1,C139,Hamra,Halloumi Sandwich,Sandwiches,6.0,2.0,M,33,Saida,227,17,1,2024,Wednesday,6.0,4.0,26–35
2845,2024-01-12,13,205,1,C113,Hamra,Mate,Tea,2.5,0.5,F,27,Beirut,161,12,1,2024,Friday,2.5,2.0,26–35
4150,2024-07-11,11,105,1,C166,Hamra,Café Latte,Coffee,4.0,0.8,F,48,Beirut,2693,11,7,2024,Thursday,4.0,3.2,36–50
3899,2024-01-22,9,104,1,C156,Hamra,Americano,Coffee,3.0,0.6,M,52,Jounieh,297,22,1,2024,Monday,3.0,2.4,50+
175,2024-04-29,7,403,2,C008,Hamra,Cheese Manoushe,Manakish,4.5,0.8,F,49,Byblos,1667,29,4,2024,Monday,9.0,7.4,36–50
4340,2024-07-28,14,706,2,C175,Hamra,Honey Pancakes,Desserts,4.5,1.5,F,39,Saida,2934,28,7,2024,Sunday,9.0,6.0,36–50
880,2024-11-01,9,705,1,C036,Hamra,Ice Cream 2 Scoops,Desserts,4.0,1.2,M,23,Beirut,4273,1,11,2024,Friday,4.0,2.8,16–25
3134,2024-09-26,8,704,1,C125,Hamra,Mafroukeh Dessert,Desserts,6.5,2.5,F,37,Batroun,3768,26,9,2024,Thursday,6.5,4.0,36–50
1228,2024-07-10,7,706,2,C050,Hamra,Honey Pancakes,Desserts,4.5,1.5,M,38,Jounieh,2675,10,7,2024,Wednesday,9.0,6.0,36–50
2693,2024-06-23,10,104,2,C107,Hamra,Americano,Coffee,3.0,0.6,M,18,Tyre,2440,23,6,2024,Sunday,6.0,4.8,16–25
211,2024-10-11,19,205,1,C009,Hamra,Mate,Tea,2.5,0.5,M,21,Beirut,3989,11,10,2024,Friday,2.5,2.0,16–25
4694,2024-07-22,14,302,1,C188,Hamra,Lemonade Mint,Cold Drinks,3.5,1.0,M,26,Jounieh,2850,22,7,2024,Monday,3.5,2.5,26–35
4981,2024-06-12,19,602,1,C200,Hamra,Greek Salad,Salads,6.5,2.8,M,40,Byblos,2295,12,6,2024,Wednesday,6.5,3.7,36–50
1669,2024-09-07,9,103,1,C067,Hamra,Blonde Coffee,Coffee,2.2,0.5,M,60,Beirut,3503,7,9,2024,Saturday,2.2,1.7000000000000002,50+
1303,2024-08-14,20,110,1,C053,Hamra,Sahlab,Hot Drinks,4.0,1.0,F,46,Batroun,3178,14,8,2024,Wednesday,4.0,3.0,36–50
2044,2024-01-07,7,605,1,C082,Hamra,Halloumi Salad,Salads,6.8,2.9,M,37,Tripoli,85,7,1,2024,Sunday,6.8,3.9,36–50
2758,2024-01-29,10,506,2,C110,Hamra,Steak Sandwich,Sandwiches,9.0,4.0,M,55,Batroun,396,29,1,2024,Monday,18.0,10.0,50+
3650,2024-02-02,15,308,1,C145,Hamra,Banane Avocat,Cocktails,6.5,2.5,F,55,Saida,457,2,2,2024,Friday,6.5,4.0,50+
1300,2024-05-13,19,303,3,C053,Hamra,Fresh Orange Juice,Cold Drinks,3.5,1.0,F,46,Batroun,1875,13,5,2024,Monday,10.5,7.5,36–50
3904,2024-03-19,7,101,2,C156,Hamra,Espresso,Coffee,2.5,0.5,M,52,Jounieh,1093,19,3,2024,Tuesday,5.0,4.0,50+
2865,2024-02-27,18,410,3,C114,Hamra,Hummus,Appetizers,4.0,1.2,F,50,Byblos,810,27,2,2024,Tuesday,12.0,8.399999999999999,36–50
1551,2024-01-26,20,706,1,C063,Hamra,Honey Pancakes,Desserts,4.5,1.5,F,32,Byblos,364,26,1,2024,Friday,4.5,3.0,26–35
3599,2024-08-13,17,406,2,C143,Hamra,Kaak with Cheese,Bakery,3.5,0.8,M,36,Saida,3161,13,8,2024,Tuesday,7.0,5.4,36–50
479,2024-10-11,8,602,1,C019,Hamra,Greek Salad,Salads,6.5,2.8,M,43,Tripoli,3978,11,10,2024,Friday,6.5,3.7,36–50
3097,2024-01-04,15,101,1,C124,Hamra,Espresso,Coffee,2.5,0.5,M,52,Tyre,51,4,1,2024,Thursday,2.5,2.0,50+
2154,2024-04-08,8,103,1,C086,Hamra,Blonde Coffee,Coffee,2.2,0.5,M,33,Tripoli,1374,8,4,2024,Monday,2.2,1.7000000000000002,26–35
1729,2024-02-08,19,103,1,C070,Hamra,Blonde Coffee,Coffee,2.2,0.5,F,27,Byblos,545,8,2,2024,Thursday,2.2,1.7000000000000002,26–35
1158,2024-09-27,9,501,2,C047,Hamra,Shish Tawouk Sandwich,Sandwiches,6.5,2.5,M,24,Jounieh,3783,27,9,2024,Friday,13.0,8.0,16–25
4965,2024-10-11,13,304,2,C199,Hamra,Carrot Juice,Cold Drinks,3.5,1.0,M,46,Jounieh,3983,11,10,2024,Friday,7.0,5.0,36–50
2718,2024-06-05,9,404,1,C108,Hamra,Keshek Manoushe,Manakish,4.0,0.7,F,21,Saida,2187,5,6,2024,Wednesday,4.0,3.3,16–25
4357,2024-03-15,15,310,1,C176,Hamra,Strawberry Milkshake,Shakes,5.5,1.8,M,24,Jounieh,1045,15,3,2024,Friday,5.5,3.7,16–25
506,2024-10-14,12,408,1,C020,Hamra,Fries,Appetizers,3.0,0.7,M,55,Tyre,4024,14,10,2024,Monday,3.0,2.3,50+
890,2024-05-09,9,411,1,C037,Hamra,Mutabbal,Appetizers,4.2,1.2,M,28,Beirut,1809,9,5,2024,Thursday,4.2,3.0,26–35
3232,2024-06-23,15,404,2,C130,Hamra,Keshek Manoushe,Manakish,4.0,0.7,F,26,Beirut,2445,23,6,2024,Sunday,8.0,6.6,26–35
4795,2024-03-24,7,401,1,C192,Hamra,Croissant,Bakery,3.0,0.8,F,27,Tripoli,1163,24,3,2024,Sunday,3.0,2.2,26–35
856,2024-01-22,16,104,3,C036,Hamra,Americano,Coffee,3.0,0.6,M,23,Beirut,304,22,1,2024,Monday,9.0,7.199999999999999,16–25
3293,2024-01-27,9,702,1,C133,Hamra,Lotus Crepe,Desserts,5.8,1.9,M,41,Beirut,367,27,1,2024,Saturday,5.8,3.9,36–50
1596,2024-07-13,7,204,1,C064,Hamra,Chamomile Tea,Tea,2.5,0.5,M,26,Jounieh,2717,13,7,2024,Saturday,2.5,2.0,26–35
164,2024-12-02,8,703,1,C007,Hamra,Ashta W Banane,Cocktails Specials,7.0,2.5,M,24,Batroun,4706,2,12,2024,Monday,7.0,4.5,16–25
4942,2024-08-23,18,402,1,C198,Hamra,Zaatar Manoushe,Manakish,3.5,0.5,F,29,Tyre,3302,23,8,2024,Friday,3.5,3.0,26–35
3010,2024-04-01,14,408,1,C120,Hamra,Fries,Appetizers,3.0,0.7,F,50,Zahle,1282,1,4,2024,Monday,3.0,2.3,36–50
533,2024-01-21,13,307,2,C022,Hamra,Strawberry Cocktail,Cocktails,6.0,2.0,F,32,Tyre,287,21,1,2024,Sunday,12.0,8.0,26–35
1134,2024-10-29,8,701,2,C046,Hamra,Nutella Crepe,Desserts,5.5,1.8,F,60,Saida,4230,29,10,2024,Tuesday,11.0,7.4,50+
4205,2024-12-22,8,103,1,C168,Hamra,Blonde Coffee,Coffee,2.2,0.5,F,47,Tyre,4986,22,12,2024,Sunday,2.2,1.7000000000000002,36–50
4716,2024-03-24,15,308,1,C189,Hamra,Banane Avocat,Cocktails,6.5,2.5,F,43,Tripoli,1171,24,3,2024,Sunday,6.5,4.0,36–50
2777,2024-09-18,19,306,1,C110,Hamra,Mango Cocktail,Cocktails,6.0,2.2,M,55,Batroun,3667,18,9,2024,Wednesday,6.0,3.8,50+
1116,2024-05-26,19,505,1,C046,Hamra,Turkey Sandwich,Sandwiches,5.5,2.2,F,60,Saida,2057,26,5,2024,Sunday,5.5,3.3,50+
688,2024-09-13,12,308,1,C028,Hamra,Banane Avocat,Cocktails,6.5,2.5,M,18,Tripoli,3590,13,9,2024,Friday,6.5,4.0,16–25
2175,2024-02-27,11,104,1,C087,Hamra,Americano,Coffee,3.0,0.6,F,60,Batroun,803,27,2,2024,Tuesday,3.0,2.4,50+
836,2024-01-15,16,306,2,C035,Hamra,Mango Cocktail,Cocktails,6.0,2.2,M,33,Byblos,206,15,1,2024,Monday,12.0,7.6,26–35
3207,2024-06-10,12,501,2,C129,Hamra,Shish Tawouk Sandwich,Sandwiches,6.5,2.5,F,58,Byblos,2260,10,6,2024,Monday,13.0,8.0,50+
3934,2024-06-11,15,601,3,C157,Hamra,Chicken Caesar Salad,Salads,7.5,3.2,F,30,Jounieh,2277,11,6,2024,Tuesday,22.5,12.899999999999999,26–35
213,2024-11-15,17,406,1,C009,Hamra,Kaak with Cheese,Bakery,3.5,0.8,M,21,Beirut,4477,15,11,2024,Friday,3.5,2.7,16–25
208,2024-10-07,13,306,3,C009,Hamra,Mango Cocktail,Cocktails,6.0,2.2,M,21,Beirut,3927,7,10,2024,Monday,18.0,11.399999999999999,16–25
545,2024-10-06,16,401,1,C022,Hamra,Croissant,Bakery,3.0,0.8,F,32,Tyre,3916,6,10,2024,Sunday,3.0,2.2,26–35
4761,2024-01-12,16,505,1,C191,Hamra,Turkey Sandwich,Sandwiches,5.5,2.2,M,60,Byblos,164,12,1,2024,Friday,5.5,3.3,50+
4860,2024-09-30,20,410,3,C194,Hamra,Hummus,Appetizers,4.0,1.2,F,18,Jounieh,3836,30,9,2024,Monday,12.0,8.399999999999999,16–25
4644,2024-09-27,15,502,1,C186,Hamra,Chicken Sub Sandwich,Sandwiches,7.0,3.0,F,34,Beirut,3789,27,9,2024,Friday,7.0,4.0,26–35
1742,2024-07-26,10,309,1,C070,Hamra,Chocolate Milkshake,Shakes,5.5,1.8,F,27,Byblos,2902,26,7,2024,Friday,5.5,3.7,26–35
4536,2024-01-27,8,201,2,C183,Hamra,Tea,Tea,2.0,0.4,M,23,Saida,366,27,1,2024,Saturday,4.0,3.2,16–25
3541,2024-03-12,18,505,3,C141,Hamra,Turkey Sandwich,Sandwiches,5.5,2.2,F,21,Jounieh,1006,12,3,2024,Tuesday,16.5,9.899999999999999,16–25
3706,2024-02-29,14,404,2,C147,Hamra,Keshek Manoushe,Manakish,4.0,0.7,M,31,Saida,834,29,2,2024,Thursday,8.0,6.6,26–35
4023,2024-05-24,10,605,1,C161,Hamra,Halloumi Salad,Salads,6.8,2.9,F,35,Batroun,2020,24,5,2024,Friday,6.8,3.9,26–35
1610,2024-04-02,19,103,1,C065,Hamra,Blonde Coffee,Coffee,2.2,0.5,F,42,Saida,1301,2,4,2024,Tuesday,2.2,1.7000000000000002,36–50
4704,2024-11-04,15,101,3,C188,Hamra,Espresso,Coffee,2.5,0.5,M,26,Jounieh,4321,4,11,2024,Monday,7.5,6.0,26–35
3509,2024-01-08,10,705,1,C140,Hamra,Ice Cream 2 Scoops,Desserts,4.0,1.2,F,50,Tripoli,102,8,1,2024,Monday,4.0,2.8,36–50
1041,2024-03-19,14,304,1,C043,Hamra,Carrot Juice,Cold Drinks,3.5,1.0,M,42,Tyre,1100,19,3,2024,Tuesday,3.5,2.5,36–50
399,2024-01-27,15,604,1,C017,Hamra,Tabbouleh,Salads,5.5,2.0,M,34,Byblos,373,27,1,2024,Saturday,5.5,3.5,26–35
1690,2024-06-22,19,702,1,C068,Hamra,Lotus Crepe,Desserts,5.8,1.9,F,21,Beirut,2435,22,6,2024,Saturday,5.8,3.9,16–25
699,2024-02-19,15,307,1,C029,Hamra,Strawberry Cocktail,Cocktails,6.0,2.0,F,24,Tripoli,695,19,2,2024,Monday,6.0,4.0,16–25
4546,2024-07-17,16,204,1,C183,Hamra,Chamomile Tea,Tea,2.5,0.5,M,23,Saida,2782,17,7,2024,Wednesday,2.5,2.0,16–25
3381,2024-12-14,10,702,1,C135,Hamra,Lotus Crepe,Desserts,5.8,1.9,F,20,Byblos,4876,14,12,2024,Saturday,5.8,3.9,16–25
1071,2024-06-29,7,204,1,C044,Hamra,Chamomile Tea,Tea,2.5,0.5,F,20,Zahle,2521,29,6,2024,Saturday,2.5,2.0,16–25
3292,2024-01-24,9,602,1,C133,Hamra,Greek Salad,Salads,6.5,2.8,M,41,Beirut,325,24,1,2024,Wednesday,6.5,3.7,36–50
4705,2024-11-11,15,301,1,C188,Hamra,Lemonade,Cold Drinks,3.0,0.8,M,26,Jounieh,4419,11,11,2024,Monday,3.0,2.2,26–35
3325,2024-02-15,10,408,2,C134,Hamra,Fries,Appetizers,3.0,0.7,F,60,Zahle,634,15,2,2024,Thursday,6.0,4.6,50+
147,2024-01-15,11,203,1,C007,Hamra,Green Tea,Tea,2.2,0.5,M,24,Batroun,201,15,1,2024,Monday,2.2,1.7000000000000002,16–25
4320,2024-06-01,13,502,1,C174,Hamra,Chicken Sub Sandwich,Sandwiches,7.0,3.0,M,20,Tyre,2135,1,6,2024,Saturday,7.0,4.0,16–25
4601,2024-08-09,11,702,3,C185,Hamra,Lotus Crepe,Desserts,5.8,1.9,M,39,Saida,3099,9,8,2024,Friday,17.4,11.7,36–50
1329,2024-07-24,10,202,1,C054,Hamra,Mint Tea,Tea,2.2,0.5,F,53,Byblos,2874,24,7,2024,Wednesday,2.2,1.7000000000000002,50+
1131,2024-09-29,8,704,1,C046,Hamra,Mafroukeh Dessert,Desserts,6.5,2.5,F,60,Saida,3810,29,9,2024,Sunday,6.5,4.0,50+
3464,2024-08-23,8,502,1,C138,Hamra,Chicken Sub Sandwich,Sandwiches,7.0,3.0,F,55,Tyre,3292,23,8,2024,Friday,7.0,4.0,50+
98,2024-12-05,19,503,2,C004,Hamra,BBQ Chicken Sandwich,Sandwiches,7.5,3.2,M,23,Tyre,4759,5,12,2024,Thursday,15.0,8.6,16–25
4872,2024-08-15,19,408,3,C195,Hamra,Fries,Appetizers,3.0,0.7,M,26,Saida,3191,15,8,2024,Thursday,9.0,6.8999999999999995,26–35
3830,2024-01-09,10,408,3,C153,Hamra,Fries,Appetizers,3.0,0.7,M,41,Jounieh,116,9,1,2024,Tuesday,9.0,6.8999999999999995,36–50
2275,2024-06-14,16,404,2,C091,Hamra,Keshek Manoushe,Manakish,4.0,0.7,M,47,Tyre,2320,14,6,2024,Friday,8.0,6.6,36–50
1518,2024-11-14,19,105,1,C061,Hamra,Café Latte,Coffee,4.0,0.8,F,34,Zahle,4465,14,11,2024,Thursday,4.0,3.2,26–35
4151,2024-08-01,16,106,1,C166,Hamra,Cappuccino,Coffee,3.5,0.7,F,48,Beirut,2992,1,8,2024,Thursday,3.5,2.8,36–50
3998,2024-04-26,19,406,1,C160,Hamra,Kaak with Cheese,Bakery,3.5,0.8,M,20,Beirut,1637,26,4,2024,Friday,3.5,2.7,16–25
3808,2024-12-09,15,301,1,C151,Hamra,Lemonade,Cold Drinks,3.0,0.8,M,21,Saida,4811,9,12,2024,Monday,3.0,2.2,16–25
2792,2024-03-12,14,406,2,C111,Hamra,Kaak with Cheese,Bakery,3.5,0.8,M,40,Zahle,1002,12,3,2024,Tuesday,7.0,5.4,36–50
887,2024-03-04,9,310,1,C037,Hamra,Strawberry Milkshake,Shakes,5.5,1.8,M,28,Beirut,885,4,3,2024,Monday,5.5,3.7,26–35
70,2024-07-23,20,701,1,C003,Hamra,Nutella Crepe,Desserts,5.5,1.8,F,51,Batroun,2870,23,7,2024,Tuesday,5.5,3.7,50+
308,2024-07-27,15,604,2,C013,Hamra,Tabbouleh,Salads,5.5,2.0,M,29,Beirut,2921,27,7,2024,Saturday,11.0,7.0,26–35
4046,2024-03-12,20,408,1,C162,Hamra,Fries,Appetizers,3.0,0.7,F,37,Saida,1008,12,3,2024,Tuesday,3.0,2.3,36–50
2212,2024-10-03,11,203,1,C088,Hamra,Green Tea,Tea,2.2,0.5,F,56,Beirut,3869,3,10,2024,Thursday,2.2,1.7000000000000002,50+
4829,2024-09-30,17,705,1,C193,Hamra,Ice Cream 2 Scoops,Desserts,4.0,1.2,M,48,Byblos,3833,30,9,2024,Monday,4.0,2.8,36–50
1909,2024-11-15,9,110,1,C076,Hamra,Sahlab,Hot Drinks,4.0,1.0,M,40,Saida,4469,15,11,2024,Friday,4.0,3.0,36–50
186,2024-12-03,11,309,1,C008,Hamra,Chocolate Milkshake,Shakes,5.5,1.8,F,49,Byblos,4723,3,12,2024,Tuesday,5.5,3.7,36–50
2085,2024-12-31,19,110,1,C083,Hamra,Sahlab,Hot Drinks,4.0,1.0,M,47,Byblos,5123,31,12,2024,Tuesday,4.0,3.0,36–50
196,2024-04-04,16,505,1,C009,Hamra,Turkey Sandwich,Sandwiches,5.5,2.2,M,21,Beirut,1326,4,4,2024,Thursday,5.5,3.3,16–25
3909,2024-06-14,19,406,2,C156,Hamra,Kaak with Cheese,Bakery,3.5,0.8,M,52,Jounieh,2323,14,6,2024,Friday,7.0,5.4,50+
1945,2024-02-01,10,203,3,C078,Hamra,Green Tea,Tea,2.2,0.5,M,23,Beirut,438,1,2,2024,Thursday,6.6000000000000005,5.1000000000000005,16–25
3098,2024-01-11,14,103,1,C124,Hamra,Blonde Coffee,Coffee,2.2,0.5,M,52,Tyre,148,11,1,2024,Thursday,2.2,1.7000000000000002,50+
3692,2024-10-27,19,703,1,C146,Hamra,Ashta W Banane,Cocktails Specials,7.0,2.5,M,27,Beirut,4213,27,10,2024,Sunday,7.0,4.5,26–35
1025,2024-08-04,18,705,2,C042,Hamra,Ice Cream 2 Scoops,Desserts,4.0,1.2,F,26,Tripoli,3036,4,8,2024,Sunday,8.0,5.6,26–35
997,2024-10-15,11,409,3,C041,Hamra,Pita Chips,Appetizers,2.5,0.6,M,42,Tyre,4037,15,10,2024,Tuesday,7.5,5.699999999999999,36–50
4928,2024-04-11,16,702,1,C198,Hamra,Lotus Crepe,Desserts,5.8,1.9,F,29,Tyre,1424,11,4,2024,Thursday,5.8,3.9,26–35
4035,2024-09-23,18,403,1,C161,Hamra,Cheese Manoushe,Manakish,4.5,0.8,F,35,Batroun,3736,23,9,2024,Monday,4.5,3.7,26–35
2238,2024-08-01,14,304,2,C089,Hamra,Carrot Juice,Cold Drinks,3.5,1.0,F,21,Saida,2990,1,8,2024,Thursday,7.0,5.0,16–25
1926,2024-06-27,15,308,1,C077,Hamra,Banane Avocat,Cocktails,6.5,2.5,M,30,Zahle,2501,27,6,2024,Thursday,6.5,4.0,26–35
1319,2024-03-28,10,603,1,C054,Hamra,Fattoush,Salads,5.5,2.0,F,53,Byblos,1222,28,3,2024,Thursday,5.5,3.5,50+
4096,2024-02-10,13,407,1,C164,Hamra,Cheese Rolls,Appetizers,4.5,1.0,F,53,Batroun,567,10,2,2024,Saturday,4.5,3.5,50+
2423,2024-03-16,8,203,1,C097,Hamra,Green Tea,Tea,2.2,0.5,M,45,Batroun,1052,16,3,2024,Saturday,2.2,1.7000000000000002,36–50
2449,2024-02-15,12,408,1,C098,Hamra,Fries,Appetizers,3.0,0.7,M,33,Tripoli,636,15,2,2024,Thursday,3.0,2.3,26–35
1385,2024-06-08,14,409,1,C056,Hamra,Pita Chips,Appetizers,2.5,0.6,F,26,Batroun,2234,8,6,2024,Saturday,2.5,1.9,26–35
2497,2024-03-20,18,408,2,C100,Hamra,Fries,Appetizers,3.0,0.7,F,29,Byblos,1118,20,3,2024,Wednesday,6.0,4.6,26–35
3672,2024-11-05,13,105,1,C145,Hamra,Café Latte,Coffee,4.0,0.8,F,55,Saida,4333,5,11,2024,Tuesday,4.0,3.2,50+
219,2024-03-26,13,103,1,C010,Hamra,Blonde Coffee,Coffee,2.2,0.5,F,49,Tyre,1197,26,3,2024,Tuesday,2.2,1.7000000000000002,36–50
1062,2024-04-01,14,107,1,C044,Hamra,Mocha,Coffee,4.5,0.9,F,20,Zahle,1282,1,4,2024,Monday,4.5,3.6,16–25
3231,2024-05-27,13,309,2,C130,Hamra,Chocolate Milkshake,Shakes,5.5,1.8,F,26,Beirut,2065,27,5,2024,Monday,11.0,7.4,26–35
3571,2024-06-09,11,307,1,C142,Hamra,Strawberry Cocktail,Cocktails,6.0,2.0,F,44,Batroun,2245,9,6,2024,Sunday,6.0,4.0,36–50
4214,2024-07-20,13,603,1,C169,Hamra,Fattoush,Salads,5.5,2.0,M,24,Tyre,2821,20,7,2024,Saturday,5.5,3.5,16–25
3235,2024-08-29,19,308,1,C130,Hamra,Banane Avocat,Cocktails,6.5,2.5,F,26,Beirut,3387,29,8,2024,Thursday,6.5,4.0,26–35
486,2024-12-18,20,405,2,C019,Hamra,Lahm Baajin,Manakish,5.0,1.2,M,43,Tripoli,4942,18,12,2024,Wednesday,10.0,7.6,36–50
1987,2024-01-02,16,303,1,C080,Hamra,Fresh Orange Juice,Cold Drinks,3.5,1.0,F,40,Saida,24,2,1,2024,Tuesday,3.5,2.5,36–50
2239,2024-08-12,9,407,1,C089,Hamra,Cheese Rolls,Appetizers,4.5,1.0,F,21,Saida,3139,12,8,2024,Monday,4.5,3.5,16–25
19,2024-10-15,11,706,1,C001,Hamra,Honey Pancakes,Desserts,4.5,1.5,F,18,Zahle,4037,15,10,2024,Tuesday,4.5,3.0,16–25
3234,2024-08-20,13,107,2,C130,Hamra,Mocha,Coffee,4.5,0.9,F,26,Beirut,3255,20,8,2024,Tuesday,9.0,7.2,26–35
650,2024-03-17,15,408,1,C027,Hamra,Fries,Appetizers,3.0,0.7,F,46,Byblos,1073,17,3,2024,Sunday,3.0,2.3,36–50
36,2024-04-25,8,105,2,C002,Hamra,Café Latte,Coffee,4.0,0.8,F,37,Zahle,1612,25,4,2024,Thursday,8.0,6.4,36–50
4438,2024-06-02,10,702,2,C179,Hamra,Lotus Crepe,Desserts,5.8,1.9,F,43,Zahle,2146,2,6,2024,Sunday,11.6,7.8,36–50
3451,2024-04-12,18,403,3,C138,Hamra,Cheese Manoushe,Manakish,4.5,0.8,F,55,Tyre,1440,12,4,2024,Friday,13.5,11.100000000000001,50+
476,2024-07-12,13,108,1,C019,Hamra,Caramel Latte,Coffee,4.8,1.0,M,43,Tripoli,2709,12,7,2024,Friday,4.8,3.8,36–50
3548,2024-06-14,7,205,3,C141,Hamra,Mate,Tea,2.5,0.5,F,21,Jounieh,2311,14,6,2024,Friday,7.5,6.0,16–25
4376,2024-12-24,19,705,1,C176,Hamra,Ice Cream 2 Scoops,Desserts,4.0,1.2,M,24,Jounieh,5025,24,12,2024,Tuesday,4.0,2.8,16–25
2868,2024-03-30,8,104,1,C114,Hamra,Americano,Coffee,3.0,0.6,F,50,Byblos,1248,30,3,2024,Saturday,3.0,2.4,36–50
1387,2024-06-22,15,409,2,C056,Hamra,Pita Chips,Appetizers,2.5,0.6,F,26,Batroun,2431,22,6,2024,Saturday,5.0,3.8,26–35
4978,2024-05-01,19,105,1,C200,Hamra,Café Latte,Coffee,4.0,0.8,M,40,Byblos,1707,1,5,2024,Wednesday,4.0,3.2,36–50
4567,2024-05-22,16,408,1,C184,Hamra,Fries,Appetizers,3.0,0.7,M,25,Batroun,1998,22,5,2024,Wednesday,3.0,2.3,16–25
4405,2024-04-15,13,105,1,C178,Hamra,Café Latte,Coffee,4.0,0.8,F,33,Zahle,1477,15,4,2024,Monday,4.0,3.2,26–35
2381,2024-10-31,18,502,1,C095,Hamra,Chicken Sub Sandwich,Sandwiches,7.0,3.0,M,40,Zahle,4268,31,10,2024,Thursday,7.0,4.0,36–50
4307,2024-12-25,16,409,1,C173,Hamra,Pita Chips,Appetizers,2.5,0.6,F,31,Tripoli,5036,25,12,2024,Wednesday,2.5,1.9,26–35
4678,2024-11-12,13,401,2,C187,Hamra,Croissant,Bakery,3.0,0.8,F,18,Tyre,4431,12,11,2024,Tuesday,6.0,4.4,16–25
4166,2024-05-02,12,101,2,C167,Hamra,Espresso,Coffee,2.5,0.5,F,25,Jounieh,1714,2,5,2024,Thursday,5.0,4.0,16–25
3738,2024-01-09,9,104,1,C149,Hamra,Americano,Coffee,3.0,0.6,M,40,Beirut,115,9,1,2024,Tuesday,3.0,2.4,36–50
4550,2024-09-18,16,503,1,C183,Hamra,BBQ Chicken Sandwich,Sandwiches,7.5,3.2,M,23,Saida,3664,18,9,2024,Wednesday,7.5,4.3,16–25
1401,2024-03-13,9,401,3,C057,Hamra,Croissant,Bakery,3.0,0.8,M,37,Batroun,1011,13,3,2024,Wednesday,9.0,6.6000000000000005,36–50
2581,2024-12-24,8,408,1,C102,Hamra,Fries,Appetizers,3.0,0.7,M,29,Tripoli,5014,24,12,2024,Tuesday,3.0,2.3,26–35
4218,2024-08-10,17,408,1,C169,Hamra,Fries,Appetizers,3.0,0.7,M,24,Tyre,3119,10,8,2024,Saturday,3.0,2.3,16–25
1730,2024-02-10,12,108,1,C070,Hamra,Caramel Latte,Coffee,4.8,1.0,F,27,Byblos,566,10,2,2024,Saturday,4.8,3.8,26–35
2053,2024-07-22,10,305,1,C082,Hamra,Avocado Shake Cocktails,Shakes,6.0,2.2,M,37,Tripoli,2846,22,7,2024,Monday,6.0,3.8,36–50
1209,2024-09-20,11,301,1,C049,Hamra,Lemonade,Cold Drinks,3.0,0.8,F,35,Tyre,3687,20,9,2024,Friday,3.0,2.2,26–35
4282,2024-11-23,9,306,1,C172,Hamra,Mango Cocktail,Cocktails,6.0,2.2,F,21,Zahle,4581,23,11,2024,Saturday,6.0,3.8,16–25
4081,2024-06-26,12,603,1,C163,Hamra,Fattoush,Salads,5.5,2.0,F,40,Beirut,2484,26,6,2024,Wednesday,5.5,3.5,36–50
2289,2024-12-13,17,401,1,C091,Hamra,Croissant,Bakery,3.0,0.8,M,47,Tyre,4869,13,12,2024,Friday,3.0,2.2,36–50
120,2024-11-13,18,308,1,C005,Hamra,Banane Avocat,Cocktails,6.5,2.5,M,33,Beirut,4450,13,11,2024,Wednesday,6.5,4.0,26–35
4955,2024-03-24,9,303,2,C199,Hamra,Fresh Orange Juice,Cold Drinks,3.5,1.0,M,46,Jounieh,1165,24,3,2024,Sunday,7.0,5.0,36–50
4450,2024-11-13,20,406,2,C179,Hamra,Kaak with Cheese,Bakery,3.5,0.8,F,43,Zahle,4452,13,11,2024,Wednesday,7.0,5.4,36–50
1405,2024-04-20,20,705,1,C057,Hamra,Ice Cream 2 Scoops,Desserts,4.0,1.2,M,37,Batroun,1554,20,4,2024,Saturday,4.0,2.8,36–50
4642,2024-09-07,14,506,1,C186,Hamra,Steak Sandwich,Sandwiches,9.0,4.0,F,34,Beirut,3508,7,9,2024,Saturday,9.0,5.0,26–35
2291,2024-01-07,15,202,3,C092,Hamra,Mint Tea,Tea,2.2,0.5,F,32,Batroun,93,7,1,2024,Sunday,6.6000000000000005,5.1000000000000005,26–35
858,2024-03-24,10,101,1,C036,Hamra,Espresso,Coffee,2.5,0.5,M,23,Beirut,1166,24,3,2024,Sunday,2.5,2.0,16–25
3460,2024-07-26,15,506,2,C138,Hamra,Steak Sandwich,Sandwiches,9.0,4.0,F,55,Tyre,2907,26,7,2024,Friday,18.0,10.0,50+
4417,2024-11-09,18,109,1,C178,Hamra,Hot Chocolate,Hot Drinks,3.8,0.9,F,33,Zahle,4394,9,11,2024,Saturday,3.8,2.9,26–35
4120,2024-01-22,13,103,3,C165,Hamra,Blonde Coffee,Coffee,2.2,0.5,M,44,Batroun,301,22,1,2024,Monday,6.6000000000000005,5.1000000000000005,36–50
2812,2024-01-03,9,704,1,C112,Hamra,Mafroukeh Dessert,Desserts,6.5,2.5,F,46,Tripoli,31,3,1,2024,Wednesday,6.5,4.0,36–50
3726,2024-05-06,13,401,1,C148,Hamra,Croissant,Bakery,3.0,0.8,M,19,Beirut,1771,6,5,2024,Monday,3.0,2.2,16–25
314,2024-10-23,20,109,2,C013,Hamra,Hot Chocolate,Hot Drinks,3.8,0.9,M,29,Beirut,4158,23,10,2024,Wednesday,7.6,5.8,26–35
3072,2024-07-06,7,506,1,C122,Hamra,Steak Sandwich,Sandwiches,9.0,4.0,F,41,Beirut,2619,6,7,2024,Saturday,9.0,5.0,36–50
2757,2024-12-27,9,704,1,C109,Hamra,Mafroukeh Dessert,Desserts,6.5,2.5,M,29,Jounieh,5057,27,12,2024,Friday,6.5,4.0,26–35
3702,2024-01-14,12,301,1,C147,Hamra,Lemonade,Cold Drinks,3.0,0.8,M,31,Saida,188,14,1,2024,Sunday,3.0,2.2,26–35
2293,2024-01-12,10,309,2,C092,Hamra,Chocolate Milkshake,Shakes,5.5,1.8,F,32,Batroun,158,12,1,2024,Friday,11.0,7.4,26–35
2559,2024-03-27,13,703,1,C102,Hamra,Ashta W Banane,Cocktails Specials,7.0,2.5,M,29,Tripoli,1211,27,3,2024,Wednesday,7.0,4.5,26–35
1376,2024-01-12,20,204,1,C056,Hamra,Chamomile Tea,Tea,2.5,0.5,F,26,Batroun,168,12,1,2024,Friday,2.5,2.0,26–35
1086,2024-01-25,9,103,1,C045,Hamra,Blonde Coffee,Coffee,2.2,0.5,F,48,Tyre,339,25,1,2024,Thursday,2.2,1.7000000000000002,36–50
1488,2024-10-27,7,409,1,C060,Hamra,Pita Chips,Appetizers,2.5,0.6,F,22,Zahle,4201,27,10,2024,Sunday,2.5,1.9,16–25
4895,2024-08-30,15,408,1,C196,Hamra,Fries,Appetizers,3.0,0.7,F,44,Zahle,3397,30,8,2024,Friday,3.0,2.3,36–50
4593,2024-05-01,12,703,1,C185,Hamra,Ashta W Banane,Cocktails Specials,7.0,2.5,M,39,Saida,1700,1,5,2024,Wednesday,7.0,4.5,36–50
1323,2024-05-26,14,309,1,C054,Hamra,Chocolate Milkshake,Shakes,5.5,1.8,F,53,Byblos,2052,26,5,2024,Sunday,5.5,3.7,50+
885,2024-02-24,9,109,1,C037,Hamra,Hot Chocolate,Hot Drinks,3.8,0.9,M,28,Beirut,759,24,2,2024,Saturday,3.8,2.9,26–35
899,2024-08-25,14,203,1,C037,Hamra,Green Tea,Tea,2.2,0.5,M,28,Beirut,3326,25,8,2024,Sunday,2.2,1.7000000000000002,26–35
344,2024-12-21,8,102,1,C014,Hamra,Turkish Coffee,Coffee,2.0,0.4,M,38,Saida,4972,21,12,2024,Saturday,2.0,1.6,36–50
2368,2024-06-21,18,107,1,C095,Hamra,Mocha,Coffee,4.5,0.9,M,40,Zahle,2420,21,6,2024,Friday,4.5,3.6,36–50
4274,2024-08-08,10,701,1,C172,Hamra,Nutella Crepe,Desserts,5.5,1.8,F,21,Zahle,3084,8,8,2024,Thursday,5.5,3.7,16–25
2560,2024-04-28,9,306,3,C102,Hamra,Mango Cocktail,Cocktails,6.0,2.2,M,29,Tripoli,1655,28,4,2024,Sunday,18.0,11.399999999999999,26–35
1033,2024-11-04,16,304,1,C042,Hamra,Carrot Juice,Cold Drinks,3.5,1.0,F,26,Tripoli,4322,4,11,2024,Monday,3.5,2.5,26–35
13,2024-07-01,7,310,2,C001,Hamra,Strawberry Milkshake,Shakes,5.5,1.8,F,18,Zahle,2549,1,7,2024,Monday,11.0,7.4,16–25
573,2024-10-14,19,605,1,C023,Hamra,Halloumi Salad,Salads,6.8,2.9,M,18,Saida,4031,14,10,2024,Monday,6.8,3.9,16–25
4806,2024-11-02,19,307,1,C192,Hamra,Strawberry Cocktail,Cocktails,6.0,2.0,F,27,Tripoli,4297,2,11,2024,Saturday,6.0,4.0,26–35
691,2024-10-26,13,201,1,C028,Hamra,Tea,Tea,2.0,0.4,M,18,Tripoli,4193,26,10,2024,Saturday,2.0,1.6,16–25
3272,2024-03-22,17,408,1,C132,Hamra,Fries,Appetizers,3.0,0.7,M,33,Tyre,1145,22,3,2024,Friday,3.0,2.3,26–35
4217,2024-07-29,16,407,3,C169,Hamra,Cheese Rolls,Appetizers,4.5,1.0,M,24,Tyre,2950,29,7,2024,Monday,13.5,10.5,16–25
4690,2024-05-29,8,306,3,C188,Hamra,Mango Cocktail,Cocktails,6.0,2.2,M,26,Jounieh,2088,29,5,2024,Wednesday,18.0,11.399999999999999,26–35
430,2024-02-06,10,503,2,C018,Hamra,BBQ Chicken Sandwich,Sandwiches,7.5,3.2,M,19,Tripoli,508,6,2,2024,Tuesday,15.0,8.6,16–25
4790,2024-12-17,15,305,1,C191,Hamra,Avocado Shake Cocktails,Shakes,6.0,2.2,M,60,Byblos,4923,17,12,2024,Tuesday,6.0,3.8,50+
4735,2024-11-07,12,108,1,C189,Hamra,Caramel Latte,Coffee,4.8,1.0,F,43,Tripoli,4360,7,11,2024,Thursday,4.8,3.8,36–50
1214,2024-12-26,14,506,1,C049,Hamra,Steak Sandwich,Sandwiches,9.0,4.0,F,35,Tyre,5048,26,12,2024,Thursday,9.0,5.0,26–35
1146,2024-02-28,8,501,3,C047,Hamra,Shish Tawouk Sandwich,Sandwiches,6.5,2.5,M,24,Jounieh,814,28,2,2024,Wednesday,19.5,12.0,16–25
2900,2024-05-10,13,109,1,C115,Hamra,Hot Chocolate,Hot Drinks,3.8,0.9,F,36,Byblos,1827,10,5,2024,Friday,3.8,2.9,36–50
945,2024-07-20,12,310,1,C039,Hamra,Strawberry Milkshake,Shakes,5.5,1.8,M,49,Batroun,2820,20,7,2024,Saturday,5.5,3.7,36–50
139,2024-08-30,19,310,1,C006,Hamra,Strawberry Milkshake,Shakes,5.5,1.8,F,44,Tripoli,3401,30,8,2024,Friday,5.5,3.7,36–50
1291,2024-02-04,20,408,1,C053,Hamra,Fries,Appetizers,3.0,0.7,F,46,Batroun,490,4,2,2024,Sunday,3.0,2.3,36–50
610,2024-04-02,15,102,3,C025,Hamra,Turkish Coffee,Coffee,2.0,0.4,F,25,Beirut,1297,2,4,2024,Tuesday,6.0,4.800000000000001,16–25
2486,2024-07-25,13,304,1,C099,Hamra,Carrot Juice,Cold Drinks,3.5,1.0,M,49,Zahle,2891,25,7,2024,Thursday,3.5,2.5,36–50
1623,2024-12-18,7,604,1,C065,Hamra,Tabbouleh,Salads,5.5,2.0,F,42,Saida,4929,18,12,2024,Wednesday,5.5,3.5,36–50
3321,2024-11-27,20,305,1,C133,Hamra,Avocado Shake Cocktails,Shakes,6.0,2.2,M,41,Beirut,4648,27,11,2024,Wednesday,6.0,3.8,36–50
4832,2024-10-31,14,506,2,C193,Hamra,Steak Sandwich,Sandwiches,9.0,4.0,M,48,Byblos,4264,31,10,2024,Thursday,18.0,10.0,36–50
188,2024-12-15,17,505,1,C008,Hamra,Turkey Sandwich,Sandwiches,5.5,2.2,F,49,Byblos,4897,15,12,2024,Sunday,5.5,3.3,36–50
947,2024-07-31,16,506,2,C039,Hamra,Steak Sandwich,Sandwiches,9.0,4.0,M,49,Batroun,2978,31,7,2024,Wednesday,18.0,10.0,36–50
2797,2024-06-07,9,404,1,C111,Hamra,Keshek Manoushe,Manakish,4.0,0.7,M,40,Zahle,2215,7,6,2024,Friday,4.0,3.3,36–50
1037,2024-01-24,20,106,2,C043,Hamra,Cappuccino,Coffee,3.5,0.7,M,42,Tyre,336,24,1,2024,Wednesday,7.0,5.6,36–50
2058,2024-10-19,8,302,2,C082,Hamra,Lemonade Mint,Cold Drinks,3.5,1.0,M,37,Tripoli,4090,19,10,2024,Saturday,7.0,5.0,36–50
3078,2024-01-04,18,310,1,C123,Hamra,Strawberry Milkshake,Shakes,5.5,1.8,F,27,Saida,54,4,1,2024,Thursday,5.5,3.7,26–35
3313,2024-08-07,9,502,1,C133,Hamra,Chicken Sub Sandwich,Sandwiches,7.0,3.0,M,41,Beirut,3069,7,8,2024,Wednesday,7.0,4.0,36–50
99,2024-12-29,17,104,1,C004,Hamra,Americano,Coffee,3.0,0.6,M,23,Tyre,5093,29,12,2024,Sunday,3.0,2.4,16–25
2709,2024-01-20,12,405,1,C108,Hamra,Lahm Baajin,Manakish,5.0,1.2,F,21,Saida,272,20,1,2024,Saturday,5.0,3.8,16–25
2321,2024-05-31,19,305,2,C093,Hamra,Avocado Shake Cocktails,Shakes,6.0,2.2,F,27,Byblos,2127,31,5,2024,Friday,12.0,7.6,26–35
3200,2024-02-19,20,103,1,C129,Hamra,Blonde Coffee,Coffee,2.2,0.5,F,58,Byblos,700,19,2,2024,Monday,2.2,1.7000000000000002,50+
2346,2024-06-25,9,308,1,C094,Hamra,Banane Avocat,Cocktails,6.5,2.5,M,40,Tripoli,2467,25,6,2024,Tuesday,6.5,4.0,36–50
1381,2024-04-05,16,704,1,C056,Hamra,Mafroukeh Dessert,Desserts,6.5,2.5,F,26,Batroun,1340,5,4,2024,Friday,6.5,4.0,26–35
4291,2024-04-14,11,303,1,C173,Hamra,Fresh Orange Juice,Cold Drinks,3.5,1.0,F,31,Tripoli,1461,14,4,2024,Sunday,3.5,2.5,26–35
4826,2024-09-06,12,401,2,C193,Hamra,Croissant,Bakery,3.0,0.8,M,48,Byblos,3492,6,9,2024,Friday,6.0,4.4,36–50
59,2024-04-26,14,411,1,C003,Hamra,Mutabbal,Appetizers,4.2,1.2,F,51,Batroun,1632,26,4,2024,Friday,4.2,3.0,50+
553,2024-12-19,13,108,3,C022,Hamra,Caramel Latte,Coffee,4.8,1.0,F,32,Tyre,4949,19,12,2024,Thursday,14.399999999999999,11.399999999999999,26–35
4983,2024-08-15,20,302,3,C200,Hamra,Lemonade Mint,Cold Drinks,3.5,1.0,M,40,Byblos,3192,15,8,2024,Thursday,10.5,7.5,36–50
1380,2024-03-06,17,406,1,C056,Hamra,Kaak with Cheese,Bakery,3.5,0.8,F,26,Batroun,921,6,3,2024,Wednesday,3.5,2.7,26–35
459,2024-11-30,14,501,1,C018,Hamra,Shish Tawouk Sandwich,Sandwiches,6.5,2.5,M,19,Tripoli,4684,30,11,2024,Saturday,6.5,4.0,16–25
3847,2024-09-18,9,603,2,C153,Hamra,Fattoush,Salads,5.5,2.0,M,41,Jounieh,3657,18,9,2024,Wednesday,11.0,7.0,36–50
4372,2024-10-21,10,408,1,C176,Hamra,Fries,Appetizers,3.0,0.7,M,24,Jounieh,4120,21,10,2024,Monday,3.0,2.3,16–25
2929,2024-08-30,12,402,1,C116,Hamra,Zaatar Manoushe,Manakish,3.5,0.5,F,48,Jounieh,3394,30,8,2024,Friday,3.5,3.0,36–50
2101,2024-07-04,17,603,1,C084,Hamra,Fattoush,Salads,5.5,2.0,M,53,Batroun,2601,4,7,2024,Thursday,5.5,3.5,50+
3988,2024-09-02,13,104,1,C159,Hamra,Americano,Coffee,3.0,0.6,M,59,Tripoli,3437,2,9,2024,Monday,3.0,2.4,50+
726,2024-05-04,15,307,2,C030,Hamra,Strawberry Cocktail,Cocktails,6.0,2.0,M,23,Saida,1745,4,5,2024,Saturday,12.0,8.0,16–25
2008,2024-09-24,19,401,1,C080,Hamra,Croissant,Bakery,3.0,0.8,F,40,Saida,3751,24,9,2024,Tuesday,3.0,2.2,36–50
1630,2024-05-10,7,407,1,C066,Hamra,Cheese Rolls,Appetizers,4.5,1.0,M,22,Zahle,1821,10,5,2024,Friday,4.5,3.5,16–25
230,2024-08-24,19,309,3,C010,Hamra,Chocolate Milkshake,Shakes,5.5,1.8,F,49,Tyre,3317,24,8,2024,Saturday,16.5,11.100000000000001,36–50
4950,2024-01-18,14,604,2,C199,Hamra,Tabbouleh,Salads,5.5,2.0,M,46,Jounieh,246,18,1,2024,Thursday,11.0,7.0,36–50
1447,2024-02-09,14,410,1,C059,Hamra,Hummus,Appetizers,4.0,1.2,F,31,Jounieh,554,9,2,2024,Friday,4.0,2.8,26–35
1241,2024-01-21,12,501,2,C051,Hamra,Shish Tawouk Sandwich,Sandwiches,6.5,2.5,F,48,Tripoli,286,21,1,2024,Sunday,13.0,8.0,36–50
3085,2024-08-12,10,407,1,C123,Hamra,Cheese Rolls,Appetizers,4.5,1.0,F,27,Saida,3140,12,8,2024,Monday,4.5,3.5,26–35
3442,2024-12-20,9,107,2,C137,Hamra,Mocha,Coffee,4.5,0.9,F,30,Saida,4959,20,12,2024,Friday,9.0,7.2,26–35
1334,2024-10-08,17,408,1,C054,Hamra,Fries,Appetizers,3.0,0.7,F,53,Byblos,3945,8,10,2024,Tuesday,3.0,2.3,50+
4739,2024-01-08,9,406,1,C190,Hamra,Kaak with Cheese,Bakery,3.5,0.8,M,30,Beirut,101,8,1,2024,Monday,3.5,2.7,26–35
2025,2024-04-09,12,202,2,C081,Hamra,Mint Tea,Tea,2.2,0.5,M,55,Tripoli,1392,9,4,2024,Tuesday,4.4,3.4000000000000004,50+
3431,2024-08-27,19,201,1,C137,Hamra,Tea,Tea,2.0,0.4,F,30,Saida,3359,27,8,2024,Tuesday,2.0,1.6,26–35
195,2024-03-27,14,309,3,C009,Hamra,Chocolate Milkshake,Shakes,5.5,1.8,M,21,Beirut,1212,27,3,2024,Wednesday,16.5,11.100000000000001,16–25
2549,2024-10-24,13,108,1,C101,Hamra,Caramel Latte,Coffee,4.8,1.0,M,44,Byblos,4165,24,10,2024,Thursday,4.8,3.8,36–50
3810,2024-01-14,17,407,3,C152,Hamra,Cheese Rolls,Appetizers,4.5,1.0,F,39,Tripoli,193,14,1,2024,Sunday,13.5,10.5,36–50
954,2024-11-29,7,502,3,C039,Hamra,Chicken Sub Sandwich,Sandwiches,7.0,3.0,M,49,Batroun,4663,29,11,2024,Friday,21.0,12.0,36–50
3382,2024-01-02,17,307,1,C136,Hamra,Strawberry Cocktail,Cocktails,6.0,2.0,M,42,Saida,25,2,1,2024,Tuesday,6.0,4.0,36–50
3851,2024-10-19,12,409,2,C153,Hamra,Pita Chips,Appetizers,2.5,0.6,M,41,Jounieh,4094,19,10,2024,Saturday,5.0,3.8,36–50
2784,2024-11-20,13,304,1,C110,Hamra,Carrot Juice,Cold Drinks,3.5,1.0,M,55,Batroun,4543,20,11,2024,Wednesday,3.5,2.5,50+
1625,2024-02-10,18,705,3,C066,Hamra,Ice Cream 2 Scoops,Desserts,4.0,1.2,M,22,Zahle,572,10,2,2024,Saturday,12.0,8.399999999999999,16–25
238,2024-11-13,13,305,1,C010,Hamra,Avocado Shake Cocktails,Shakes,6.0,2.2,F,49,Tyre,4445,13,11,2024,Wednesday,6.0,3.8,36–50
2952,2024-11-11,15,204,2,C117,Hamra,Chamomile Tea,Tea,2.5,0.5,F,49,Zahle,4419,11,11,2024,Monday,5.0,4.0,36–50
3818,2024-04-20,17,408,1,C152,Hamra,Fries,Appetizers,3.0,0.7,F,39,Tripoli,1551,20,4,2024,Saturday,3.0,2.3,36–50
2062,2024-01-14,17,110,1,C083,Hamra,Sahlab,Hot Drinks,4.0,1.0,M,47,Byblos,193,14,1,2024,Sunday,4.0,3.0,36–50
4671,2024-08-18,16,301,1,C187,Hamra,Lemonade,Cold Drinks,3.0,0.8,F,18,Tyre,3230,18,8,2024,Sunday,3.0,2.2,16–25
3978,2024-03-24,11,104,1,C159,Hamra,Americano,Coffee,3.0,0.6,M,59,Tripoli,1167,24,3,2024,Sunday,3.0,2.4,50+
3487,2024-05-09,7,402,2,C139,Hamra,Zaatar Manoushe,Manakish,3.5,0.5,M,33,Saida,1807,9,5,2024,Thursday,7.0,6.0,26–35
3340,2024-08-18,8,403,1,C134,Hamra,Cheese Manoushe,Manakish,4.5,0.8,F,60,Zahle,3222,18,8,2024,Sunday,4.5,3.7,50+
1753,2024-11-21,10,601,1,C070,Hamra,Chicken Caesar Salad,Salads,7.5,3.2,F,27,Byblos,4554,21,11,2024,Thursday,7.5,4.3,26–35
4001,2024-05-24,11,301,1,C160,Hamra,Lemonade,Cold Drinks,3.0,0.8,M,20,Beirut,2021,24,5,2024,Friday,3.0,2.2,16–25
956,2024-12-10,15,705,1,C039,Hamra,Ice Cream 2 Scoops,Desserts,4.0,1.2,M,49,Batroun,4825,10,12,2024,Tuesday,4.0,2.8,36–50
4352,2024-01-28,17,408,1,C176,Hamra,Fries,Appetizers,3.0,0.7,M,24,Jounieh,389,28,1,2024,Sunday,3.0,2.3,16–25
298,2024-03-06,7,701,2,C013,Hamra,Nutella Crepe,Desserts,5.5,1.8,M,29,Beirut,911,6,3,2024,Wednesday,11.0,7.4,26–35
1454,2024-06-11,9,304,3,C059,Hamra,Carrot Juice,Cold Drinks,3.5,1.0,F,31,Jounieh,2271,11,6,2024,Tuesday,10.5,7.5,26–35
1667,2024-08-16,11,306,1,C067,Hamra,Mango Cocktail,Cocktails,6.0,2.2,M,60,Beirut,3197,16,8,2024,Friday,6.0,3.8,50+
4579,2024-09-17,9,307,1,C184,Hamra,Strawberry Cocktail,Cocktails,6.0,2.0,M,25,Batroun,3643,17,9,2024,Tuesday,6.0,4.0,16–25
989,2024-06-12,10,109,1,C041,Hamra,Hot Chocolate,Hot Drinks,3.8,0.9,M,42,Tyre,2286,12,6,2024,Wednesday,3.8,2.9,36–50
4581,2024-10-27,20,109,1,C184,Hamra,Hot Chocolate,Hot Drinks,3.8,0.9,M,25,Batroun,4214,27,10,2024,Sunday,3.8,2.9,16–25
850,2024-10-29,9,109,1,C035,Hamra,Hot Chocolate,Hot Drinks,3.8,0.9,M,33,Byblos,4231,29,10,2024,Tuesday,3.8,2.9,26–35
4154,2024-10-13,10,402,2,C166,Hamra,Zaatar Manoushe,Manakish,3.5,0.5,F,48,Beirut,4008,13,10,2024,Sunday,7.0,6.0,36–50
2014,2024-01-10,20,302,1,C081,Hamra,Lemonade Mint,Cold Drinks,3.5,1.0,M,55,Tripoli,140,10,1,2024,Wednesday,3.5,2.5,50+
4870,2024-07-13,19,602,2,C195,Hamra,Greek Salad,Salads,6.5,2.8,M,26,Saida,2729,13,7,2024,Saturday,13.0,7.4,26–35
819,2024-04-27,19,603,1,C034,Hamra,Fattoush,Salads,5.5,2.0,F,50,Byblos,1651,27,4,2024,Saturday,5.5,3.5,36–50
1905,2024-09-26,7,108,1,C076,Hamra,Caramel Latte,Coffee,4.8,1.0,M,40,Saida,3767,26,9,2024,Thursday,4.8,3.8,36–50
1734,2024-03-20,18,301,1,C070,Hamra,Lemonade,Cold Drinks,3.0,0.8,F,27,Byblos,1118,20,3,2024,Wednesday,3.0,2.2,26–35
252,2024-04-02,14,303,1,C011,Hamra,Fresh Orange Juice,Cold Drinks,3.5,1.0,M,23,Batroun,1296,2,4,2024,Tuesday,3.5,2.5,16–25
2833,2024-09-22,10,408,1,C112,Hamra,Fries,Appetizers,3.0,0.7,F,46,Tripoli,3714,22,9,2024,Sunday,3.0,2.3,36–50
666,2024-11-27,13,101,2,C027,Hamra,Espresso,Coffee,2.5,0.5,F,46,Byblos,4641,27,11,2024,Wednesday,5.0,4.0,36–50
1193,2024-12-15,8,202,1,C048,Hamra,Mint Tea,Tea,2.2,0.5,F,39,Zahle,4888,15,12,2024,Sunday,2.2,1.7000000000000002,36–50
603,2024-12-26,8,106,2,C024,Hamra,Cappuccino,Coffee,3.5,0.7,M,18,Tripoli,5042,26,12,2024,Thursday,7.0,5.6,16–25
450,2024-09-13,12,505,1,C018,Hamra,Turkey Sandwich,Sandwiches,5.5,2.2,M,19,Tripoli,3590,13,9,2024,Friday,5.5,3.3,16–25
657,2024-05-12,20,105,1,C027,Hamra,Café Latte,Coffee,4.0,0.8,F,46,Byblos,1862,12,5,2024,Sunday,4.0,3.2,36–50
1332,2024-10-02,8,301,1,C054,Hamra,Lemonade,Cold Drinks,3.0,0.8,F,53,Byblos,3852,2,10,2024,Wednesday,3.0,2.2,50+
1366,2024-09-20,12,303,1,C055,Hamra,Fresh Orange Juice,Cold Drinks,3.5,1.0,F,44,Tyre,3688,20,9,2024,Friday,3.5,2.5,36–50
3014,2024-06-19,17,702,1,C120,Hamra,Lotus Crepe,Desserts,5.8,1.9,F,50,Zahle,2391,19,6,2024,Wednesday,5.8,3.9,36–50
508,2024-01-01,8,303,1,C021,Hamra,Fresh Orange Juice,Cold Drinks,3.5,1.0,F,58,Batroun,2,1,1,2024,Monday,3.5,2.5,50+
4676,2024-11-08,10,101,1,C187,Hamra,Espresso,Coffee,2.5,0.5,F,18,Tyre,4372,8,11,2024,Friday,2.5,2.0,16–25
2894,2024-03-04,13,304,1,C115,Hamra,Carrot Juice,Cold Drinks,3.5,1.0,F,36,Byblos,889,4,3,2024,Monday,3.5,2.5,36–50
4063,2024-10-10,14,108,1,C162,Hamra,Caramel Latte,Coffee,4.8,1.0,F,37,Saida,3970,10,10,2024,Thursday,4.8,3.8,36–50
3011,2024-04-30,9,103,1,C120,Hamra,Blonde Coffee,Coffee,2.2,0.5,F,50,Zahle,1683,30,4,2024,Tuesday,2.2,1.7000000000000002,36–50
1426,2024-04-16,20,310,1,C058,Hamra,Strawberry Milkshake,Shakes,5.5,1.8,F,22,Tripoli,1498,16,4,2024,Tuesday,5.5,3.7,16–25
4363,2024-06-23,19,105,3,C176,Hamra,Café Latte,Coffee,4.0,0.8,M,24,Jounieh,2449,23,6,2024,Sunday,12.0,9.600000000000001,16–25
1328,2024-07-22,15,504,1,C054,Hamra,Halloumi Sandwich,Sandwiches,6.0,2.0,F,53,Byblos,2851,22,7,2024,Monday,6.0,4.0,50+
3687,2024-06-13,8,304,2,C146,Hamra,Carrot Juice,Cold Drinks,3.5,1.0,M,27,Beirut,2298,13,6,2024,Thursday,7.0,5.0,26–35
80,2024-10-31,14,303,1,C003,Hamra,Fresh Orange Juice,Cold Drinks,3.5,1.0,F,51,Batroun,4264,31,10,2024,Thursday,3.5,2.5,50+
3819,2024-04-29,14,703,2,C152,Hamra,Ashta W Banane,Cocktails Specials,7.0,2.5,F,39,Tripoli,1674,29,4,2024,Monday,14.0,9.0,36–50
3199,2024-02-13,19,706,1,C129,Hamra,Honey Pancakes,Desserts,4.5,1.5,F,58,Byblos,615,13,2,2024,Tuesday,4.5,3.0,50+
144,2024-11-07,20,406,3,C006,Hamra,Kaak with Cheese,Bakery,3.5,0.8,F,44,Tripoli,4368,7,11,2024,Thursday,10.5,8.100000000000001,36–50
474,2024-06-04,10,408,1,C019,Hamra,Fries,Appetizers,3.0,0.7,M,43,Tripoli,2174,4,6,2024,Tuesday,3.0,2.3,36–50
2160,2024-07-25,7,605,2,C086,Hamra,Halloumi Salad,Salads,6.8,2.9,M,33,Tripoli,2885,25,7,2024,Thursday,13.6,7.8,26–35
2898,2024-04-17,19,303,1,C115,Hamra,Fresh Orange Juice,Cold Drinks,3.5,1.0,F,36,Byblos,1511,17,4,2024,Wednesday,3.5,2.5,36–50
4260,2024-09-07,7,503,1,C171,Hamra,BBQ Chicken Sandwich,Sandwiches,7.5,3.2,M,27,Byblos,3501,7,9,2024,Saturday,7.5,4.3,26–35
3092,2024-11-29,8,301,1,C123,Hamra,Lemonade,Cold Drinks,3.0,0.8,F,27,Saida,4664,29,11,2024,Friday,3.0,2.2,26–35
3396,2024-05-09,20,301,1,C136,Hamra,Lemonade,Cold Drinks,3.0,0.8,M,42,Saida,1820,9,5,2024,Thursday,3.0,2.2,36–50
4918,2024-10-19,18,605,1,C197,Hamra,Halloumi Salad,Salads,6.8,2.9,M,57,Zahle,4100,19,10,2024,Saturday,6.8,3.9,50+
4454,2024-01-20,20,502,1,C180,Hamra,Chicken Sub Sandwich,Sandwiches,7.0,3.0,M,20,Jounieh,280,20,1,2024,Saturday,7.0,4.0,16–25
1827,2024-10-08,15,505,1,C073,Hamra,Turkey Sandwich,Sandwiches,5.5,2.2,F,54,Saida,3943,8,10,2024,Tuesday,5.5,3.3,50+
1161,2024-10-11,19,107,3,C047,Hamra,Mocha,Coffee,4.5,0.9,M,24,Jounieh,3989,11,10,2024,Friday,13.5,10.8,16–25
2121,2024-01-01,8,204,1,C085,Hamra,Chamomile Tea,Tea,2.5,0.5,F,40,Saida,2,1,1,2024,Monday,2.5,2.0,36–50
678,2024-04-28,8,601,2,C028,Hamra,Chicken Caesar Salad,Salads,7.5,3.2,M,18,Tripoli,1654,28,4,2024,Sunday,15.0,8.6,16–25
1108,2024-02-04,12,706,1,C046,Hamra,Honey Pancakes,Desserts,4.5,1.5,F,60,Saida,482,4,2,2024,Sunday,4.5,3.0,50+
3279,2024-07-16,13,701,1,C132,Hamra,Nutella Crepe,Desserts,5.5,1.8,M,33,Tyre,2765,16,7,2024,Tuesday,5.5,3.7,26–35
3016,2024-09-01,19,310,3,C120,Hamra,Strawberry Milkshake,Shakes,5.5,1.8,F,50,Zahle,3429,1,9,2024,Sunday,16.5,11.100000000000001,36–50
3390,2024-02-28,13,407,2,C136,Hamra,Cheese Rolls,Appetizers,4.5,1.0,M,42,Saida,819,28,2,2024,Wednesday,9.0,7.0,36–50
2935,2024-11-20,19,502,2,C116,Hamra,Chicken Sub Sandwich,Sandwiches,7.0,3.0,F,48,Jounieh,4549,20,11,2024,Wednesday,14.0,8.0,36–50
1507,2024-06-09,15,307,1,C061,Hamra,Strawberry Cocktail,Cocktails,6.0,2.0,F,34,Zahle,2249,9,6,2024,Sunday,6.0,4.0,26–35
413,2024-06-27,12,301,1,C017,Hamra,Lemonade,Cold Drinks,3.0,0.8,M,34,Byblos,2498,27,6,2024,Thursday,3.0,2.2,26–35
824,2024-07-24,20,705,1,C034,Hamra,Ice Cream 2 Scoops,Desserts,4.0,1.2,F,50,Byblos,2884,24,7,2024,Wednesday,4.0,2.8,36–50
488,2024-01-12,14,404,1,C020,Hamra,Keshek Manoushe,Manakish,4.0,0.7,M,55,Tyre,162,12,1,2024,Friday,4.0,3.3,50+
4062,2024-10-02,17,301,1,C162,Hamra,Lemonade,Cold Drinks,3.0,0.8,F,37,Saida,3861,2,10,2024,Wednesday,3.0,2.2,36–50
1049,2024-06-29,12,202,2,C043,Hamra,Mint Tea,Tea,2.2,0.5,M,42,Tyre,2526,29,6,2024,Saturday,4.4,3.4000000000000004,36–50
231,2024-08-29,8,302,2,C010,Hamra,Lemonade Mint,Cold Drinks,3.5,1.0,F,49,Tyre,3376,29,8,2024,Thursday,7.0,5.0,36–50
2351,2024-08-03,7,501,1,C094,Hamra,Shish Tawouk Sandwich,Sandwiches,6.5,2.5,M,40,Tripoli,3011,3,8,2024,Saturday,6.5,4.0,36–50
3967,2024-09-07,11,402,1,C158,Hamra,Zaatar Manoushe,Manakish,3.5,0.5,F,26,Batroun,3505,7,9,2024,Saturday,3.5,3.0,26–35
2909,2024-10-25,20,310,2,C115,Hamra,Strawberry Milkshake,Shakes,5.5,1.8,F,36,Byblos,4186,25,10,2024,Friday,11.0,7.4,36–50
3835,2024-05-05,15,203,1,C153,Hamra,Green Tea,Tea,2.2,0.5,M,41,Jounieh,1759,5,5,2024,Sunday,2.2,1.7000000000000002,36–50
3171,2024-08-04,14,108,1,C127,Hamra,Caramel Latte,Coffee,4.8,1.0,M,30,Tripoli,3032,4,8,2024,Sunday,4.8,3.8,26–35
4610,2024-11-01,20,105,1,C185,Hamra,Café Latte,Coffee,4.0,0.8,M,39,Saida,4284,1,11,2024,Friday,4.0,3.2,36–50
2783,2024-10-11,19,202,1,C110,Hamra,Mint Tea,Tea,2.2,0.5,M,55,Batroun,3989,11,10,2024,Friday,2.2,1.7000000000000002,50+
4774,2024-07-03,10,505,3,C191,Hamra,Turkey Sandwich,Sandwiches,5.5,2.2,M,60,Byblos,2580,3,7,2024,Wednesday,16.5,9.899999999999999,50+
2684,2024-02-08,11,103,1,C107,Hamra,Blonde Coffee,Coffee,2.2,0.5,M,18,Tyre,537,8,2,2024,Thursday,2.2,1.7000000000000002,16–25
2650,2024-08-10,19,410,1,C105,Hamra,Hummus,Appetizers,4.0,1.2,F,27,Tripoli,3121,10,8,2024,Saturday,4.0,2.8,26–35
1770,2024-07-02,11,408,1,C071,Hamra,Fries,Appetizers,3.0,0.7,F,29,Byblos,2567,2,7,2024,Tuesday,3.0,2.3,26–35
4336,2024-06-26,12,307,3,C175,Hamra,Strawberry Cocktail,Cocktails,6.0,2.0,F,39,Saida,2484,26,6,2024,Wednesday,18.0,12.0,36–50
2111,2024-10-20,9,703,2,C084,Hamra,Ashta W Banane,Cocktails Specials,7.0,2.5,M,53,Batroun,4105,20,10,2024,Sunday,14.0,9.0,50+
82,2024-12-05,11,602,1,C003,Hamra,Greek Salad,Salads,6.5,2.8,F,51,Batroun,4751,5,12,2024,Thursday,6.5,3.7,50+
1117,2024-05-30,8,109,1,C046,Hamra,Hot Chocolate,Hot Drinks,3.8,0.9,F,60,Saida,2102,30,5,2024,Thursday,3.8,2.9,50+
4101,2024-05-05,16,505,1,C164,Hamra,Turkey Sandwich,Sandwiches,5.5,2.2,F,53,Batroun,1760,5,5,2024,Sunday,5.5,3.3,50+
645,2024-10-27,7,303,1,C026,Hamra,Fresh Orange Juice,Cold Drinks,3.5,1.0,M,28,Beirut,4201,27,10,2024,Sunday,3.5,2.5,26–35
3471,2024-11-03,17,703,1,C138,Hamra,Ashta W Banane,Cocktails Specials,7.0,2.5,F,55,Tyre,4309,3,11,2024,Sunday,7.0,4.5,50+
4065,2024-12-01,7,404,1,C162,Hamra,Keshek Manoushe,Manakish,4.0,0.7,F,37,Saida,4691,1,12,2024,Sunday,4.0,3.3,36–50
178,2024-08-21,16,503,1,C008,Hamra,BBQ Chicken Sandwich,Sandwiches,7.5,3.2,F,49,Byblos,3272,21,8,2024,Wednesday,7.5,4.3,36–50
1343,2024-01-08,13,402,1,C055,Hamra,Zaatar Manoushe,Manakish,3.5,0.5,F,44,Tyre,105,8,1,2024,Monday,3.5,3.0,36–50
2288,2024-12-06,8,411,1,C091,Hamra,Mutabbal,Appetizers,4.2,1.2,M,47,Tyre,4762,6,12,2024,Friday,4.2,3.0,36–50
3454,2024-05-08,10,603,2,C138,Hamra,Fattoush,Salads,5.5,2.0,F,55,Tyre,1796,8,5,2024,Wednesday,11.0,7.0,50+
4607,2024-09-20,11,302,1,C185,Hamra,Lemonade Mint,Cold Drinks,3.5,1.0,M,39,Saida,3687,20,9,2024,Friday,3.5,2.5,36–50
2876,2024-06-05,13,409,1,C114,Hamra,Pita Chips,Appetizers,2.5,0.6,F,50,Byblos,2191,5,6,2024,Wednesday,2.5,1.9,36–50
1986,2024-12-17,8,604,3,C079,Hamra,Tabbouleh,Salads,5.5,2.0,M,38,Byblos,4916,17,12,2024,Tuesday,16.5,10.5,36–50
2550,2024-12-23,20,103,1,C101,Hamra,Blonde Coffee,Coffee,2.2,0.5,M,44,Byblos,5012,23,12,2024,Monday,2.2,1.7000000000000002,36–50
2146,2024-01-05,12,105,2,C086,Hamra,Café Latte,Coffee,4.0,0.8,M,33,Tripoli,62,5,1,2024,Friday,8.0,6.4,26–35
1090,2024-03-26,7,204,1,C045,Hamra,Chamomile Tea,Tea,2.5,0.5,F,48,Tyre,1191,26,3,2024,Tuesday,2.5,2.0,36–50
1227,2024-06-23,13,103,1,C050,Hamra,Blonde Coffee,Coffee,2.2,0.5,M,38,Jounieh,2443,23,6,2024,Sunday,2.2,1.7000000000000002,36–50
1601,2024-10-16,15,308,2,C064,Hamra,Banane Avocat,Cocktails,6.5,2.5,M,26,Jounieh,4055,16,10,2024,Wednesday,13.0,8.0,26–35
2370,2024-07-11,11,503,1,C095,Hamra,BBQ Chicken Sandwich,Sandwiches,7.5,3.2,M,40,Zahle,2693,11,7,2024,Thursday,7.5,4.3,36–50
48,2024-11-06,11,405,2,C002,Hamra,Lahm Baajin,Manakish,5.0,1.2,F,37,Zahle,4345,6,11,2024,Wednesday,10.0,7.6,36–50
4293,2024-04-28,10,703,1,C173,Hamra,Ashta W Banane,Cocktails Specials,7.0,2.5,F,31,Tripoli,1656,28,4,2024,Sunday,7.0,4.5,26–35
2372,2024-08-05,9,603,1,C095,Hamra,Fattoush,Salads,5.5,2.0,M,40,Zahle,3041,5,8,2024,Monday,5.5,3.5,36–50
1529,2024-04-23,15,308,1,C062,Hamra,Banane Avocat,Cocktails,6.5,2.5,F,50,Tyre,1591,23,4,2024,Tuesday,6.5,4.0,36–50
3566,2024-05-24,11,402,1,C142,Hamra,Zaatar Manoushe,Manakish,3.5,0.5,F,44,Batroun,2021,24,5,2024,Friday,3.5,3.0,36–50
1837,2024-01-26,14,110,1,C074,Hamra,Sahlab,Hot Drinks,4.0,1.0,M,29,Saida,358,26,1,2024,Friday,4.0,3.0,26–35
2500,2024-05-15,15,310,1,C100,Hamra,Strawberry Milkshake,Shakes,5.5,1.8,F,29,Byblos,1899,15,5,2024,Wednesday,5.5,3.7,26–35
2809,2024-10-29,11,203,1,C111,Hamra,Green Tea,Tea,2.2,0.5,M,40,Zahle,4233,29,10,2024,Tuesday,2.2,1.7000000000000002,36–50
2628,2024-08-19,16,301,1,C104,Hamra,Lemonade,Cold Drinks,3.0,0.8,F,36,Jounieh,3244,19,8,2024,Monday,3.0,2.2,36–50
354,2024-03-16,15,505,2,C015,Hamra,Turkey Sandwich,Sandwiches,5.5,2.2,F,52,Zahle,1059,16,3,2024,Saturday,11.0,6.6,50+
343,2024-11-23,8,409,1,C014,Hamra,Pita Chips,Appetizers,2.5,0.6,M,38,Saida,4580,23,11,2024,Saturday,2.5,1.9,36–50
3990,2024-12-10,15,501,3,C159,Hamra,Shish Tawouk Sandwich,Sandwiches,6.5,2.5,M,59,Tripoli,4825,10,12,2024,Tuesday,19.5,12.0,50+
3942,2024-10-28,17,307,1,C157,Hamra,Strawberry Cocktail,Cocktails,6.0,2.0,F,30,Jounieh,4225,28,10,2024,Monday,6.0,4.0,26–35
663,2024-10-15,10,302,1,C027,Hamra,Lemonade Mint,Cold Drinks,3.5,1.0,F,46,Byblos,4036,15,10,2024,Tuesday,3.5,2.5,36–50
2122,2024-01-01,12,308,2,C085,Hamra,Banane Avocat,Cocktails,6.5,2.5,F,40,Saida,6,1,1,2024,Monday,13.0,8.0,36–50
199,2024-05-26,12,411,1,C009,Hamra,Mutabbal,Appetizers,4.2,1.2,M,21,Beirut,2050,26,5,2024,Sunday,4.2,3.0,16–25
505,2024-10-13,12,702,1,C020,Hamra,Lotus Crepe,Desserts,5.8,1.9,M,55,Tyre,4010,13,10,2024,Sunday,5.8,3.9,50+
4630,2024-05-21,8,109,1,C186,Hamra,Hot Chocolate,Hot Drinks,3.8,0.9,F,34,Beirut,1976,21,5,2024,Tuesday,3.8,2.9,26–35
1966,2024-02-22,13,705,1,C079,Hamra,Ice Cream 2 Scoops,Desserts,4.0,1.2,M,38,Byblos,735,22,2,2024,Thursday,4.0,2.8,36–50
4396,2024-10-30,19,102,1,C177,Hamra,Turkish Coffee,Coffee,2.0,0.4,M,23,Saida,4255,30,10,2024,Wednesday,2.0,1.6,16–25
1400,2024-03-09,12,407,3,C057,Hamra,Cheese Rolls,Appetizers,4.5,1.0,M,37,Batroun,958,9,3,2024,Saturday,13.5,10.5,36–50
3646,2024-12-26,17,703,1,C144,Hamra,Ashta W Banane,Cocktails Specials,7.0,2.5,F,39,Batroun,5051,26,12,2024,Thursday,7.0,4.5,36–50
2498,2024-03-30,20,706,2,C100,Hamra,Honey Pancakes,Desserts,4.5,1.5,F,29,Byblos,1260,30,3,2024,Saturday,9.0,6.0,26–35
1878,2024-08-07,7,307,1,C075,Hamra,Strawberry Cocktail,Cocktails,6.0,2.0,M,58,Saida,3067,7,8,2024,Wednesday,6.0,4.0,50+
3403,2024-07-10,8,601,1,C136,Hamra,Chicken Caesar Salad,Salads,7.5,3.2,M,42,Saida,2676,10,7,2024,Wednesday,7.5,4.3,36–50
1654,2024-03-03,13,203,1,C067,Hamra,Green Tea,Tea,2.2,0.5,M,60,Beirut,875,3,3,2024,Sunday,2.2,1.7000000000000002,50+
469,2024-03-13,7,108,2,C019,Hamra,Caramel Latte,Coffee,4.8,1.0,M,43,Tripoli,1009,13,3,2024,Wednesday,9.6,7.6,36–50
2646,2024-06-09,7,101,2,C105,Hamra,Espresso,Coffee,2.5,0.5,F,27,Tripoli,2241,9,6,2024,Sunday,5.0,4.0,26–35
4867,2024-06-17,7,302,1,C195,Hamra,Lemonade Mint,Cold Drinks,3.5,1.0,M,26,Saida,2353,17,6,2024,Monday,3.5,2.5,26–35
4097,2024-03-29,14,202,1,C164,Hamra,Mint Tea,Tea,2.2,0.5,F,53,Batroun,1240,29,3,2024,Friday,2.2,1.7000000000000002,50+
4691,2024-06-24,10,104,1,C188,Hamra,Americano,Coffee,3.0,0.6,M,26,Jounieh,2454,24,6,2024,Monday,3.0,2.4,26–35
4111,2024-09-25,10,706,1,C164,Hamra,Honey Pancakes,Desserts,4.5,1.5,F,53,Batroun,3756,25,9,2024,Wednesday,4.5,3.0,50+
249,2024-03-13,19,203,1,C011,Hamra,Green Tea,Tea,2.2,0.5,M,23,Batroun,1021,13,3,2024,Wednesday,2.2,1.7000000000000002,16–25
1261,2024-09-01,8,406,2,C051,Hamra,Kaak with Cheese,Bakery,3.5,0.8,F,48,Tripoli,3418,1,9,2024,Sunday,7.0,5.4,36–50
3144,2024-03-17,17,505,1,C126,Hamra,Turkey Sandwich,Sandwiches,5.5,2.2,M,59,Jounieh,1075,17,3,2024,Sunday,5.5,3.3,50+
2000,2024-06-07,17,107,2,C080,Hamra,Mocha,Coffee,4.5,0.9,F,40,Saida,2223,7,6,2024,Friday,9.0,7.2,36–50
4553,2024-11-19,17,308,1,C183,Hamra,Banane Avocat,Cocktails,6.5,2.5,M,23,Saida,4533,19,11,2024,Tuesday,6.5,4.0,16–25
1320,2024-04-07,7,309,1,C054,Hamra,Chocolate Milkshake,Shakes,5.5,1.8,F,53,Byblos,1359,7,4,2024,Sunday,5.5,3.7,50+
407,2024-04-11,18,105,1,C017,Hamra,Café Latte,Coffee,4.0,0.8,M,34,Byblos,1426,11,4,2024,Thursday,4.0,3.2,26–35
4746,2024-05-11,16,105,2,C190,Hamra,Café Latte,Coffee,4.0,0.8,M,30,Beirut,1844,11,5,2024,Saturday,8.0,6.4,26–35
4232,2024-04-11,15,302,2,C170,Hamra,Lemonade Mint,Cold Drinks,3.5,1.0,F,23,Tripoli,1423,11,4,2024,Thursday,7.0,5.0,16–25
581,2024-01-19,13,405,1,C024,Hamra,Lahm Baajin,Manakish,5.0,1.2,M,18,Tripoli,259,19,1,2024,Friday,5.0,3.8,16–25
3657,2024-03-22,10,109,1,C145,Hamra,Hot Chocolate,Hot Drinks,3.8,0.9,F,55,Saida,1138,22,3,2024,Friday,3.8,2.9,50+
1188,2024-10-05,18,106,1,C048,Hamra,Cappuccino,Coffee,3.5,0.7,F,39,Zahle,3904,5,10,2024,Saturday,3.5,2.8,36–50
2117,2024-12-04,12,310,1,C084,Hamra,Strawberry Milkshake,Shakes,5.5,1.8,M,53,Batroun,4738,4,12,2024,Wednesday,5.5,3.7,50+
4948,2024-12-30,20,304,1,C198,Hamra,Carrot Juice,Cold Drinks,3.5,1.0,F,29,Tyre,5110,30,12,2024,Monday,3.5,2.5,26–35
163,2024-11-26,8,301,2,C007,Hamra,Lemonade,Cold Drinks,3.0,0.8,M,24,Batroun,4622,26,11,2024,Tuesday,6.0,4.4,16–25
3563,2024-05-08,13,306,1,C142,Hamra,Mango Cocktail,Cocktails,6.0,2.2,F,44,Batroun,1799,8,5,2024,Wednesday,6.0,3.8,36–50
265,2024-12-09,8,102,2,C011,Hamra,Turkish Coffee,Coffee,2.0,0.4,M,23,Batroun,4804,9,12,2024,Monday,4.0,3.2,16–25
284,2024-11-05,16,110,1,C012,Hamra,Sahlab,Hot Drinks,4.0,1.0,F,60,Beirut,4336,5,11,2024,Tuesday,4.0,3.0,50+
2763,2024-03-29,14,301,1,C110,Hamra,Lemonade,Cold Drinks,3.0,0.8,M,55,Batroun,1240,29,3,2024,Friday,3.0,2.2,50+
3312,2024-07-31,14,501,3,C133,Hamra,Shish Tawouk Sandwich,Sandwiches,6.5,2.5,M,41,Beirut,2976,31,7,2024,Wednesday,19.5,12.0,36–50
3303,2024-05-22,7,205,1,C133,Hamra,Mate,Tea,2.5,0.5,M,41,Beirut,1989,22,5,2024,Wednesday,2.5,2.0,36–50
3180,2024-03-05,19,203,3,C128,Hamra,Green Tea,Tea,2.2,0.5,M,36,Batroun,909,5,3,2024,Tuesday,6.6000000000000005,5.1000000000000005,36–50
3722,2024-03-16,14,203,1,C148,Hamra,Green Tea,Tea,2.2,0.5,M,19,Beirut,1058,16,3,2024,Saturday,2.2,1.7000000000000002,16–25
1327,2024-07-17,8,407,1,C054,Hamra,Cheese Rolls,Appetizers,4.5,1.0,F,53,Byblos,2774,17,7,2024,Wednesday,4.5,3.5,50+
1356,2024-05-22,12,603,2,C055,Hamra,Fattoush,Salads,5.5,2.0,F,44,Tyre,1994,22,5,2024,Wednesday,11.0,7.0,36–50
4647,2024-11-11,19,605,3,C186,Hamra,Halloumi Salad,Salads,6.8,2.9,F,34,Beirut,4423,11,11,2024,Monday,20.4,11.7,26–35
1969,2024-04-02,7,604,1,C079,Hamra,Tabbouleh,Salads,5.5,2.0,M,38,Byblos,1289,2,4,2024,Tuesday,5.5,3.5,36–50
2266,2024-10-31,11,108,1,C090,Hamra,Caramel Latte,Coffee,4.8,1.0,F,20,Beirut,4261,31,10,2024,Thursday,4.8,3.8,16–25
2437,2024-08-11,17,601,2,C097,Hamra,Chicken Caesar Salad,Salads,7.5,3.2,M,45,Batroun,3133,11,8,2024,Sunday,15.0,8.6,36–50
3174,2024-10-17,13,303,2,C127,Hamra,Fresh Orange Juice,Cold Drinks,3.5,1.0,M,30,Tripoli,4067,17,10,2024,Thursday,7.0,5.0,26–35
723,2024-04-11,19,411,1,C030,Hamra,Mutabbal,Appetizers,4.2,1.2,M,23,Saida,1427,11,4,2024,Thursday,4.2,3.0,16–25
597,2024-09-23,16,401,2,C024,Hamra,Croissant,Bakery,3.0,0.8,M,18,Tripoli,3734,23,9,2024,Monday,6.0,4.4,16–25
3265,2024-12-20,7,110,1,C131,Hamra,Sahlab,Hot Drinks,4.0,1.0,F,59,Byblos,4957,20,12,2024,Friday,4.0,3.0,50+
3066,2024-04-19,8,406,1,C122,Hamra,Kaak with Cheese,Bakery,3.5,0.8,F,41,Beirut,1528,19,4,2024,Friday,3.5,2.7,36–50
2523,2024-11-25,13,408,1,C100,Hamra,Fries,Appetizers,3.0,0.7,F,29,Byblos,4613,25,11,2024,Monday,3.0,2.3,26–35
4370,2024-09-21,12,404,1,C176,Hamra,Keshek Manoushe,Manakish,4.0,0.7,M,24,Jounieh,3702,21,9,2024,Saturday,4.0,3.3,16–25
1756,2024-01-03,9,105,3,C071,Hamra,Café Latte,Coffee,4.0,0.8,F,29,Byblos,31,3,1,2024,Wednesday,12.0,9.600000000000001,26–35
3762,2024-03-25,20,203,1,C150,Hamra,Green Tea,Tea,2.2,0.5,M,46,Zahle,1190,25,3,2024,Monday,2.2,1.7000000000000002,36–50
340,2024-10-08,16,101,3,C014,Hamra,Espresso,Coffee,2.5,0.5,M,38,Saida,3944,8,10,2024,Tuesday,7.5,6.0,36–50
1191,2024-11-23,8,308,1,C048,Hamra,Banane Avocat,Cocktails,6.5,2.5,F,39,Zahle,4580,23,11,2024,Saturday,6.5,4.0,36–50
716,2024-10-30,16,504,2,C029,Hamra,Halloumi Sandwich,Sandwiches,6.0,2.0,F,24,Tripoli,4252,30,10,2024,Wednesday,12.0,8.0,16–25
1221,2024-04-26,10,103,2,C050,Hamra,Blonde Coffee,Coffee,2.2,0.5,M,38,Jounieh,1628,26,4,2024,Friday,4.4,3.4000000000000004,36–50
3462,2024-08-08,9,103,1,C138,Hamra,Blonde Coffee,Coffee,2.2,0.5,F,55,Tyre,3083,8,8,2024,Thursday,2.2,1.7000000000000002,50+
4959,2024-06-02,13,107,1,C199,Hamra,Mocha,Coffee,4.5,0.9,M,46,Jounieh,2149,2,6,2024,Sunday,4.5,3.6,36–50
658,2024-06-01,14,411,1,C027,Hamra,Mutabbal,Appetizers,4.2,1.2,F,46,Byblos,2136,1,6,2024,Saturday,4.2,3.0,36–50
1963,2024-01-12,8,410,2,C079,Hamra,Hummus,Appetizers,4.0,1.2,M,38,Byblos,156,12,1,2024,Friday,8.0,5.6,36–50
2400,2024-05-12,16,205,2,C096,Hamra,Mate,Tea,2.5,0.5,M,46,Zahle,1858,12,5,2024,Sunday,5.0,4.0,36–50
3918,2024-10-30,13,504,1,C156,Hamra,Halloumi Sandwich,Sandwiches,6.0,2.0,M,52,Jounieh,4249,30,10,2024,Wednesday,6.0,4.0,50+
3436,2024-10-19,14,103,2,C137,Hamra,Blonde Coffee,Coffee,2.2,0.5,F,30,Saida,4096,19,10,2024,Saturday,4.4,3.4000000000000004,26–35
1782,2024-10-26,12,404,1,C071,Hamra,Keshek Manoushe,Manakish,4.0,0.7,F,29,Byblos,4192,26,10,2024,Saturday,4.0,3.3,26–35
2005,2024-08-15,12,405,1,C080,Hamra,Lahm Baajin,Manakish,5.0,1.2,F,40,Saida,3184,15,8,2024,Thursday,5.0,3.8,36–50
3876,2024-09-27,16,503,2,C154,Hamra,BBQ Chicken Sandwich,Sandwiches,7.5,3.2,F,25,Tripoli,3790,27,9,2024,Friday,15.0,8.6,16–25
2016,2024-02-12,7,303,1,C081,Hamra,Fresh Orange Juice,Cold Drinks,3.5,1.0,M,55,Tripoli,589,12,2,2024,Monday,3.5,2.5,50+
2194,2024-12-08,10,201,2,C087,Hamra,Tea,Tea,2.0,0.4,F,60,Batroun,4792,8,12,2024,Sunday,4.0,3.2,50+
183,2024-11-21,20,601,1,C008,Hamra,Chicken Caesar Salad,Salads,7.5,3.2,F,49,Byblos,4564,21,11,2024,Thursday,7.5,4.3,36–50
47,2024-10-28,7,702,1,C002,Hamra,Lotus Crepe,Desserts,5.8,1.9,F,37,Zahle,4215,28,10,2024,Monday,5.8,3.9,36–50
4617,2024-12-29,10,502,1,C185,Hamra,Chicken Sub Sandwich,Sandwiches,7.0,3.0,M,39,Saida,5086,29,12,2024,Sunday,7.0,4.0,36–50
4455,2024-01-21,8,504,1,C180,Hamra,Halloumi Sandwich,Sandwiches,6.0,2.0,M,20,Jounieh,282,21,1,2024,Sunday,6.0,4.0,16–25
4627,2024-04-16,17,101,2,C186,Hamra,Espresso,Coffee,2.5,0.5,F,34,Beirut,1495,16,4,2024,Tuesday,5.0,4.0,26–35
3093,2024-12-01,19,404,1,C123,Hamra,Keshek Manoushe,Manakish,4.0,0.7,F,27,Saida,4703,1,12,2024,Sunday,4.0,3.3,26–35
3056,2024-10-29,11,110,1,C121,Hamra,Sahlab,Hot Drinks,4.0,1.0,F,53,Batroun,4233,29,10,2024,Tuesday,4.0,3.0,50+
2396,2024-04-26,16,403,1,C096,Hamra,Cheese Manoushe,Manakish,4.5,0.8,M,46,Zahle,1634,26,4,2024,Friday,4.5,3.7,36–50
2318,2024-05-03,20,406,1,C093,Hamra,Kaak with Cheese,Bakery,3.5,0.8,F,27,Byblos,1736,3,5,2024,Friday,3.5,2.7,26–35
78,2024-10-07,15,304,2,C003,Hamra,Carrot Juice,Cold Drinks,3.5,1.0,F,51,Batroun,3929,7,10,2024,Monday,7.0,5.0,50+
3410,2024-10-18,17,103,1,C136,Hamra,Blonde Coffee,Coffee,2.2,0.5,M,42,Saida,4085,18,10,2024,Friday,2.2,1.7000000000000002,36–50
4669,2024-07-21,18,411,1,C187,Hamra,Mutabbal,Appetizers,4.2,1.2,F,18,Tyre,2840,21,7,2024,Sunday,4.2,3.0,16–25
30,2024-02-20,16,601,3,C002,Hamra,Chicken Caesar Salad,Salads,7.5,3.2,F,37,Zahle,710,20,2,2024,Tuesday,22.5,12.899999999999999,36–50
4754,2024-09-27,9,205,1,C190,Hamra,Mate,Tea,2.5,0.5,M,30,Beirut,3783,27,9,2024,Friday,2.5,2.0,26–35
2915,2024-11-19,14,408,2,C115,Hamra,Fries,Appetizers,3.0,0.7,F,36,Byblos,4530,19,11,2024,Tuesday,6.0,4.6,36–50
1211,2024-10-03,9,505,1,C049,Hamra,Turkey Sandwich,Sandwiches,5.5,2.2,F,35,Tyre,3867,3,10,2024,Thursday,5.5,3.3,26–35
2535,2024-05-20,12,601,1,C101,Hamra,Chicken Caesar Salad,Salads,7.5,3.2,M,44,Byblos,1966,20,5,2024,Monday,7.5,4.3,36–50
3733,2024-10-01,10,704,2,C148,Hamra,Mafroukeh Dessert,Desserts,6.5,2.5,M,19,Beirut,3840,1,10,2024,Tuesday,13.0,8.0,16–25
715,2024-10-16,14,603,2,C029,Hamra,Fattoush,Salads,5.5,2.0,F,24,Tripoli,4054,16,10,2024,Wednesday,11.0,7.0,16–25
3674,2024-11-29,17,401,1,C145,Hamra,Croissant,Bakery,3.0,0.8,F,55,Saida,4673,29,11,2024,Friday,3.0,2.2,50+
1839,2024-02-21,12,301,1,C074,Hamra,Lemonade,Cold Drinks,3.0,0.8,M,29,Saida,720,21,2,2024,Wednesday,3.0,2.2,26–35
2640,2024-01-27,14,411,1,C105,Hamra,Mutabbal,Appetizers,4.2,1.2,F,27,Tripoli,372,27,1,2024,Saturday,4.2,3.0,26–35
3774,2024-06-05,7,408,1,C150,Hamra,Fries,Appetizers,3.0,0.7,M,46,Zahle,2185,5,6,2024,Wednesday,3.0,2.3,36–50
138,2024-08-26,12,305,2,C006,Hamra,Avocado Shake Cocktails,Shakes,6.0,2.2,F,44,Tripoli,3338,26,8,2024,Monday,12.0,7.6,36–50
1532,2024-06-04,7,203,1,C062,Hamra,Green Tea,Tea,2.2,0.5,F,50,Tyre,2171,4,6,2024,Tuesday,2.2,1.7000000000000002,36–50
765,2024-10-17,7,408,1,C031,Hamra,Fries,Appetizers,3.0,0.7,M,18,Jounieh,4061,17,10,2024,Thursday,3.0,2.3,16–25
4747,2024-05-15,14,105,2,C190,Hamra,Café Latte,Coffee,4.0,0.8,M,30,Beirut,1898,15,5,2024,Wednesday,8.0,6.4,26–35
2990,2024-05-23,13,501,1,C119,Hamra,Shish Tawouk Sandwich,Sandwiches,6.5,2.5,F,42,Tyre,2009,23,5,2024,Thursday,6.5,4.0,36–50
271,2024-04-15,9,204,1,C012,Hamra,Chamomile Tea,Tea,2.5,0.5,F,60,Beirut,1473,15,4,2024,Monday,2.5,2.0,50+
275,2024-06-06,12,402,2,C012,Hamra,Zaatar Manoushe,Manakish,3.5,0.5,F,60,Beirut,2204,6,6,2024,Thursday,7.0,6.0,50+
4771,2024-05-25,15,308,2,C191,Hamra,Banane Avocat,Cocktails,6.5,2.5,M,60,Byblos,2039,25,5,2024,Saturday,13.0,8.0,50+
3614,2024-01-02,13,204,1,C144,Hamra,Chamomile Tea,Tea,2.5,0.5,F,39,Batroun,21,2,1,2024,Tuesday,2.5,2.0,36–50
608,2024-03-17,18,504,1,C025,Hamra,Halloumi Sandwich,Sandwiches,6.0,2.0,F,25,Beirut,1076,17,3,2024,Sunday,6.0,4.0,16–25
3773,2024-05-11,9,104,1,C150,Hamra,Americano,Coffee,3.0,0.6,M,46,Zahle,1837,11,5,2024,Saturday,3.0,2.4,36–50
2271,2024-03-30,20,503,1,C091,Hamra,BBQ Chicken Sandwich,Sandwiches,7.5,3.2,M,47,Tyre,1260,30,3,2024,Saturday,7.5,4.3,36–50
2218,2024-12-10,20,705,1,C088,Hamra,Ice Cream 2 Scoops,Desserts,4.0,1.2,F,56,Beirut,4830,10,12,2024,Tuesday,4.0,2.8,50+
1910,2024-12-15,19,304,2,C076,Hamra,Carrot Juice,Cold Drinks,3.5,1.0,M,40,Saida,4899,15,12,2024,Sunday,7.0,5.0,36–50
451,2024-09-19,12,605,3,C018,Hamra,Halloumi Salad,Salads,6.8,2.9,M,19,Tripoli,3674,19,9,2024,Thursday,20.4,11.7,16–25
1103,2024-12-16,17,104,2,C045,Hamra,Americano,Coffee,3.0,0.6,F,48,Tyre,4911,16,12,2024,Monday,6.0,4.8,36–50
2795,2024-04-17,10,405,1,C111,Hamra,Lahm Baajin,Manakish,5.0,1.2,M,40,Zahle,1502,17,4,2024,Wednesday,5.0,3.8,36–50
1993,2024-03-14,20,304,2,C080,Hamra,Carrot Juice,Cold Drinks,3.5,1.0,F,40,Saida,1036,14,3,2024,Thursday,7.0,5.0,36–50
1679,2024-02-08,19,406,1,C068,Hamra,Kaak with Cheese,Bakery,3.5,0.8,F,21,Beirut,545,8,2,2024,Thursday,3.5,2.7,16–25
3523,2024-06-07,9,406,1,C140,Hamra,Kaak with Cheese,Bakery,3.5,0.8,F,50,Tripoli,2215,7,6,2024,Friday,3.5,2.7,36–50
4381,2024-03-11,15,109,1,C177,Hamra,Hot Chocolate,Hot Drinks,3.8,0.9,M,23,Saida,989,11,3,2024,Monday,3.8,2.9,16–25
4038,2024-11-07,16,706,1,C161,Hamra,Honey Pancakes,Desserts,4.5,1.5,F,35,Batroun,4364,7,11,2024,Thursday,4.5,3.0,26–35
4775,2024-08-28,8,203,3,C191,Hamra,Green Tea,Tea,2.2,0.5,M,60,Byblos,3362,28,8,2024,Wednesday,6.6000000000000005,5.1000000000000005,50+
455,2024-10-24,7,204,1,C018,Hamra,Chamomile Tea,Tea,2.5,0.5,M,19,Tripoli,4159,24,10,2024,Thursday,2.5,2.0,16–25
1314,2024-02-05,20,604,1,C054,Hamra,Tabbouleh,Salads,5.5,2.0,F,53,Byblos,504,5,2,2024,Monday,5.5,3.5,50+
2816,2024-03-24,8,110,3,C112,Hamra,Sahlab,Hot Drinks,4.0,1.0,F,46,Tripoli,1164,24,3,2024,Sunday,12.0,9.0,36–50
2439,2024-09-19,13,701,1,C097,Hamra,Nutella Crepe,Desserts,5.5,1.8,M,45,Batroun,3675,19,9,2024,Thursday,5.5,3.7,36–50
665,2024-11-05,16,406,2,C027,Hamra,Kaak with Cheese,Bakery,3.5,0.8,F,46,Byblos,4336,5,11,2024,Tuesday,7.0,5.4,36–50
1953,2024-06-20,7,501,1,C078,Hamra,Shish Tawouk Sandwich,Sandwiches,6.5,2.5,M,23,Beirut,2395,20,6,2024,Thursday,6.5,4.0,16–25
3838,2024-06-21,12,308,1,C153,Hamra,Banane Avocat,Cocktails,6.5,2.5,M,41,Jounieh,2414,21,6,2024,Friday,6.5,4.0,36–50
4066,2024-12-27,20,402,3,C162,Hamra,Zaatar Manoushe,Manakish,3.5,0.5,F,37,Saida,5068,27,12,2024,Friday,10.5,9.0,36–50
2201,2024-02-16,13,106,1,C088,Hamra,Cappuccino,Coffee,3.5,0.7,F,56,Beirut,651,16,2,2024,Friday,3.5,2.8,50+
4689,2024-05-20,15,401,1,C188,Hamra,Croissant,Bakery,3.0,0.8,M,26,Jounieh,1969,20,5,2024,Monday,3.0,2.2,26–35
1322,2024-04-27,20,102,1,C054,Hamra,Turkish Coffee,Coffee,2.0,0.4,F,53,Byblos,1652,27,4,2024,Saturday,2.0,1.6,50+
2191,2024-10-03,14,603,1,C087,Hamra,Fattoush,Salads,5.5,2.0,F,60,Batroun,3872,3,10,2024,Thursday,5.5,3.5,50+
110,2024-08-01,12,203,1,C005,Hamra,Green Tea,Tea,2.2,0.5,M,33,Beirut,2988,1,8,2024,Thursday,2.2,1.7000000000000002,26–35
3084,2024-08-07,9,704,1,C123,Hamra,Mafroukeh Dessert,Desserts,6.5,2.5,F,27,Saida,3069,7,8,2024,Wednesday,6.5,4.0,26–35
4094,2024-01-26,14,703,1,C164,Hamra,Ashta W Banane,Cocktails Specials,7.0,2.5,F,53,Batroun,358,26,1,2024,Friday,7.0,4.5,50+
1312,2024-01-09,13,304,2,C054,Hamra,Carrot Juice,Cold Drinks,3.5,1.0,F,53,Byblos,119,9,1,2024,Tuesday,7.0,5.0,50+
4112,2024-09-27,9,101,1,C164,Hamra,Espresso,Coffee,2.5,0.5,F,53,Batroun,3783,27,9,2024,Friday,2.5,2.0,50+
4904,2024-01-10,15,504,1,C197,Hamra,Halloumi Sandwich,Sandwiches,6.0,2.0,M,57,Zahle,135,10,1,2024,Wednesday,6.0,4.0,50+
942,2024-04-30,18,407,1,C039,Hamra,Cheese Rolls,Appetizers,4.5,1.0,M,49,Batroun,1692,30,4,2024,Tuesday,4.5,3.5,36–50
4931,2024-05-04,8,307,3,C198,Hamra,Strawberry Cocktail,Cocktails,6.0,2.0,F,29,Tyre,1738,4,5,2024,Saturday,18.0,12.0,26–35
2746,2024-06-18,9,701,3,C109,Hamra,Nutella Crepe,Desserts,5.5,1.8,M,29,Jounieh,2369,18,6,2024,Tuesday,16.5,11.100000000000001,26–35
3271,2024-03-12,8,404,2,C132,Hamra,Keshek Manoushe,Manakish,4.0,0.7,M,33,Tyre,996,12,3,2024,Tuesday,8.0,6.6,26–35
1850,2024-05-31,19,102,2,C074,Hamra,Turkish Coffee,Coffee,2.0,0.4,M,29,Saida,2127,31,5,2024,Friday,4.0,3.2,26–35
1618,2024-07-26,7,504,1,C065,Hamra,Halloumi Sandwich,Sandwiches,6.0,2.0,F,42,Saida,2899,26,7,2024,Friday,6.0,4.0,36–50
4188,2024-02-18,10,502,1,C168,Hamra,Chicken Sub Sandwich,Sandwiches,7.0,3.0,F,47,Tyre,676,18,2,2024,Sunday,7.0,4.0,36–50
892,2024-06-02,11,701,1,C037,Hamra,Nutella Crepe,Desserts,5.5,1.8,M,28,Beirut,2147,2,6,2024,Sunday,5.5,3.7,26–35
1673,2024-12-12,19,201,1,C067,Hamra,Tea,Tea,2.0,0.4,M,60,Beirut,4857,12,12,2024,Thursday,2.0,1.6,50+
2808,2024-10-19,12,302,1,C111,Hamra,Lemonade Mint,Cold Drinks,3.5,1.0,M,40,Zahle,4094,19,10,2024,Saturday,3.5,2.5,36–50
3977,2024-03-08,11,704,1,C159,Hamra,Mafroukeh Dessert,Desserts,6.5,2.5,M,59,Tripoli,943,8,3,2024,Friday,6.5,4.0,50+
3119,2024-02-19,7,601,3,C125,Hamra,Chicken Caesar Salad,Salads,7.5,3.2,F,37,Batroun,687,19,2,2024,Monday,22.5,12.899999999999999,36–50
2183,2024-05-31,9,108,2,C087,Hamra,Caramel Latte,Coffee,4.8,1.0,F,60,Batroun,2117,31,5,2024,Friday,9.6,7.6,50+
1140,2024-01-19,7,307,1,C047,Hamra,Strawberry Cocktail,Cocktails,6.0,2.0,M,24,Jounieh,253,19,1,2024,Friday,6.0,4.0,16–25
3881,2024-04-09,17,104,2,C155,Hamra,Americano,Coffee,3.0,0.6,M,24,Byblos,1397,9,4,2024,Tuesday,6.0,4.8,16–25
4426,2024-02-29,11,201,1,C179,Hamra,Tea,Tea,2.0,0.4,F,43,Zahle,831,29,2,2024,Thursday,2.0,1.6,36–50
3730,2024-06-15,11,108,1,C148,Hamra,Caramel Latte,Coffee,4.8,1.0,M,19,Beirut,2329,15,6,2024,Saturday,4.8,3.8,16–25
307,2024-07-20,18,109,1,C013,Hamra,Hot Chocolate,Hot Drinks,3.8,0.9,M,29,Beirut,2826,20,7,2024,Saturday,3.8,2.9,26–35
4788,2024-12-10,17,401,1,C191,Hamra,Croissant,Bakery,3.0,0.8,M,60,Byblos,4827,10,12,2024,Tuesday,3.0,2.2,50+
1068,2024-05-25,19,102,1,C044,Hamra,Turkish Coffee,Coffee,2.0,0.4,F,20,Zahle,2043,25,5,2024,Saturday,2.0,1.6,16–25
3822,2024-06-12,12,301,2,C152,Hamra,Lemonade,Cold Drinks,3.0,0.8,F,39,Tripoli,2288,12,6,2024,Wednesday,6.0,4.4,36–50
3132,2024-08-29,14,406,1,C125,Hamra,Kaak with Cheese,Bakery,3.5,0.8,F,37,Batroun,3382,29,8,2024,Thursday,3.5,2.7,36–50
2986,2024-03-09,16,106,1,C119,Hamra,Cappuccino,Coffee,3.5,0.7,F,42,Tyre,962,9,3,2024,Saturday,3.5,2.8,36–50
3254,2024-06-23,18,706,1,C131,Hamra,Honey Pancakes,Desserts,4.5,1.5,F,59,Byblos,2448,23,6,2024,Sunday,4.5,3.0,50+
3142,2024-02-18,7,306,1,C126,Hamra,Mango Cocktail,Cocktails,6.0,2.2,M,59,Jounieh,673,18,2,2024,Sunday,6.0,3.8,50+
3452,2024-04-17,10,401,2,C138,Hamra,Croissant,Bakery,3.0,0.8,F,55,Tyre,1502,17,4,2024,Wednesday,6.0,4.4,50+
4825,2024-08-13,16,304,1,C193,Hamra,Carrot Juice,Cold Drinks,3.5,1.0,M,48,Byblos,3160,13,8,2024,Tuesday,3.5,2.5,36–50
1202,2024-06-09,17,403,3,C049,Hamra,Cheese Manoushe,Manakish,4.5,0.8,F,35,Tyre,2251,9,6,2024,Sunday,13.5,11.100000000000001,26–35
3104,2024-04-28,7,108,3,C124,Hamra,Caramel Latte,Coffee,4.8,1.0,M,52,Tyre,1653,28,4,2024,Sunday,14.399999999999999,11.399999999999999,50+
4633,2024-05-28,15,204,1,C186,Hamra,Chamomile Tea,Tea,2.5,0.5,F,34,Beirut,2081,28,5,2024,Tuesday,2.5,2.0,26–35
1952,2024-05-29,17,309,1,C078,Hamra,Chocolate Milkshake,Shakes,5.5,1.8,M,23,Beirut,2097,29,5,2024,Wednesday,5.5,3.7,16–25
3237,2024-10-19,13,701,2,C130,Hamra,Nutella Crepe,Desserts,5.5,1.8,F,26,Beirut,4095,19,10,2024,Saturday,11.0,7.4,26–35
4853,2024-05-22,13,602,3,C194,Hamra,Greek Salad,Salads,6.5,2.8,F,18,Jounieh,1995,22,5,2024,Wednesday,19.5,11.100000000000001,16–25
2595,2024-06-08,18,501,1,C103,Hamra,Shish Tawouk Sandwich,Sandwiches,6.5,2.5,M,21,Byblos,2238,8,6,2024,Saturday,6.5,4.0,16–25
2638,2024-01-11,11,401,2,C105,Hamra,Croissant,Bakery,3.0,0.8,F,27,Tripoli,145,11,1,2024,Thursday,6.0,4.4,26–35
3013,2024-05-17,13,406,2,C120,Hamra,Kaak with Cheese,Bakery,3.5,0.8,F,50,Zahle,1925,17,5,2024,Friday,7.0,5.4,36–50
749,2024-03-18,18,704,1,C031,Hamra,Mafroukeh Dessert,Desserts,6.5,2.5,M,18,Jounieh,1090,18,3,2024,Monday,6.5,4.0,16–25
1681,2024-03-17,8,407,1,C068,Hamra,Cheese Rolls,Appetizers,4.5,1.0,F,21,Beirut,1066,17,3,2024,Sunday,4.5,3.5,16–25
901,2024-09-10,20,703,2,C037,Hamra,Ashta W Banane,Cocktails Specials,7.0,2.5,M,28,Beirut,3556,10,9,2024,Tuesday,14.0,9.0,26–35
594,2024-09-14,19,505,1,C024,Hamra,Turkey Sandwich,Sandwiches,5.5,2.2,M,18,Tripoli,3611,14,9,2024,Saturday,5.5,3.3,16–25
1082,2024-11-15,10,102,1,C044,Hamra,Turkish Coffee,Coffee,2.0,0.4,F,20,Zahle,4470,15,11,2024,Friday,2.0,1.6,16–25
2080,2024-10-17,20,310,1,C083,Hamra,Strawberry Milkshake,Shakes,5.5,1.8,M,47,Byblos,4074,17,10,2024,Thursday,5.5,3.7,36–50
995,2024-09-19,20,705,1,C041,Hamra,Ice Cream 2 Scoops,Desserts,4.0,1.2,M,42,Tyre,3682,19,9,2024,Thursday,4.0,2.8,36–50
4431,2024-03-25,13,602,1,C179,Hamra,Greek Salad,Salads,6.5,2.8,F,43,Zahle,1183,25,3,2024,Monday,6.5,3.7,36–50
1017,2024-05-25,9,102,3,C042,Hamra,Turkish Coffee,Coffee,2.0,0.4,F,26,Tripoli,2033,25,5,2024,Saturday,6.0,4.800000000000001,26–35
2733,2024-11-18,8,506,1,C108,Hamra,Steak Sandwich,Sandwiches,9.0,4.0,F,21,Saida,4510,18,11,2024,Monday,9.0,5.0,16–25
961,2024-02-11,16,101,1,C040,Hamra,Espresso,Coffee,2.5,0.5,F,26,Beirut,584,11,2,2024,Sunday,2.5,2.0,26–35
1175,2024-05-04,8,411,1,C048,Hamra,Mutabbal,Appetizers,4.2,1.2,F,39,Zahle,1738,4,5,2024,Saturday,4.2,3.0,36–50
2854,2024-06-15,19,202,1,C113,Hamra,Mint Tea,Tea,2.2,0.5,F,27,Beirut,2337,15,6,2024,Saturday,2.2,1.7000000000000002,26–35
2108,2024-08-28,7,109,1,C084,Hamra,Hot Chocolate,Hot Drinks,3.8,0.9,M,53,Batroun,3361,28,8,2024,Wednesday,3.8,2.9,50+
93,2024-10-06,11,411,1,C004,Hamra,Mutabbal,Appetizers,4.2,1.2,M,23,Tyre,3911,6,10,2024,Sunday,4.2,3.0,16–25
2722,2024-07-06,18,505,1,C108,Hamra,Turkey Sandwich,Sandwiches,5.5,2.2,F,21,Saida,2630,6,7,2024,Saturday,5.5,3.3,16–25
1490,2024-10-28,12,403,1,C060,Hamra,Cheese Manoushe,Manakish,4.5,0.8,F,22,Zahle,4220,28,10,2024,Monday,4.5,3.7,16–25
2861,2024-01-19,12,502,1,C114,Hamra,Chicken Sub Sandwich,Sandwiches,7.0,3.0,F,50,Byblos,258,19,1,2024,Friday,7.0,4.0,36–50
4161,2024-03-08,15,408,1,C167,Hamra,Fries,Appetizers,3.0,0.7,F,25,Jounieh,947,8,3,2024,Friday,3.0,2.3,16–25
112,2024-08-05,10,506,3,C005,Hamra,Steak Sandwich,Sandwiches,9.0,4.0,M,33,Beirut,3042,5,8,2024,Monday,27.0,15.0,26–35
2667,2024-04-11,7,604,1,C106,Hamra,Tabbouleh,Salads,5.5,2.0,F,59,Tripoli,1415,11,4,2024,Thursday,5.5,3.5,50+
126,2024-02-11,12,307,1,C006,Hamra,Strawberry Cocktail,Cocktails,6.0,2.0,F,44,Tripoli,580,11,2,2024,Sunday,6.0,4.0,36–50
341,2024-10-14,11,310,2,C014,Hamra,Strawberry Milkshake,Shakes,5.5,1.8,M,38,Saida,4023,14,10,2024,Monday,11.0,7.4,36–50
4933,2024-06-15,16,303,1,C198,Hamra,Fresh Orange Juice,Cold Drinks,3.5,1.0,F,29,Tyre,2334,15,6,2024,Saturday,3.5,2.5,26–35
3146,2024-04-18,12,106,1,C126,Hamra,Cappuccino,Coffee,3.5,0.7,M,59,Jounieh,1518,18,4,2024,Thursday,3.5,2.8,50+
3512,2024-02-05,9,303,1,C140,Hamra,Fresh Orange Juice,Cold Drinks,3.5,1.0,F,50,Tripoli,493,5,2,2024,Monday,3.5,2.5,36–50
1537,2024-08-19,8,705,1,C062,Hamra,Ice Cream 2 Scoops,Desserts,4.0,1.2,F,50,Tyre,3236,19,8,2024,Monday,4.0,2.8,36–50
662,2024-08-16,12,301,2,C027,Hamra,Lemonade,Cold Drinks,3.0,0.8,F,46,Byblos,3198,16,8,2024,Friday,6.0,4.4,36–50
1341,2024-12-18,19,205,3,C054,Hamra,Mate,Tea,2.5,0.5,F,53,Byblos,4941,18,12,2024,Wednesday,7.5,6.0,50+
2260,2024-06-12,7,701,1,C090,Hamra,Nutella Crepe,Desserts,5.5,1.8,F,20,Beirut,2283,12,6,2024,Wednesday,5.5,3.7,16–25
268,2024-03-13,13,108,1,C012,Hamra,Caramel Latte,Coffee,4.8,1.0,F,60,Beirut,1015,13,3,2024,Wednesday,4.8,3.8,50+
3399,2024-05-15,13,203,1,C136,Hamra,Green Tea,Tea,2.2,0.5,M,42,Saida,1897,15,5,2024,Wednesday,2.2,1.7000000000000002,36–50
1862,2024-12-18,16,601,3,C074,Hamra,Chicken Caesar Salad,Salads,7.5,3.2,M,29,Saida,4938,18,12,2024,Wednesday,22.5,12.899999999999999,26–35
3619,2024-03-10,19,107,3,C144,Hamra,Mocha,Coffee,4.5,0.9,F,39,Batroun,979,10,3,2024,Sunday,13.5,10.8,36–50
4471,2024-07-14,13,302,1,C180,Hamra,Lemonade Mint,Cold Drinks,3.5,1.0,M,20,Jounieh,2737,14,7,2024,Sunday,3.5,2.5,16–25
641,2024-09-25,18,703,1,C026,Hamra,Ashta W Banane,Cocktails Specials,7.0,2.5,M,28,Beirut,3764,25,9,2024,Wednesday,7.0,4.5,26–35
3388,2024-02-18,17,407,1,C136,Hamra,Cheese Rolls,Appetizers,4.5,1.0,M,42,Saida,683,18,2,2024,Sunday,4.5,3.5,36–50
1098,2024-11-11,16,307,1,C045,Hamra,Strawberry Cocktail,Cocktails,6.0,2.0,F,48,Tyre,4420,11,11,2024,Monday,6.0,4.0,36–50
2094,2024-05-09,7,704,1,C084,Hamra,Mafroukeh Dessert,Desserts,6.5,2.5,M,53,Batroun,1807,9,5,2024,Thursday,6.5,4.0,50+
3701,2024-01-05,10,203,1,C147,Hamra,Green Tea,Tea,2.2,0.5,M,31,Saida,60,5,1,2024,Friday,2.2,1.7000000000000002,26–35
3649,2024-01-27,19,605,1,C145,Hamra,Halloumi Salad,Salads,6.8,2.9,F,55,Saida,377,27,1,2024,Saturday,6.8,3.9,50+
2594,2024-06-08,13,308,3,C103,Hamra,Banane Avocat,Cocktails,6.5,2.5,M,21,Byblos,2233,8,6,2024,Saturday,19.5,12.0,16–25
3106,2024-05-28,17,404,3,C124,Hamra,Keshek Manoushe,Manakish,4.0,0.7,M,52,Tyre,2083,28,5,2024,Tuesday,12.0,9.899999999999999,50+
4827,2024-09-20,15,307,1,C193,Hamra,Strawberry Cocktail,Cocktails,6.0,2.0,M,48,Byblos,3691,20,9,2024,Friday,6.0,4.0,36–50
3086,2024-08-17,11,101,1,C123,Hamra,Espresso,Coffee,2.5,0.5,F,27,Saida,3211,17,8,2024,Saturday,2.5,2.0,26–35
2927,2024-07-18,19,404,2,C116,Hamra,Keshek Manoushe,Manakish,4.0,0.7,F,48,Jounieh,2799,18,7,2024,Thursday,8.0,6.6,36–50
3929,2024-02-19,8,701,1,C157,Hamra,Nutella Crepe,Desserts,5.5,1.8,F,30,Jounieh,688,19,2,2024,Monday,5.5,3.7,26–35
324,2024-03-07,13,105,1,C014,Hamra,Café Latte,Coffee,4.0,0.8,M,38,Saida,931,7,3,2024,Thursday,4.0,3.2,36–50
422,2024-10-26,16,410,1,C017,Hamra,Hummus,Appetizers,4.0,1.2,M,34,Byblos,4196,26,10,2024,Saturday,4.0,2.8,26–35
296,2024-02-27,7,110,1,C013,Hamra,Sahlab,Hot Drinks,4.0,1.0,M,29,Beirut,799,27,2,2024,Tuesday,4.0,3.0,26–35
2327,2024-09-15,13,304,1,C093,Hamra,Carrot Juice,Cold Drinks,3.5,1.0,F,27,Byblos,3619,15,9,2024,Sunday,3.5,2.5,26–35
1577,2024-12-07,12,501,1,C063,Hamra,Shish Tawouk Sandwich,Sandwiches,6.5,2.5,F,32,Byblos,4780,7,12,2024,Saturday,6.5,4.0,26–35
804,2024-11-21,13,107,1,C033,Hamra,Mocha,Coffee,4.5,0.9,M,33,Batroun,4557,21,11,2024,Thursday,4.5,3.6,26–35
701,2024-05-09,20,604,1,C029,Hamra,Tabbouleh,Salads,5.5,2.0,F,24,Tripoli,1820,9,5,2024,Thursday,5.5,3.5,16–25
896,2024-08-02,19,410,1,C037,Hamra,Hummus,Appetizers,4.0,1.2,M,28,Beirut,3009,2,8,2024,Friday,4.0,2.8,26–35
2596,2024-06-20,16,603,1,C103,Hamra,Fattoush,Salads,5.5,2.0,M,21,Byblos,2404,20,6,2024,Thursday,5.5,3.5,16–25
4325,2024-09-14,9,203,2,C174,Hamra,Green Tea,Tea,2.2,0.5,M,20,Tyre,3601,14,9,2024,Saturday,4.4,3.4000000000000004,16–25
585,2024-04-11,9,110,1,C024,Hamra,Sahlab,Hot Drinks,4.0,1.0,M,18,Tripoli,1417,11,4,2024,Thursday,4.0,3.0,16–25
3576,2024-07-27,13,102,1,C142,Hamra,Turkish Coffee,Coffee,2.0,0.4,F,44,Batroun,2919,27,7,2024,Saturday,2.0,1.6,36–50
3319,2024-10-17,19,106,1,C133,Hamra,Cappuccino,Coffee,3.5,0.7,M,41,Beirut,4073,17,10,2024,Thursday,3.5,2.8,36–50
3139,2024-12-19,8,108,1,C125,Hamra,Caramel Latte,Coffee,4.8,1.0,F,37,Batroun,4944,19,12,2024,Thursday,4.8,3.8,36–50
1305,2024-10-12,7,411,1,C053,Hamra,Mutabbal,Appetizers,4.2,1.2,F,46,Batroun,3991,12,10,2024,Saturday,4.2,3.0,36–50
2206,2024-04-25,15,310,2,C088,Hamra,Strawberry Milkshake,Shakes,5.5,1.8,F,56,Beirut,1619,25,4,2024,Thursday,11.0,7.4,50+
2470,2024-09-20,15,602,1,C098,Hamra,Greek Salad,Salads,6.5,2.8,M,33,Tripoli,3691,20,9,2024,Friday,6.5,3.7,26–35
2874,2024-05-29,13,605,1,C114,Hamra,Halloumi Salad,Salads,6.8,2.9,F,50,Byblos,2093,29,5,2024,Wednesday,6.8,3.9,36–50
2379,2024-10-26,13,504,2,C095,Hamra,Halloumi Sandwich,Sandwiches,6.0,2.0,M,40,Zahle,4193,26,10,2024,Saturday,12.0,8.0,36–50
3947,2024-02-05,9,107,1,C158,Hamra,Mocha,Coffee,4.5,0.9,F,26,Batroun,493,5,2,2024,Monday,4.5,3.6,26–35
4706,2024-11-28,16,604,1,C188,Hamra,Tabbouleh,Salads,5.5,2.0,M,26,Jounieh,4658,28,11,2024,Thursday,5.5,3.5,26–35
3020,2024-10-13,8,308,1,C120,Hamra,Banane Avocat,Cocktails,6.5,2.5,F,50,Zahle,4006,13,10,2024,Sunday,6.5,4.0,36–50
1831,2024-10-29,17,304,1,C073,Hamra,Carrot Juice,Cold Drinks,3.5,1.0,F,54,Saida,4239,29,10,2024,Tuesday,3.5,2.5,50+
3919,2024-11-06,13,604,2,C156,Hamra,Tabbouleh,Salads,5.5,2.0,M,52,Jounieh,4347,6,11,2024,Wednesday,11.0,7.0,50+
2672,2024-07-26,15,307,1,C106,Hamra,Strawberry Cocktail,Cocktails,6.0,2.0,F,59,Tripoli,2907,26,7,2024,Friday,6.0,4.0,50+
630,2024-04-15,7,203,1,C026,Hamra,Green Tea,Tea,2.2,0.5,M,28,Beirut,1471,15,4,2024,Monday,2.2,1.7000000000000002,26–35
435,2024-06-06,19,306,2,C018,Hamra,Mango Cocktail,Cocktails,6.0,2.2,M,19,Tripoli,2211,6,6,2024,Thursday,12.0,7.6,16–25
4100,2024-04-30,20,101,1,C164,Hamra,Espresso,Coffee,2.5,0.5,F,53,Batroun,1694,30,4,2024,Tuesday,2.5,2.0,50+
3389,2024-02-24,10,304,1,C136,Hamra,Carrot Juice,Cold Drinks,3.5,1.0,M,42,Saida,760,24,2,2024,Saturday,3.5,2.5,36–50
3675,2024-01-12,12,408,1,C146,Hamra,Fries,Appetizers,3.0,0.7,M,27,Beirut,160,12,1,2024,Friday,3.0,2.3,26–35
1430,2024-05-24,13,104,1,C058,Hamra,Americano,Coffee,3.0,0.6,F,22,Tripoli,2023,24,5,2024,Friday,3.0,2.4,16–25
4000,2024-05-15,16,506,3,C160,Hamra,Steak Sandwich,Sandwiches,9.0,4.0,M,20,Beirut,1900,15,5,2024,Wednesday,27.0,15.0,16–25
2311,2024-01-03,13,103,2,C093,Hamra,Blonde Coffee,Coffee,2.2,0.5,F,27,Byblos,35,3,1,2024,Wednesday,4.4,3.4000000000000004,26–35
1201,2024-05-23,16,402,1,C049,Hamra,Zaatar Manoushe,Manakish,3.5,0.5,F,35,Tyre,2012,23,5,2024,Thursday,3.5,3.0,26–35
4353,2024-01-30,8,705,1,C176,Hamra,Ice Cream 2 Scoops,Desserts,4.0,1.2,M,24,Jounieh,408,30,1,2024,Tuesday,4.0,2.8,16–25
1774,2024-08-24,20,505,1,C071,Hamra,Turkey Sandwich,Sandwiches,5.5,2.2,F,29,Byblos,3318,24,8,2024,Saturday,5.5,3.3,26–35
1621,2024-10-05,10,410,1,C065,Hamra,Hummus,Appetizers,4.0,1.2,F,42,Saida,3896,5,10,2024,Saturday,4.0,2.8,36–50
806,2024-12-13,11,403,1,C033,Hamra,Cheese Manoushe,Manakish,4.5,0.8,M,33,Batroun,4863,13,12,2024,Friday,4.5,3.7,26–35
1220,2024-04-24,20,106,1,C050,Hamra,Cappuccino,Coffee,3.5,0.7,M,38,Jounieh,1610,24,4,2024,Wednesday,3.5,2.8,36–50
86,2024-04-13,18,106,2,C004,Hamra,Cappuccino,Coffee,3.5,0.7,M,23,Tyre,1454,13,4,2024,Saturday,7.0,5.6,16–25
2988,2024-04-27,7,602,2,C119,Hamra,Greek Salad,Salads,6.5,2.8,F,42,Tyre,1639,27,4,2024,Saturday,13.0,7.4,36–50
2086,2024-01-05,7,308,1,C084,Hamra,Banane Avocat,Cocktails,6.5,2.5,M,53,Batroun,57,5,1,2024,Friday,6.5,4.0,50+
2955,2024-12-25,16,408,1,C117,Hamra,Fries,Appetizers,3.0,0.7,F,49,Zahle,5036,25,12,2024,Wednesday,3.0,2.3,36–50
4109,2024-09-04,9,301,1,C164,Hamra,Lemonade,Cold Drinks,3.0,0.8,F,53,Batroun,3461,4,9,2024,Wednesday,3.0,2.2,50+
2582,2024-12-29,16,309,2,C102,Hamra,Chocolate Milkshake,Shakes,5.5,1.8,M,29,Tripoli,5092,29,12,2024,Sunday,11.0,7.4,26–35
3921,2024-11-16,9,105,2,C156,Hamra,Café Latte,Coffee,4.0,0.8,M,52,Jounieh,4483,16,11,2024,Saturday,8.0,6.4,50+
3249,2024-04-30,18,505,3,C131,Hamra,Turkey Sandwich,Sandwiches,5.5,2.2,F,59,Byblos,1692,30,4,2024,Tuesday,16.5,9.899999999999999,50+
142,2024-10-12,14,506,1,C006,Hamra,Steak Sandwich,Sandwiches,9.0,4.0,F,44,Tripoli,3998,12,10,2024,Saturday,9.0,5.0,36–50
4296,2024-05-28,15,203,1,C173,Hamra,Green Tea,Tea,2.2,0.5,F,31,Tripoli,2081,28,5,2024,Tuesday,2.2,1.7000000000000002,26–35
559,2024-03-24,20,605,1,C023,Hamra,Halloumi Salad,Salads,6.8,2.9,M,18,Saida,1176,24,3,2024,Sunday,6.8,3.9,16–25
3372,2024-08-18,17,202,1,C135,Hamra,Mint Tea,Tea,2.2,0.5,F,20,Byblos,3231,18,8,2024,Sunday,2.2,1.7000000000000002,16–25
3021,2024-10-14,18,105,1,C120,Hamra,Café Latte,Coffee,4.0,0.8,F,50,Zahle,4030,14,10,2024,Monday,4.0,3.2,36–50
1506,2024-06-09,7,501,1,C061,Hamra,Shish Tawouk Sandwich,Sandwiches,6.5,2.5,F,34,Zahle,2241,9,6,2024,Sunday,6.5,4.0,26–35
2518,2024-09-28,20,406,1,C100,Hamra,Kaak with Cheese,Bakery,3.5,0.8,F,29,Byblos,3808,28,9,2024,Saturday,3.5,2.7,26–35
1605,2024-02-07,17,403,1,C065,Hamra,Cheese Manoushe,Manakish,4.5,0.8,F,42,Saida,529,7,2,2024,Wednesday,4.5,3.7,36–50
3339,2024-08-13,8,403,1,C134,Hamra,Cheese Manoushe,Manakish,4.5,0.8,F,60,Zahle,3152,13,8,2024,Tuesday,4.5,3.7,50+
590,2024-05-21,16,405,1,C024,Hamra,Lahm Baajin,Manakish,5.0,1.2,M,18,Tripoli,1984,21,5,2024,Tuesday,5.0,3.8,16–25
906,2024-10-18,8,303,1,C037,Hamra,Fresh Orange Juice,Cold Drinks,3.5,1.0,M,28,Beirut,4076,18,10,2024,Friday,3.5,2.5,26–35
1094,2024-05-30,10,602,1,C045,Hamra,Greek Salad,Salads,6.5,2.8,F,48,Tyre,2104,30,5,2024,Thursday,6.5,3.7,36–50
4435,2024-04-23,8,402,1,C179,Hamra,Zaatar Manoushe,Manakish,3.5,0.5,F,43,Zahle,1584,23,4,2024,Tuesday,3.5,3.0,36–50
2513,2024-08-24,13,410,1,C100,Hamra,Hummus,Appetizers,4.0,1.2,F,29,Byblos,3311,24,8,2024,Saturday,4.0,2.8,26–35
2558,2024-03-06,19,401,1,C102,Hamra,Croissant,Bakery,3.0,0.8,M,29,Tripoli,923,6,3,2024,Wednesday,3.0,2.2,26–35
4308,2024-12-26,15,503,3,C173,Hamra,BBQ Chicken Sandwich,Sandwiches,7.5,3.2,F,31,Tripoli,5049,26,12,2024,Thursday,22.5,12.899999999999999,26–35
1576,2024-12-06,13,702,1,C063,Hamra,Lotus Crepe,Desserts,5.8,1.9,F,32,Byblos,4767,6,12,2024,Friday,5.8,3.9,26–35
712,2024-09-14,18,704,1,C029,Hamra,Mafroukeh Dessert,Desserts,6.5,2.5,F,24,Tripoli,3610,14,9,2024,Saturday,6.5,4.0,16–25
2545,2024-09-05,12,303,1,C101,Hamra,Fresh Orange Juice,Cold Drinks,3.5,1.0,M,44,Byblos,3478,5,9,2024,Thursday,3.5,2.5,36–50
2754,2024-11-26,16,408,2,C109,Hamra,Fries,Appetizers,3.0,0.7,M,29,Jounieh,4630,26,11,2024,Tuesday,6.0,4.6,26–35
2417,2024-11-18,7,310,1,C096,Hamra,Strawberry Milkshake,Shakes,5.5,1.8,M,46,Zahle,4509,18,11,2024,Monday,5.5,3.7,36–50
3839,2024-06-28,17,406,1,C153,Hamra,Kaak with Cheese,Bakery,3.5,0.8,M,41,Jounieh,2517,28,6,2024,Friday,3.5,2.7,36–50
224,2024-07-08,16,501,1,C010,Hamra,Shish Tawouk Sandwich,Sandwiches,6.5,2.5,F,49,Tyre,2656,8,7,2024,Monday,6.5,4.0,36–50
842,2024-06-02,15,102,2,C035,Hamra,Turkish Coffee,Coffee,2.0,0.4,M,33,Byblos,2151,2,6,2024,Sunday,4.0,3.2,26–35
1360,2024-07-14,11,408,2,C055,Hamra,Fries,Appetizers,3.0,0.7,F,44,Tyre,2735,14,7,2024,Sunday,6.0,4.6,36–50
3852,2024-11-06,17,503,1,C153,Hamra,BBQ Chicken Sandwich,Sandwiches,7.5,3.2,M,41,Jounieh,4351,6,11,2024,Wednesday,7.5,4.3,36–50
4302,2024-09-18,11,601,2,C173,Hamra,Chicken Caesar Salad,Salads,7.5,3.2,F,31,Tripoli,3659,18,9,2024,Wednesday,15.0,8.6,26–35
2401,2024-05-22,12,601,2,C096,Hamra,Chicken Caesar Salad,Salads,7.5,3.2,M,46,Zahle,1994,22,5,2024,Wednesday,15.0,8.6,36–50
3094,2024-12-07,15,407,1,C123,Hamra,Cheese Rolls,Appetizers,4.5,1.0,F,27,Saida,4783,7,12,2024,Saturday,4.5,3.5,26–35
285,2024-11-11,19,303,1,C012,Hamra,Fresh Orange Juice,Cold Drinks,3.5,1.0,F,60,Beirut,4423,11,11,2024,Monday,3.5,2.5,50+
85,2024-04-10,14,302,1,C004,Hamra,Lemonade Mint,Cold Drinks,3.5,1.0,M,23,Tyre,1408,10,4,2024,Wednesday,3.5,2.5,16–25
2674,2024-08-31,14,409,2,C106,Hamra,Pita Chips,Appetizers,2.5,0.6,F,59,Tripoli,3410,31,8,2024,Saturday,5.0,3.8,50+
2251,2024-01-12,20,503,1,C090,Hamra,BBQ Chicken Sandwich,Sandwiches,7.5,3.2,F,20,Beirut,168,12,1,2024,Friday,7.5,4.3,16–25
1668,2024-08-26,14,107,3,C067,Hamra,Mocha,Coffee,4.5,0.9,M,60,Beirut,3340,26,8,2024,Monday,13.5,10.8,50+
3652,2024-02-18,7,506,1,C145,Hamra,Steak Sandwich,Sandwiches,9.0,4.0,F,55,Saida,673,18,2,2024,Sunday,9.0,5.0,50+
1607,2024-02-11,7,706,1,C065,Hamra,Honey Pancakes,Desserts,4.5,1.5,F,42,Saida,575,11,2,2024,Sunday,4.5,3.0,36–50
2051,2024-06-14,14,410,2,C082,Hamra,Hummus,Appetizers,4.0,1.2,M,37,Tripoli,2318,14,6,2024,Friday,8.0,5.6,36–50
2642,2024-03-22,11,405,1,C105,Hamra,Lahm Baajin,Manakish,5.0,1.2,F,27,Tripoli,1139,22,3,2024,Friday,5.0,3.8,26–35
4500,2024-10-17,15,202,1,C181,Hamra,Mint Tea,Tea,2.2,0.5,F,60,Tripoli,4069,17,10,2024,Thursday,2.2,1.7000000000000002,50+
2097,2024-06-06,8,410,1,C084,Hamra,Hummus,Appetizers,4.0,1.2,M,53,Batroun,2200,6,6,2024,Thursday,4.0,2.8,50+
4599,2024-08-03,15,201,1,C185,Hamra,Tea,Tea,2.0,0.4,M,39,Saida,3019,3,8,2024,Saturday,2.0,1.6,36–50
2645,2024-06-06,18,602,1,C105,Hamra,Greek Salad,Salads,6.5,2.8,F,27,Tripoli,2210,6,6,2024,Thursday,6.5,3.7,26–35
2902,2024-05-13,20,104,1,C115,Hamra,Americano,Coffee,3.0,0.6,F,36,Byblos,1876,13,5,2024,Monday,3.0,2.4,36–50
674,2024-03-07,14,310,1,C028,Hamra,Strawberry Milkshake,Shakes,5.5,1.8,M,18,Tripoli,932,7,3,2024,Thursday,5.5,3.7,16–25
395,2024-12-01,15,701,3,C016,Hamra,Nutella Crepe,Desserts,5.5,1.8,M,50,Zahle,4699,1,12,2024,Sunday,16.5,11.100000000000001,36–50
509,2024-01-07,10,407,3,C021,Hamra,Cheese Rolls,Appetizers,4.5,1.0,F,58,Batroun,88,7,1,2024,Sunday,13.5,10.5,50+
1912,2024-01-14,7,305,1,C077,Hamra,Avocado Shake Cocktails,Shakes,6.0,2.2,M,30,Zahle,183,14,1,2024,Sunday,6.0,3.8,26–35
1009,2024-03-13,7,703,2,C042,Hamra,Ashta W Banane,Cocktails Specials,7.0,2.5,F,26,Tripoli,1009,13,3,2024,Wednesday,14.0,9.0,26–35
1325,2024-06-11,11,406,1,C054,Hamra,Kaak with Cheese,Bakery,3.5,0.8,F,53,Byblos,2273,11,6,2024,Tuesday,3.5,2.7,50+
770,2024-03-06,8,104,1,C032,Hamra,Americano,Coffee,3.0,0.6,M,49,Beirut,912,6,3,2024,Wednesday,3.0,2.4,36–50
2890,2024-12-12,20,502,1,C114,Hamra,Chicken Sub Sandwich,Sandwiches,7.0,3.0,F,50,Byblos,4858,12,12,2024,Thursday,7.0,4.0,36–50
920,2024-05-09,14,706,3,C038,Hamra,Honey Pancakes,Desserts,4.5,1.5,F,39,Saida,1814,9,5,2024,Thursday,13.5,9.0,36–50
4939,2024-07-24,16,605,3,C198,Hamra,Halloumi Salad,Salads,6.8,2.9,F,29,Tyre,2880,24,7,2024,Wednesday,20.4,11.7,26–35
2885,2024-10-02,17,101,1,C114,Hamra,Espresso,Coffee,2.5,0.5,F,50,Byblos,3861,2,10,2024,Wednesday,2.5,2.0,36–50
4153,2024-09-12,11,103,1,C166,Hamra,Blonde Coffee,Coffee,2.2,0.5,F,48,Beirut,3575,12,9,2024,Thursday,2.2,1.7000000000000002,36–50
4524,2024-09-22,11,501,1,C182,Hamra,Shish Tawouk Sandwich,Sandwiches,6.5,2.5,F,55,Zahle,3715,22,9,2024,Sunday,6.5,4.0,50+
4681,2024-01-25,8,307,1,C188,Hamra,Strawberry Cocktail,Cocktails,6.0,2.0,M,26,Jounieh,338,25,1,2024,Thursday,6.0,4.0,26–35
2782,2024-10-07,13,302,1,C110,Hamra,Lemonade Mint,Cold Drinks,3.5,1.0,M,55,Batroun,3927,7,10,2024,Monday,3.5,2.5,50+
2604,2024-09-09,19,204,1,C103,Hamra,Chamomile Tea,Tea,2.5,0.5,M,21,Byblos,3541,9,9,2024,Monday,2.5,2.0,16–25
1937,2024-11-05,14,505,2,C077,Hamra,Turkey Sandwich,Sandwiches,5.5,2.2,M,30,Zahle,4334,5,11,2024,Tuesday,11.0,6.6,26–35
4345,2024-10-15,16,410,1,C175,Hamra,Hummus,Appetizers,4.0,1.2,F,39,Saida,4042,15,10,2024,Tuesday,4.0,2.8,36–50
3525,2024-06-12,19,203,3,C140,Hamra,Green Tea,Tea,2.2,0.5,F,50,Tripoli,2295,12,6,2024,Wednesday,6.6000000000000005,5.1000000000000005,36–50
1297,2024-04-04,7,410,1,C053,Hamra,Hummus,Appetizers,4.0,1.2,F,46,Batroun,1317,4,4,2024,Thursday,4.0,2.8,36–50
4036,2024-09-26,8,601,1,C161,Hamra,Chicken Caesar Salad,Salads,7.5,3.2,F,35,Batroun,3768,26,9,2024,Thursday,7.5,4.3,26–35
3922,2024-11-16,16,102,2,C156,Hamra,Turkish Coffee,Coffee,2.0,0.4,M,52,Jounieh,4490,16,11,2024,Saturday,4.0,3.2,50+
3042,2024-04-19,10,605,2,C121,Hamra,Halloumi Salad,Salads,6.8,2.9,F,53,Batroun,1530,19,4,2024,Friday,13.6,7.8,50+
81,2024-12-01,11,203,1,C003,Hamra,Green Tea,Tea,2.2,0.5,F,51,Batroun,4695,1,12,2024,Sunday,2.2,1.7000000000000002,50+
3878,2024-11-05,19,704,1,C154,Hamra,Mafroukeh Dessert,Desserts,6.5,2.5,F,25,Tripoli,4339,5,11,2024,Tuesday,6.5,4.0,16–25
1330,2024-08-25,8,301,3,C054,Hamra,Lemonade,Cold Drinks,3.0,0.8,F,53,Byblos,3320,25,8,2024,Sunday,9.0,6.6000000000000005,50+
959,2024-01-25,7,303,1,C040,Hamra,Fresh Orange Juice,Cold Drinks,3.5,1.0,F,26,Beirut,337,25,1,2024,Thursday,3.5,2.5,26–35
4851,2024-05-20,15,107,1,C194,Hamra,Mocha,Coffee,4.5,0.9,F,18,Jounieh,1969,20,5,2024,Monday,4.5,3.6,16–25
1684,2024-04-26,20,603,1,C068,Hamra,Fattoush,Salads,5.5,2.0,F,21,Beirut,1638,26,4,2024,Friday,5.5,3.5,16–25
2862,2024-01-25,7,411,2,C114,Hamra,Mutabbal,Appetizers,4.2,1.2,F,50,Byblos,337,25,1,2024,Thursday,8.4,6.0,36–50
4333,2024-03-19,19,505,2,C175,Hamra,Turkey Sandwich,Sandwiches,5.5,2.2,F,39,Saida,1105,19,3,2024,Tuesday,11.0,6.6,36–50
3220,2024-03-08,10,405,3,C130,Hamra,Lahm Baajin,Manakish,5.0,1.2,F,26,Beirut,942,8,3,2024,Friday,15.0,11.399999999999999,26–35
1021,2024-06-21,8,506,1,C042,Hamra,Steak Sandwich,Sandwiches,9.0,4.0,F,26,Tripoli,2410,21,6,2024,Friday,9.0,5.0,26–35
4043,2024-01-12,17,505,1,C162,Hamra,Turkey Sandwich,Sandwiches,5.5,2.2,F,37,Saida,165,12,1,2024,Friday,5.5,3.3,36–50
2356,2024-10-14,10,107,1,C094,Hamra,Mocha,Coffee,4.5,0.9,M,40,Tripoli,4022,14,10,2024,Monday,4.5,3.6,36–50
3746,2024-05-07,14,205,2,C149,Hamra,Mate,Tea,2.5,0.5,M,40,Beirut,1786,7,5,2024,Tuesday,5.0,4.0,36–50
2531,2024-04-05,14,504,1,C101,Hamra,Halloumi Sandwich,Sandwiches,6.0,2.0,M,44,Byblos,1338,5,4,2024,Friday,6.0,4.0,36–50
4266,2024-04-01,17,304,1,C172,Hamra,Carrot Juice,Cold Drinks,3.5,1.0,F,21,Zahle,1285,1,4,2024,Monday,3.5,2.5,16–25
3105,2024-05-20,18,601,1,C124,Hamra,Chicken Caesar Salad,Salads,7.5,3.2,M,52,Tyre,1972,20,5,2024,Monday,7.5,4.3,50+
29,2024-01-31,15,501,1,C002,Hamra,Shish Tawouk Sandwich,Sandwiches,6.5,2.5,F,37,Zahle,429,31,1,2024,Wednesday,6.5,4.0,36–50
2286,2024-11-29,19,102,2,C091,Hamra,Turkish Coffee,Coffee,2.0,0.4,M,47,Tyre,4675,29,11,2024,Friday,4.0,3.2,36–50
1444,2024-01-20,17,506,1,C059,Hamra,Steak Sandwich,Sandwiches,9.0,4.0,F,31,Jounieh,277,20,1,2024,Saturday,9.0,5.0,26–35
2459,2024-05-25,18,701,3,C098,Hamra,Nutella Crepe,Desserts,5.5,1.8,M,33,Tripoli,2042,25,5,2024,Saturday,16.5,11.100000000000001,26–35
392,2024-11-11,11,203,1,C016,Hamra,Green Tea,Tea,2.2,0.5,M,50,Zahle,4415,11,11,2024,Monday,2.2,1.7000000000000002,36–50
3729,2024-06-08,13,504,3,C148,Hamra,Halloumi Sandwich,Sandwiches,6.0,2.0,M,19,Beirut,2233,8,6,2024,Saturday,18.0,12.0,16–25
3879,2024-12-14,9,505,2,C154,Hamra,Turkey Sandwich,Sandwiches,5.5,2.2,F,25,Tripoli,4875,14,12,2024,Saturday,11.0,6.6,16–25
369,2024-02-12,16,601,1,C016,Hamra,Chicken Caesar Salad,Salads,7.5,3.2,M,50,Zahle,598,12,2,2024,Monday,7.5,4.3,36–50
4943,2024-09-10,10,601,3,C198,Hamra,Chicken Caesar Salad,Salads,7.5,3.2,F,29,Tyre,3546,10,9,2024,Tuesday,22.5,12.899999999999999,26–35
2715,2024-05-09,16,406,1,C108,Hamra,Kaak with Cheese,Bakery,3.5,0.8,F,21,Saida,1816,9,5,2024,Thursday,3.5,2.7,16–25
557,2024-02-29,15,301,2,C023,Hamra,Lemonade,Cold Drinks,3.0,0.8,M,18,Saida,835,29,2,2024,Thursday,6.0,4.4,16–25
1019,2024-05-30,16,506,2,C042,Hamra,Steak Sandwich,Sandwiches,9.0,4.0,F,26,Tripoli,2110,30,5,2024,Thursday,18.0,10.0,26–35
904,2024-10-13,16,602,2,C037,Hamra,Greek Salad,Salads,6.5,2.8,M,28,Beirut,4014,13,10,2024,Sunday,13.0,7.4,26–35
1788,2024-01-05,20,106,1,C072,Hamra,Cappuccino,Coffee,3.5,0.7,F,59,Jounieh,70,5,1,2024,Friday,3.5,2.8,50+
3343,2024-09-22,18,403,1,C134,Hamra,Cheese Manoushe,Manakish,4.5,0.8,F,60,Zahle,3722,22,9,2024,Sunday,4.5,3.7,50+
4132,2024-12-10,7,407,1,C165,Hamra,Cheese Rolls,Appetizers,4.5,1.0,M,44,Batroun,4817,10,12,2024,Tuesday,4.5,3.5,36–50
2923,2024-05-09,8,602,1,C116,Hamra,Greek Salad,Salads,6.5,2.8,F,48,Jounieh,1808,9,5,2024,Thursday,6.5,3.7,36–50
3783,2024-09-23,11,110,2,C150,Hamra,Sahlab,Hot Drinks,4.0,1.0,M,46,Zahle,3729,23,9,2024,Monday,8.0,6.0,36–50
135,2024-06-26,9,703,2,C006,Hamra,Ashta W Banane,Cocktails Specials,7.0,2.5,F,44,Tripoli,2481,26,6,2024,Wednesday,14.0,9.0,36–50
779,2024-09-09,8,303,3,C032,Hamra,Fresh Orange Juice,Cold Drinks,3.5,1.0,M,49,Beirut,3530,9,9,2024,Monday,10.5,7.5,36–50
3654,2024-02-25,7,104,1,C145,Hamra,Americano,Coffee,3.0,0.6,F,55,Saida,771,25,2,2024,Sunday,3.0,2.4,50+
916,2024-03-23,16,109,2,C038,Hamra,Hot Chocolate,Hot Drinks,3.8,0.9,F,39,Saida,1158,23,3,2024,Saturday,7.6,5.8,36–50
3658,2024-04-08,9,107,3,C145,Hamra,Mocha,Coffee,4.5,0.9,F,55,Saida,1375,8,4,2024,Monday,13.5,10.8,50+
891,2024-05-28,7,703,2,C037,Hamra,Ashta W Banane,Cocktails Specials,7.0,2.5,M,28,Beirut,2073,28,5,2024,Tuesday,14.0,9.0,26–35
3806,2024-11-24,18,108,1,C151,Hamra,Caramel Latte,Coffee,4.8,1.0,M,21,Saida,4604,24,11,2024,Sunday,4.8,3.8,16–25
4390,2024-06-04,7,601,1,C177,Hamra,Chicken Caesar Salad,Salads,7.5,3.2,M,23,Saida,2171,4,6,2024,Tuesday,7.5,4.3,16–25
4724,2024-07-08,18,107,1,C189,Hamra,Mocha,Coffee,4.5,0.9,F,43,Tripoli,2658,8,7,2024,Monday,4.5,3.6,36–50
4393,2024-09-19,7,505,1,C177,Hamra,Turkey Sandwich,Sandwiches,5.5,2.2,M,23,Saida,3669,19,9,2024,Thursday,5.5,3.3,16–25
1498,2024-03-20,14,504,1,C061,Hamra,Halloumi Sandwich,Sandwiches,6.0,2.0,F,34,Zahle,1114,20,3,2024,Wednesday,6.0,4.0,26–35
1931,2024-09-08,9,103,3,C077,Hamra,Blonde Coffee,Coffee,2.2,0.5,M,30,Zahle,3517,8,9,2024,Sunday,6.6000000000000005,5.1000000000000005,26–35
3997,2024-04-06,17,302,1,C160,Hamra,Lemonade Mint,Cold Drinks,3.5,1.0,M,20,Beirut,1355,6,4,2024,Saturday,3.5,2.5,16–25
3172,2024-09-16,7,102,1,C127,Hamra,Turkish Coffee,Coffee,2.0,0.4,M,30,Tripoli,3627,16,9,2024,Monday,2.0,1.6,26–35
2163,2024-09-16,13,205,1,C086,Hamra,Mate,Tea,2.5,0.5,M,33,Tripoli,3633,16,9,2024,Monday,2.5,2.0,26–35
4765,2024-04-12,16,604,2,C191,Hamra,Tabbouleh,Salads,5.5,2.0,M,60,Byblos,1438,12,4,2024,Friday,11.0,7.0,50+
149,2024-02-09,9,404,3,C007,Hamra,Keshek Manoushe,Manakish,4.0,0.7,M,24,Batroun,549,9,2,2024,Friday,12.0,9.899999999999999,16–25
3785,2024-09-29,14,703,2,C150,Hamra,Ashta W Banane,Cocktails Specials,7.0,2.5,M,46,Zahle,3816,29,9,2024,Sunday,14.0,9.0,36–50
2130,2024-04-10,10,701,1,C085,Hamra,Nutella Crepe,Desserts,5.5,1.8,F,40,Saida,1404,10,4,2024,Wednesday,5.5,3.7,36–50
146,2024-12-24,10,705,1,C006,Hamra,Ice Cream 2 Scoops,Desserts,4.0,1.2,F,44,Tripoli,5016,24,12,2024,Tuesday,4.0,2.8,36–50
4734,2024-11-03,11,307,2,C189,Hamra,Strawberry Cocktail,Cocktails,6.0,2.0,F,43,Tripoli,4303,3,11,2024,Sunday,12.0,8.0,36–50
3578,2024-08-08,12,104,1,C142,Hamra,Americano,Coffee,3.0,0.6,F,44,Batroun,3086,8,8,2024,Thursday,3.0,2.4,36–50
3644,2024-11-03,13,705,1,C144,Hamra,Ice Cream 2 Scoops,Desserts,4.0,1.2,F,39,Batroun,4305,3,11,2024,Sunday,4.0,2.8,36–50
60,2024-05-03,20,106,1,C003,Hamra,Cappuccino,Coffee,3.5,0.7,F,51,Batroun,1736,3,5,2024,Friday,3.5,2.8,50+
3429,2024-08-18,20,502,1,C137,Hamra,Chicken Sub Sandwich,Sandwiches,7.0,3.0,F,30,Saida,3234,18,8,2024,Sunday,7.0,4.0,26–35
1153,2024-06-26,10,401,2,C047,Hamra,Croissant,Bakery,3.0,0.8,M,24,Jounieh,2482,26,6,2024,Wednesday,6.0,4.4,16–25
2126,2024-03-03,14,201,1,C085,Hamra,Tea,Tea,2.0,0.4,F,40,Saida,876,3,3,2024,Sunday,2.0,1.6,36–50
2344,2024-04-25,19,401,1,C094,Hamra,Croissant,Bakery,3.0,0.8,M,40,Tripoli,1623,25,4,2024,Thursday,3.0,2.2,36–50
4236,2024-07-09,12,302,1,C170,Hamra,Lemonade Mint,Cold Drinks,3.5,1.0,F,23,Tripoli,2666,9,7,2024,Tuesday,3.5,2.5,16–25
4231,2024-03-02,20,309,1,C170,Hamra,Chocolate Milkshake,Shakes,5.5,1.8,F,23,Tripoli,868,2,3,2024,Saturday,5.5,3.7,16–25
572,2024-09-12,7,403,1,C023,Hamra,Cheese Manoushe,Manakish,4.5,0.8,M,18,Saida,3571,12,9,2024,Thursday,4.5,3.7,16–25
52,2024-01-07,7,410,1,C003,Hamra,Hummus,Appetizers,4.0,1.2,F,51,Batroun,85,7,1,2024,Sunday,4.0,2.8,50+
3206,2024-06-03,15,406,1,C129,Hamra,Kaak with Cheese,Bakery,3.5,0.8,F,58,Byblos,2165,3,6,2024,Monday,3.5,2.7,50+
1655,2024-04-01,16,203,1,C067,Hamra,Green Tea,Tea,2.2,0.5,M,60,Beirut,1284,1,4,2024,Monday,2.2,1.7000000000000002,50+
1757,2024-01-14,12,410,1,C071,Hamra,Hummus,Appetizers,4.0,1.2,F,29,Byblos,188,14,1,2024,Sunday,4.0,2.8,26–35
3260,2024-08-16,16,301,1,C131,Hamra,Lemonade,Cold Drinks,3.0,0.8,F,59,Byblos,3202,16,8,2024,Friday,3.0,2.2,50+
4383,2024-03-26,14,205,1,C177,Hamra,Mate,Tea,2.5,0.5,M,23,Saida,1198,26,3,2024,Tuesday,2.5,2.0,16–25
1661,2024-05-12,19,601,1,C067,Hamra,Chicken Caesar Salad,Salads,7.5,3.2,M,60,Beirut,1861,12,5,2024,Sunday,7.5,4.3,50+
1359,2024-07-01,13,303,2,C055,Hamra,Fresh Orange Juice,Cold Drinks,3.5,1.0,F,44,Tyre,2555,1,7,2024,Monday,7.0,5.0,36–50
3270,2024-03-02,18,605,1,C132,Hamra,Halloumi Salad,Salads,6.8,2.9,M,33,Tyre,866,2,3,2024,Saturday,6.8,3.9,26–35
758,2024-08-06,12,501,1,C031,Hamra,Shish Tawouk Sandwich,Sandwiches,6.5,2.5,M,18,Jounieh,3058,6,8,2024,Tuesday,6.5,4.0,16–25
1635,2024-09-02,10,701,1,C066,Hamra,Nutella Crepe,Desserts,5.5,1.8,M,22,Zahle,3434,2,9,2024,Monday,5.5,3.7,16–25
2544,2024-08-17,13,701,3,C101,Hamra,Nutella Crepe,Desserts,5.5,1.8,M,44,Byblos,3213,17,8,2024,Saturday,16.5,11.100000000000001,36–50
1586,2024-03-19,15,702,1,C064,Hamra,Lotus Crepe,Desserts,5.8,1.9,M,26,Jounieh,1101,19,3,2024,Tuesday,5.8,3.9,26–35
752,2024-05-28,20,505,1,C031,Hamra,Turkey Sandwich,Sandwiches,5.5,2.2,M,18,Jounieh,2086,28,5,2024,Tuesday,5.5,3.3,16–25
2946,2024-05-17,17,402,2,C117,Hamra,Zaatar Manoushe,Manakish,3.5,0.5,F,49,Zahle,1929,17,5,2024,Friday,7.0,6.0,36–50
4786,2024-11-09,16,410,2,C191,Hamra,Hummus,Appetizers,4.0,1.2,M,60,Byblos,4392,9,11,2024,Saturday,8.0,5.6,50+
1626,2024-03-05,16,705,2,C066,Hamra,Ice Cream 2 Scoops,Desserts,4.0,1.2,M,22,Zahle,906,5,3,2024,Tuesday,8.0,5.6,16–25
3974,2024-01-13,20,603,1,C159,Hamra,Fattoush,Salads,5.5,2.0,M,59,Tripoli,182,13,1,2024,Saturday,5.5,3.5,50+
1154,2024-07-31,13,410,1,C047,Hamra,Hummus,Appetizers,4.0,1.2,M,24,Jounieh,2975,31,7,2024,Wednesday,4.0,2.8,16–25
542,2024-08-29,7,403,1,C022,Hamra,Cheese Manoushe,Manakish,4.5,0.8,F,32,Tyre,3375,29,8,2024,Thursday,4.5,3.7,26–35
2350,2024-07-31,16,503,3,C094,Hamra,BBQ Chicken Sandwich,Sandwiches,7.5,3.2,M,40,Tripoli,2978,31,7,2024,Wednesday,22.5,12.899999999999999,36–50
2072,2024-06-29,15,502,1,C083,Hamra,Chicken Sub Sandwich,Sandwiches,7.0,3.0,M,47,Byblos,2529,29,6,2024,Saturday,7.0,4.0,36–50
1137,2024-12-03,19,109,1,C046,Hamra,Hot Chocolate,Hot Drinks,3.8,0.9,F,60,Saida,4731,3,12,2024,Tuesday,3.8,2.9,50+
2236,2024-06-21,10,202,3,C089,Hamra,Mint Tea,Tea,2.2,0.5,F,21,Saida,2412,21,6,2024,Friday,6.6000000000000005,5.1000000000000005,16–25
4634,2024-06-08,9,205,3,C186,Hamra,Mate,Tea,2.5,0.5,F,34,Beirut,2229,8,6,2024,Saturday,7.5,6.0,26–35
2993,2024-06-12,10,306,3,C119,Hamra,Mango Cocktail,Cocktails,6.0,2.2,F,42,Tyre,2286,12,6,2024,Wednesday,18.0,11.399999999999999,36–50
4723,2024-07-06,10,705,2,C189,Hamra,Ice Cream 2 Scoops,Desserts,4.0,1.2,F,43,Tripoli,2622,6,7,2024,Saturday,8.0,5.6,36–50
1121,2024-07-09,19,410,3,C046,Hamra,Hummus,Appetizers,4.0,1.2,F,60,Saida,2673,9,7,2024,Tuesday,12.0,8.399999999999999,50+
21,2024-11-03,16,506,1,C001,Hamra,Steak Sandwich,Sandwiches,9.0,4.0,F,18,Zahle,4308,3,11,2024,Sunday,9.0,5.0,16–25
2414,2024-09-12,17,408,2,C096,Hamra,Fries,Appetizers,3.0,0.7,M,46,Zahle,3581,12,9,2024,Thursday,6.0,4.6,36–50
3840,2024-07-01,8,704,2,C153,Hamra,Mafroukeh Dessert,Desserts,6.5,2.5,M,41,Jounieh,2550,1,7,2024,Monday,13.0,8.0,36–50
1502,2024-04-26,20,304,1,C061,Hamra,Carrot Juice,Cold Drinks,3.5,1.0,F,34,Zahle,1638,26,4,2024,Friday,3.5,2.5,26–35
2655,2024-10-08,18,308,1,C105,Hamra,Banane Avocat,Cocktails,6.5,2.5,F,27,Tripoli,3946,8,10,2024,Tuesday,6.5,4.0,26–35
2035,2024-07-14,20,203,3,C081,Hamra,Green Tea,Tea,2.2,0.5,M,55,Tripoli,2744,14,7,2024,Sunday,6.6000000000000005,5.1000000000000005,50+
320,2024-02-03,7,602,1,C014,Hamra,Greek Salad,Salads,6.5,2.8,M,38,Saida,463,3,2,2024,Saturday,6.5,3.7,36–50
1088,2024-02-21,18,101,2,C045,Hamra,Espresso,Coffee,2.5,0.5,F,48,Tyre,726,21,2,2024,Wednesday,5.0,4.0,36–50
1920,2024-04-21,16,704,1,C077,Hamra,Mafroukeh Dessert,Desserts,6.5,2.5,M,30,Zahle,1564,21,4,2024,Sunday,6.5,4.0,26–35
4174,2024-09-08,18,404,1,C167,Hamra,Keshek Manoushe,Manakish,4.0,0.7,F,25,Jounieh,3526,8,9,2024,Sunday,4.0,3.3,16–25
1627,2024-03-22,7,309,1,C066,Hamra,Chocolate Milkshake,Shakes,5.5,1.8,M,22,Zahle,1135,22,3,2024,Friday,5.5,3.7,16–25
777,2024-08-19,19,301,1,C032,Hamra,Lemonade,Cold Drinks,3.0,0.8,M,49,Beirut,3247,19,8,2024,Monday,3.0,2.2,36–50
2411,2024-08-14,20,310,1,C096,Hamra,Strawberry Milkshake,Shakes,5.5,1.8,M,46,Zahle,3178,14,8,2024,Wednesday,5.5,3.7,36–50
1438,2024-08-20,14,308,1,C058,Hamra,Banane Avocat,Cocktails,6.5,2.5,F,22,Tripoli,3256,20,8,2024,Tuesday,6.5,4.0,16–25
2627,2024-08-08,20,403,1,C104,Hamra,Cheese Manoushe,Manakish,4.5,0.8,F,36,Jounieh,3094,8,8,2024,Thursday,4.5,3.7,36–50
1378,2024-02-11,8,605,1,C056,Hamra,Halloumi Salad,Salads,6.8,2.9,F,26,Batroun,576,11,2,2024,Sunday,6.8,3.9,26–35
3324,2024-01-21,18,301,1,C134,Hamra,Lemonade,Cold Drinks,3.0,0.8,F,60,Zahle,292,21,1,2024,Sunday,3.0,2.2,50+
1651,2024-02-11,16,601,1,C067,Hamra,Chicken Caesar Salad,Salads,7.5,3.2,M,60,Beirut,584,11,2,2024,Sunday,7.5,4.3,50+
4406,2024-04-22,11,502,2,C178,Hamra,Chicken Sub Sandwich,Sandwiches,7.0,3.0,F,33,Zahle,1573,22,4,2024,Monday,14.0,8.0,26–35
2964,2024-04-14,18,201,1,C118,Hamra,Tea,Tea,2.0,0.4,F,48,Jounieh,1468,14,4,2024,Sunday,2.0,1.6,36–50
927,2024-07-10,10,103,1,C038,Hamra,Blonde Coffee,Coffee,2.2,0.5,F,39,Saida,2678,10,7,2024,Wednesday,2.2,1.7000000000000002,36–50
3244,2024-01-17,14,205,1,C131,Hamra,Mate,Tea,2.5,0.5,F,59,Byblos,232,17,1,2024,Wednesday,2.5,2.0,50+
2824,2024-04-29,8,101,1,C112,Hamra,Espresso,Coffee,2.5,0.5,F,46,Tripoli,1668,29,4,2024,Monday,2.5,2.0,36–50
3302,2024-05-08,16,107,1,C133,Hamra,Mocha,Coffee,4.5,0.9,M,41,Beirut,1802,8,5,2024,Wednesday,4.5,3.6,36–50
3820,2024-05-09,15,101,1,C152,Hamra,Espresso,Coffee,2.5,0.5,F,39,Tripoli,1815,9,5,2024,Thursday,2.5,2.0,36–50
1316,2024-02-29,13,702,2,C054,Hamra,Lotus Crepe,Desserts,5.8,1.9,F,53,Byblos,833,29,2,2024,Thursday,11.6,7.8,50+
812,2024-02-17,19,407,3,C034,Hamra,Cheese Rolls,Appetizers,4.5,1.0,F,50,Byblos,671,17,2,2024,Saturday,13.5,10.5,36–50
937,2024-01-29,13,109,2,C039,Hamra,Hot Chocolate,Hot Drinks,3.8,0.9,M,49,Batroun,399,29,1,2024,Monday,7.6,5.8,36–50
2818,2024-04-06,7,404,1,C112,Hamra,Keshek Manoushe,Manakish,4.0,0.7,F,46,Tripoli,1345,6,4,2024,Saturday,4.0,3.3,36–50
2197,2024-01-10,20,401,1,C088,Hamra,Croissant,Bakery,3.0,0.8,F,56,Beirut,140,10,1,2024,Wednesday,3.0,2.2,50+
1186,2024-08-29,18,308,1,C048,Hamra,Banane Avocat,Cocktails,6.5,2.5,F,39,Zahle,3386,29,8,2024,Thursday,6.5,4.0,36–50
1212,2024-11-09,8,603,2,C049,Hamra,Fattoush,Salads,5.5,2.0,F,35,Tyre,4384,9,11,2024,Saturday,11.0,7.0,26–35
827,2024-08-19,10,601,3,C034,Hamra,Chicken Caesar Salad,Salads,7.5,3.2,F,50,Byblos,3238,19,8,2024,Monday,22.5,12.899999999999999,36–50
2520,2024-10-03,10,404,1,C100,Hamra,Keshek Manoushe,Manakish,4.0,0.7,F,29,Byblos,3868,3,10,2024,Thursday,4.0,3.3,26–35
3375,2024-10-10,17,705,1,C135,Hamra,Ice Cream 2 Scoops,Desserts,4.0,1.2,F,20,Byblos,3973,10,10,2024,Thursday,4.0,2.8,16–25
441,2024-07-21,20,502,1,C018,Hamra,Chicken Sub Sandwich,Sandwiches,7.0,3.0,M,19,Tripoli,2842,21,7,2024,Sunday,7.0,4.0,16–25
1744,2024-09-03,9,408,2,C070,Hamra,Fries,Appetizers,3.0,0.7,F,27,Byblos,3447,3,9,2024,Tuesday,6.0,4.6,26–35
2887,2024-10-16,13,107,2,C114,Hamra,Mocha,Coffee,4.5,0.9,F,50,Byblos,4053,16,10,2024,Wednesday,9.0,7.2,36–50
828,2024-09-20,18,202,1,C034,Hamra,Mint Tea,Tea,2.2,0.5,F,50,Byblos,3694,20,9,2024,Friday,2.2,1.7000000000000002,36–50
1260,2024-08-01,14,406,3,C051,Hamra,Kaak with Cheese,Bakery,3.5,0.8,F,48,Tripoli,2990,1,8,2024,Thursday,10.5,8.100000000000001,36–50
2648,2024-07-18,8,407,1,C105,Hamra,Cheese Rolls,Appetizers,4.5,1.0,F,27,Tripoli,2788,18,7,2024,Thursday,4.5,3.5,26–35
2315,2024-03-19,10,305,3,C093,Hamra,Avocado Shake Cocktails,Shakes,6.0,2.2,F,27,Byblos,1096,19,3,2024,Tuesday,18.0,11.399999999999999,26–35
4902,2024-12-08,20,704,3,C196,Hamra,Mafroukeh Dessert,Desserts,6.5,2.5,F,44,Zahle,4802,8,12,2024,Sunday,19.5,12.0,36–50
3582,2024-12-09,9,302,2,C142,Hamra,Lemonade Mint,Cold Drinks,3.5,1.0,F,44,Batroun,4805,9,12,2024,Monday,7.0,5.0,36–50
1715,2024-06-21,8,411,1,C069,Hamra,Mutabbal,Appetizers,4.2,1.2,F,56,Zahle,2410,21,6,2024,Friday,4.2,3.0,50+
2228,2024-03-09,18,103,1,C089,Hamra,Blonde Coffee,Coffee,2.2,0.5,F,21,Saida,964,9,3,2024,Saturday,2.2,1.7000000000000002,16–25
2590,2024-03-27,19,101,1,C103,Hamra,Espresso,Coffee,2.5,0.5,M,21,Byblos,1217,27,3,2024,Wednesday,2.5,2.0,16–25
3393,2024-04-10,20,703,1,C136,Hamra,Ashta W Banane,Cocktails Specials,7.0,2.5,M,42,Saida,1414,10,4,2024,Wednesday,7.0,4.5,36–50
3585,2024-01-08,12,402,2,C143,Hamra,Zaatar Manoushe,Manakish,3.5,0.5,M,36,Saida,104,8,1,2024,Monday,7.0,6.0,36–50
2081,2024-11-28,19,706,1,C083,Hamra,Honey Pancakes,Desserts,4.5,1.5,M,47,Byblos,4661,28,11,2024,Thursday,4.5,3.0,36–50
4668,2024-07-18,10,605,1,C187,Hamra,Halloumi Salad,Salads,6.8,2.9,F,18,Tyre,2790,18,7,2024,Thursday,6.8,3.9,16–25
251,2024-03-27,12,504,2,C011,Hamra,Halloumi Sandwich,Sandwiches,6.0,2.0,M,23,Batroun,1210,27,3,2024,Wednesday,12.0,8.0,16–25
3720,2024-02-12,8,408,1,C148,Hamra,Fries,Appetizers,3.0,0.7,M,19,Beirut,590,12,2,2024,Monday,3.0,2.3,16–25
4543,2024-04-18,18,305,1,C183,Hamra,Avocado Shake Cocktails,Shakes,6.0,2.2,M,23,Saida,1524,18,4,2024,Thursday,6.0,3.8,16–25
867,2024-05-31,10,204,1,C036,Hamra,Chamomile Tea,Tea,2.5,0.5,M,23,Beirut,2118,31,5,2024,Friday,2.5,2.0,16–25
2045,2024-01-17,17,411,1,C082,Hamra,Mutabbal,Appetizers,4.2,1.2,M,37,Tripoli,235,17,1,2024,Wednesday,4.2,3.0,36–50
3564,2024-05-12,12,105,1,C142,Hamra,Café Latte,Coffee,4.0,0.8,F,44,Batroun,1854,12,5,2024,Sunday,4.0,3.2,36–50
4632,2024-05-27,20,308,2,C186,Hamra,Banane Avocat,Cocktails,6.5,2.5,F,34,Beirut,2072,27,5,2024,Monday,13.0,8.0,26–35
930,2024-10-03,11,603,1,C038,Hamra,Fattoush,Salads,5.5,2.0,F,39,Saida,3869,3,10,2024,Thursday,5.5,3.5,36–50
2240,2024-08-19,9,205,3,C089,Hamra,Mate,Tea,2.5,0.5,F,21,Saida,3237,19,8,2024,Monday,7.5,6.0,16–25
23,2024-11-09,14,106,1,C001,Hamra,Cappuccino,Coffee,3.5,0.7,F,18,Zahle,4390,9,11,2024,Saturday,3.5,2.8,16–25
2637,2024-12-31,13,408,1,C104,Hamra,Fries,Appetizers,3.0,0.7,F,36,Jounieh,5117,31,12,2024,Tuesday,3.0,2.3,36–50
1619,2024-08-15,9,304,1,C065,Hamra,Carrot Juice,Cold Drinks,3.5,1.0,F,42,Saida,3181,15,8,2024,Thursday,3.5,2.5,36–50
9,2024-05-18,12,203,1,C001,Hamra,Green Tea,Tea,2.2,0.5,F,18,Zahle,1938,18,5,2024,Saturday,2.2,1.7000000000000002,16–25
3128,2024-07-29,10,404,1,C125,Hamra,Keshek Manoushe,Manakish,4.0,0.7,F,37,Batroun,2944,29,7,2024,Monday,4.0,3.3,36–50
1467,2024-01-28,17,106,1,C060,Hamra,Cappuccino,Coffee,3.5,0.7,F,22,Zahle,389,28,1,2024,Sunday,3.5,2.8,16–25
607,2024-02-20,11,205,1,C025,Hamra,Mate,Tea,2.5,0.5,F,25,Beirut,705,20,2,2024,Tuesday,2.5,2.0,16–25
2281,2024-09-17,17,301,1,C091,Hamra,Lemonade,Cold Drinks,3.0,0.8,M,47,Tyre,3651,17,9,2024,Tuesday,3.0,2.2,36–50
3467,2024-09-17,11,309,1,C138,Hamra,Chocolate Milkshake,Shakes,5.5,1.8,F,55,Tyre,3645,17,9,2024,Tuesday,5.5,3.7,50+
1238,2024-12-15,13,308,1,C050,Hamra,Banane Avocat,Cocktails,6.5,2.5,M,38,Jounieh,4893,15,12,2024,Sunday,6.5,4.0,36–50
3537,2024-12-17,17,701,2,C140,Hamra,Nutella Crepe,Desserts,5.5,1.8,F,50,Tripoli,4925,17,12,2024,Tuesday,11.0,7.4,36–50
2292,2024-01-08,11,110,3,C092,Hamra,Sahlab,Hot Drinks,4.0,1.0,F,32,Batroun,103,8,1,2024,Monday,12.0,9.0,26–35
784,2024-11-15,17,505,1,C032,Hamra,Turkey Sandwich,Sandwiches,5.5,2.2,M,49,Beirut,4477,15,11,2024,Friday,5.5,3.3,36–50
796,2024-05-17,9,505,1,C033,Hamra,Turkey Sandwich,Sandwiches,5.5,2.2,M,33,Batroun,1921,17,5,2024,Friday,5.5,3.3,26–35
4973,2024-02-07,16,702,3,C200,Hamra,Lotus Crepe,Desserts,5.8,1.9,M,40,Byblos,528,7,2,2024,Wednesday,17.4,11.7,36–50
631,2024-04-20,11,302,1,C026,Hamra,Lemonade Mint,Cold Drinks,3.5,1.0,M,28,Beirut,1545,20,4,2024,Saturday,3.5,2.5,26–35
1026,2024-08-07,13,702,3,C042,Hamra,Lotus Crepe,Desserts,5.8,1.9,F,26,Tripoli,3073,7,8,2024,Wednesday,17.4,11.7,26–35
4419,2024-12-02,11,602,1,C178,Hamra,Greek Salad,Salads,6.5,2.8,F,33,Zahle,4709,2,12,2024,Monday,6.5,3.7,26–35
1513,2024-08-10,11,603,2,C061,Hamra,Fattoush,Salads,5.5,2.0,F,34,Zahle,3113,10,8,2024,Saturday,11.0,7.0,26–35
986,2024-05-15,15,405,1,C041,Hamra,Lahm Baajin,Manakish,5.0,1.2,M,42,Tyre,1899,15,5,2024,Wednesday,5.0,3.8,36–50
4605,2024-09-12,9,602,3,C185,Hamra,Greek Salad,Salads,6.5,2.8,M,39,Saida,3573,12,9,2024,Thursday,19.5,11.100000000000001,36–50
3242,2024-12-25,19,604,1,C130,Hamra,Tabbouleh,Salads,5.5,2.0,F,26,Beirut,5039,25,12,2024,Wednesday,5.5,3.5,26–35
2494,2024-11-24,12,110,1,C099,Hamra,Sahlab,Hot Drinks,4.0,1.0,M,49,Zahle,4598,24,11,2024,Sunday,4.0,3.0,36–50
2450,2024-02-18,7,304,1,C098,Hamra,Carrot Juice,Cold Drinks,3.5,1.0,M,33,Tripoli,673,18,2,2024,Sunday,3.5,2.5,26–35
4945,2024-10-18,16,404,1,C198,Hamra,Keshek Manoushe,Manakish,4.0,0.7,F,29,Tyre,4084,18,10,2024,Friday,4.0,3.3,26–35
766,2024-11-19,11,102,2,C031,Hamra,Turkish Coffee,Coffee,2.0,0.4,M,18,Jounieh,4527,19,11,2024,Tuesday,4.0,3.2,16–25
3791,2024-03-18,14,411,1,C151,Hamra,Mutabbal,Appetizers,4.2,1.2,M,21,Saida,1086,18,3,2024,Monday,4.2,3.0,16–25
4512,2024-04-14,11,304,3,C182,Hamra,Carrot Juice,Cold Drinks,3.5,1.0,F,55,Zahle,1461,14,4,2024,Sunday,10.5,7.5,50+
2905,2024-06-17,15,107,1,C115,Hamra,Mocha,Coffee,4.5,0.9,F,36,Byblos,2361,17,6,2024,Monday,4.5,3.6,36–50
3913,2024-08-04,17,401,2,C156,Hamra,Croissant,Bakery,3.0,0.8,M,52,Jounieh,3035,4,8,2024,Sunday,6.0,4.4,50+
3709,2024-04-28,12,205,1,C147,Hamra,Mate,Tea,2.5,0.5,M,31,Saida,1658,28,4,2024,Sunday,2.5,2.0,26–35
1183,2024-07-08,14,605,3,C048,Hamra,Halloumi Salad,Salads,6.8,2.9,F,39,Zahle,2654,8,7,2024,Monday,20.4,11.7,36–50
43,2024-09-11,16,502,3,C002,Hamra,Chicken Sub Sandwich,Sandwiches,7.0,3.0,F,37,Zahle,3566,11,9,2024,Wednesday,21.0,12.0,36–50
3499,2024-09-22,14,103,1,C139,Hamra,Blonde Coffee,Coffee,2.2,0.5,M,33,Saida,3718,22,9,2024,Sunday,2.2,1.7000000000000002,26–35
4270,2024-05-28,19,502,2,C172,Hamra,Chicken Sub Sandwich,Sandwiches,7.0,3.0,F,21,Zahle,2085,28,5,2024,Tuesday,14.0,8.0,16–25
2539,2024-06-12,9,301,2,C101,Hamra,Lemonade,Cold Drinks,3.0,0.8,M,44,Byblos,2285,12,6,2024,Wednesday,6.0,4.4,36–50
4663,2024-05-19,13,102,1,C187,Hamra,Turkish Coffee,Coffee,2.0,0.4,F,18,Tyre,1953,19,5,2024,Sunday,2.0,1.6,16–25
3195,2024-12-12,20,406,1,C128,Hamra,Kaak with Cheese,Bakery,3.5,0.8,M,36,Batroun,4858,12,12,2024,Thursday,3.5,2.7,36–50
1458,2024-09-14,13,403,1,C059,Hamra,Cheese Manoushe,Manakish,4.5,0.8,F,31,Jounieh,3605,14,9,2024,Saturday,4.5,3.7,26–35
3018,2024-09-25,20,107,2,C120,Hamra,Mocha,Coffee,4.5,0.9,F,50,Zahle,3766,25,9,2024,Wednesday,9.0,7.2,36–50
926,2024-06-29,16,405,1,C038,Hamra,Lahm Baajin,Manakish,5.0,1.2,F,39,Saida,2530,29,6,2024,Saturday,5.0,3.8,36–50
3837,2024-06-08,18,601,1,C153,Hamra,Chicken Caesar Salad,Salads,7.5,3.2,M,41,Jounieh,2238,8,6,2024,Saturday,7.5,4.3,36–50
2708,2024-12-16,12,107,1,C107,Hamra,Mocha,Coffee,4.5,0.9,M,18,Tyre,4906,16,12,2024,Monday,4.5,3.6,16–25
525,2024-10-14,18,411,1,C021,Hamra,Mutabbal,Appetizers,4.2,1.2,F,58,Batroun,4030,14,10,2024,Monday,4.2,3.0,50+
1032,2024-10-14,13,404,2,C042,Hamra,Keshek Manoushe,Manakish,4.0,0.7,F,26,Tripoli,4025,14,10,2024,Monday,8.0,6.6,26–35
4108,2024-08-13,20,309,3,C164,Hamra,Chocolate Milkshake,Shakes,5.5,1.8,F,53,Batroun,3164,13,8,2024,Tuesday,16.5,11.100000000000001,50+
3418,2024-01-11,8,705,1,C137,Hamra,Ice Cream 2 Scoops,Desserts,4.0,1.2,F,30,Saida,142,11,1,2024,Thursday,4.0,2.8,26–35
3510,2024-01-10,15,503,1,C140,Hamra,BBQ Chicken Sandwich,Sandwiches,7.5,3.2,F,50,Tripoli,135,10,1,2024,Wednesday,7.5,4.3,36–50
235,2024-09-27,16,104,2,C010,Hamra,Americano,Coffee,3.0,0.6,F,49,Tyre,3790,27,9,2024,Friday,6.0,4.8,36–50
4673,2024-09-29,16,404,1,C187,Hamra,Keshek Manoushe,Manakish,4.0,0.7,F,18,Tyre,3818,29,9,2024,Sunday,4.0,3.3,16–25
3309,2024-07-01,7,602,1,C133,Hamra,Greek Salad,Salads,6.5,2.8,M,41,Beirut,2549,1,7,2024,Monday,6.5,3.7,36–50
798,2024-06-01,7,105,1,C033,Hamra,Café Latte,Coffee,4.0,0.8,M,33,Batroun,2129,1,6,2024,Saturday,4.0,3.2,26–35
1726,2024-11-10,9,404,1,C069,Hamra,Keshek Manoushe,Manakish,4.0,0.7,F,56,Zahle,4399,10,11,2024,Sunday,4.0,3.3,50+
2011,2024-11-29,20,405,1,C080,Hamra,Lahm Baajin,Manakish,5.0,1.2,F,40,Saida,4676,29,11,2024,Friday,5.0,3.8,36–50
4769,2024-05-03,9,404,2,C191,Hamra,Keshek Manoushe,Manakish,4.0,0.7,M,60,Byblos,1725,3,5,2024,Friday,8.0,6.6,50+
2533,2024-04-23,7,401,1,C101,Hamra,Croissant,Bakery,3.0,0.8,M,44,Byblos,1583,23,4,2024,Tuesday,3.0,2.2,36–50
714,2024-10-04,18,304,2,C029,Hamra,Carrot Juice,Cold Drinks,3.5,1.0,F,24,Tripoli,3890,4,10,2024,Friday,7.0,5.0,16–25
3688,2024-07-31,13,401,1,C146,Hamra,Croissant,Bakery,3.0,0.8,M,27,Beirut,2975,31,7,2024,Wednesday,3.0,2.2,26–35
3332,2024-06-20,10,501,1,C134,Hamra,Shish Tawouk Sandwich,Sandwiches,6.5,2.5,F,60,Zahle,2398,20,6,2024,Thursday,6.5,4.0,50+
1307,2024-10-14,16,402,2,C053,Hamra,Zaatar Manoushe,Manakish,3.5,0.5,F,46,Batroun,4028,14,10,2024,Monday,7.0,6.0,36–50
4005,2024-06-22,19,405,1,C160,Hamra,Lahm Baajin,Manakish,5.0,1.2,M,20,Beirut,2435,22,6,2024,Saturday,5.0,3.8,16–25
3103,2024-04-22,8,704,1,C124,Hamra,Mafroukeh Dessert,Desserts,6.5,2.5,M,52,Tyre,1570,22,4,2024,Monday,6.5,4.0,50+
1015,2024-05-01,16,706,1,C042,Hamra,Honey Pancakes,Desserts,4.5,1.5,F,26,Tripoli,1704,1,5,2024,Wednesday,4.5,3.0,26–35
1142,2024-02-01,11,405,1,C047,Hamra,Lahm Baajin,Manakish,5.0,1.2,M,24,Jounieh,439,1,2,2024,Thursday,5.0,3.8,16–25
3986,2024-08-09,12,103,2,C159,Hamra,Blonde Coffee,Coffee,2.2,0.5,M,59,Tripoli,3100,9,8,2024,Friday,4.4,3.4000000000000004,50+
4745,2024-04-28,15,601,1,C190,Hamra,Chicken Caesar Salad,Salads,7.5,3.2,M,30,Beirut,1661,28,4,2024,Sunday,7.5,4.3,26–35
4560,2024-02-08,10,107,2,C184,Hamra,Mocha,Coffee,4.5,0.9,M,25,Batroun,536,8,2,2024,Thursday,9.0,7.2,16–25
259,2024-09-24,8,702,1,C011,Hamra,Lotus Crepe,Desserts,5.8,1.9,M,23,Batroun,3740,24,9,2024,Tuesday,5.8,3.9,16–25
3872,2024-08-20,11,109,1,C154,Hamra,Hot Chocolate,Hot Drinks,3.8,0.9,F,25,Tripoli,3253,20,8,2024,Tuesday,3.8,2.9,16–25
3880,2024-01-18,9,706,3,C155,Hamra,Honey Pancakes,Desserts,4.5,1.5,M,24,Byblos,241,18,1,2024,Thursday,13.5,9.0,16–25
2070,2024-05-28,8,505,2,C083,Hamra,Turkey Sandwich,Sandwiches,5.5,2.2,M,47,Byblos,2074,28,5,2024,Tuesday,11.0,6.6,36–50
4594,2024-05-28,18,506,1,C185,Hamra,Steak Sandwich,Sandwiches,9.0,4.0,M,39,Saida,2084,28,5,2024,Tuesday,9.0,5.0,36–50
2744,2024-05-05,7,203,1,C109,Hamra,Green Tea,Tea,2.2,0.5,M,29,Jounieh,1751,5,5,2024,Sunday,2.2,1.7000000000000002,26–35
664,2024-10-28,16,205,1,C027,Hamra,Mate,Tea,2.5,0.5,F,46,Byblos,4224,28,10,2024,Monday,2.5,2.0,36–50
4680,2024-12-25,8,105,1,C187,Hamra,Café Latte,Coffee,4.0,0.8,F,18,Tyre,5028,25,12,2024,Wednesday,4.0,3.2,16–25
1538,2024-08-25,12,404,2,C062,Hamra,Keshek Manoushe,Manakish,4.0,0.7,F,50,Tyre,3324,25,8,2024,Sunday,8.0,6.6,36–50
3727,2024-05-14,14,410,2,C148,Hamra,Hummus,Appetizers,4.0,1.2,M,19,Beirut,1884,14,5,2024,Tuesday,8.0,5.6,16–25
3251,2024-05-30,19,402,1,C131,Hamra,Zaatar Manoushe,Manakish,3.5,0.5,F,59,Byblos,2113,30,5,2024,Thursday,3.5,3.0,50+
3636,2024-08-23,9,402,2,C144,Hamra,Zaatar Manoushe,Manakish,3.5,0.5,F,39,Batroun,3293,23,8,2024,Friday,7.0,6.0,36–50
2599,2024-08-11,17,108,1,C103,Hamra,Caramel Latte,Coffee,4.8,1.0,M,21,Byblos,3133,11,8,2024,Sunday,4.8,3.8,16–25
1072,2024-07-21,15,407,1,C044,Hamra,Cheese Rolls,Appetizers,4.5,1.0,F,20,Zahle,2837,21,7,2024,Sunday,4.5,3.5,16–25
2326,2024-09-12,18,305,1,C093,Hamra,Avocado Shake Cocktails,Shakes,6.0,2.2,F,27,Byblos,3582,12,9,2024,Thursday,6.0,3.8,26–35
721,2024-03-26,15,110,3,C030,Hamra,Sahlab,Hot Drinks,4.0,1.0,M,23,Saida,1199,26,3,2024,Tuesday,12.0,9.0,16–25
4194,2024-05-29,8,203,2,C168,Hamra,Green Tea,Tea,2.2,0.5,F,47,Tyre,2088,29,5,2024,Wednesday,4.4,3.4000000000000004,36–50
2995,2024-08-22,14,404,1,C119,Hamra,Keshek Manoushe,Manakish,4.0,0.7,F,42,Tyre,3284,22,8,2024,Thursday,4.0,3.3,36–50
4835,2024-12-10,16,410,1,C193,Hamra,Hummus,Appetizers,4.0,1.2,M,48,Byblos,4826,10,12,2024,Tuesday,4.0,2.8,36–50
697,2024-01-22,17,108,3,C029,Hamra,Caramel Latte,Coffee,4.8,1.0,F,24,Tripoli,305,22,1,2024,Monday,14.399999999999999,11.399999999999999,16–25
742,2024-12-13,18,404,1,C030,Hamra,Keshek Manoushe,Manakish,4.0,0.7,M,23,Saida,4870,13,12,2024,Friday,4.0,3.3,16–25
2631,2024-10-11,11,406,1,C104,Hamra,Kaak with Cheese,Bakery,3.5,0.8,F,36,Jounieh,3981,11,10,2024,Friday,3.5,2.7,36–50
2781,2024-09-25,10,505,3,C110,Hamra,Turkey Sandwich,Sandwiches,5.5,2.2,M,55,Batroun,3756,25,9,2024,Wednesday,16.5,9.899999999999999,50+
780,2024-09-14,16,405,2,C032,Hamra,Lahm Baajin,Manakish,5.0,1.2,M,49,Beirut,3608,14,9,2024,Saturday,10.0,7.6,36–50
3443,2024-01-29,11,307,1,C138,Hamra,Strawberry Cocktail,Cocktails,6.0,2.0,F,55,Tyre,397,29,1,2024,Monday,6.0,4.0,50+
1259,2024-07-31,10,306,1,C051,Hamra,Mango Cocktail,Cocktails,6.0,2.2,F,48,Tripoli,2972,31,7,2024,Wednesday,6.0,3.8,36–50
3409,2024-10-09,14,202,1,C136,Hamra,Mint Tea,Tea,2.2,0.5,M,42,Saida,3956,9,10,2024,Wednesday,2.2,1.7000000000000002,36–50
4425,2024-02-19,10,201,1,C179,Hamra,Tea,Tea,2.0,0.4,F,43,Zahle,690,19,2,2024,Monday,2.0,1.6,36–50
864,2024-04-04,19,102,3,C036,Hamra,Turkish Coffee,Coffee,2.0,0.4,M,23,Beirut,1329,4,4,2024,Thursday,6.0,4.800000000000001,16–25
1352,2024-03-28,16,703,1,C055,Hamra,Ashta W Banane,Cocktails Specials,7.0,2.5,F,44,Tyre,1228,28,3,2024,Thursday,7.0,4.5,36–50
4072,2024-02-13,18,505,2,C163,Hamra,Turkey Sandwich,Sandwiches,5.5,2.2,F,40,Beirut,614,13,2,2024,Tuesday,11.0,6.6,36–50
876,2024-10-04,19,102,1,C036,Hamra,Turkish Coffee,Coffee,2.0,0.4,M,23,Beirut,3891,4,10,2024,Friday,2.0,1.6,16–25
1386,2024-06-19,20,409,1,C056,Hamra,Pita Chips,Appetizers,2.5,0.6,F,26,Batroun,2394,19,6,2024,Wednesday,2.5,1.9,26–35
871,2024-07-07,12,103,1,C036,Hamra,Blonde Coffee,Coffee,2.2,0.5,M,23,Beirut,2638,7,7,2024,Sunday,2.2,1.7000000000000002,16–25
2248,2024-12-18,8,301,2,C089,Hamra,Lemonade,Cold Drinks,3.0,0.8,F,21,Saida,4930,18,12,2024,Wednesday,6.0,4.4,16–25
4722,2024-07-02,11,704,1,C189,Hamra,Mafroukeh Dessert,Desserts,6.5,2.5,F,43,Tripoli,2567,2,7,2024,Tuesday,6.5,4.0,36–50
1523,2024-01-03,12,104,1,C062,Hamra,Americano,Coffee,3.0,0.6,F,50,Tyre,34,3,1,2024,Wednesday,3.0,2.4,36–50
2747,2024-07-09,11,308,1,C109,Hamra,Banane Avocat,Cocktails,6.5,2.5,M,29,Jounieh,2665,9,7,2024,Tuesday,6.5,4.0,26–35
2179,2024-04-27,18,703,1,C087,Hamra,Ashta W Banane,Cocktails Specials,7.0,2.5,F,60,Batroun,1650,27,4,2024,Saturday,7.0,4.5,50+
3831,2024-01-19,8,305,1,C153,Hamra,Avocado Shake Cocktails,Shakes,6.0,2.2,M,41,Jounieh,254,19,1,2024,Friday,6.0,3.8,36–50
1580,2024-01-23,20,310,1,C064,Hamra,Strawberry Milkshake,Shakes,5.5,1.8,M,26,Jounieh,322,23,1,2024,Tuesday,5.5,3.7,26–35
4683,2024-01-30,13,405,1,C188,Hamra,Lahm Baajin,Manakish,5.0,1.2,M,26,Jounieh,413,30,1,2024,Tuesday,5.0,3.8,26–35
1417,2024-10-21,10,303,1,C057,Hamra,Fresh Orange Juice,Cold Drinks,3.5,1.0,M,37,Batroun,4120,21,10,2024,Monday,3.5,2.5,36–50
2849,2024-04-17,14,506,1,C113,Hamra,Steak Sandwich,Sandwiches,9.0,4.0,F,27,Beirut,1506,17,4,2024,Wednesday,9.0,5.0,26–35
1746,2024-10-07,13,201,1,C070,Hamra,Tea,Tea,2.0,0.4,F,27,Byblos,3927,7,10,2024,Monday,2.0,1.6,26–35
4463,2024-05-07,13,404,1,C180,Hamra,Keshek Manoushe,Manakish,4.0,0.7,M,20,Jounieh,1785,7,5,2024,Tuesday,4.0,3.3,16–25
4577,2024-08-16,15,302,1,C184,Hamra,Lemonade Mint,Cold Drinks,3.5,1.0,M,25,Batroun,3201,16,8,2024,Friday,3.5,2.5,16–25
4767,2024-04-20,7,401,1,C191,Hamra,Croissant,Bakery,3.0,0.8,M,60,Byblos,1541,20,4,2024,Saturday,3.0,2.2,50+
4889,2024-05-15,16,308,2,C196,Hamra,Banane Avocat,Cocktails,6.5,2.5,F,44,Zahle,1900,15,5,2024,Wednesday,13.0,8.0,36–50
507,2024-12-27,12,705,1,C020,Hamra,Ice Cream 2 Scoops,Desserts,4.0,1.2,M,55,Tyre,5060,27,12,2024,Friday,4.0,2.8,50+
1326,2024-07-04,12,701,1,C054,Hamra,Nutella Crepe,Desserts,5.5,1.8,F,53,Byblos,2596,4,7,2024,Thursday,5.5,3.7,50+
10,2024-05-23,12,305,1,C001,Hamra,Avocado Shake Cocktails,Shakes,6.0,2.2,F,18,Zahle,2008,23,5,2024,Thursday,6.0,3.8,16–25
2254,2024-03-12,19,603,2,C090,Hamra,Fattoush,Salads,5.5,2.0,F,20,Beirut,1007,12,3,2024,Tuesday,11.0,7.0,16–25
3455,2024-05-08,18,102,2,C138,Hamra,Turkish Coffee,Coffee,2.0,0.4,F,55,Tyre,1804,8,5,2024,Wednesday,4.0,3.2,50+
3809,2024-12-29,12,309,1,C151,Hamra,Chocolate Milkshake,Shakes,5.5,1.8,M,21,Saida,5088,29,12,2024,Sunday,5.5,3.7,16–25
4444,2024-09-17,18,406,1,C179,Hamra,Kaak with Cheese,Bakery,3.5,0.8,F,43,Zahle,3652,17,9,2024,Tuesday,3.5,2.7,36–50
2843,2024-01-03,16,402,1,C113,Hamra,Zaatar Manoushe,Manakish,3.5,0.5,F,27,Beirut,38,3,1,2024,Wednesday,3.5,3.0,26–35
3817,2024-04-13,13,102,3,C152,Hamra,Turkish Coffee,Coffee,2.0,0.4,F,39,Tripoli,1449,13,4,2024,Saturday,6.0,4.800000000000001,36–50
310,2024-08-11,20,204,2,C013,Hamra,Chamomile Tea,Tea,2.5,0.5,M,29,Beirut,3136,11,8,2024,Sunday,5.0,4.0,26–35
3944,2024-11-15,16,104,1,C157,Hamra,Americano,Coffee,3.0,0.6,F,30,Jounieh,4476,15,11,2024,Friday,3.0,2.4,26–35
4650,2024-12-27,12,702,2,C186,Hamra,Lotus Crepe,Desserts,5.8,1.9,F,34,Beirut,5060,27,12,2024,Friday,11.6,7.8,26–35
2786,2024-12-19,7,203,2,C110,Hamra,Green Tea,Tea,2.2,0.5,M,55,Batroun,4943,19,12,2024,Thursday,4.4,3.4000000000000004,50+
2268,2024-01-10,9,411,1,C091,Hamra,Mutabbal,Appetizers,4.2,1.2,M,47,Tyre,129,10,1,2024,Wednesday,4.2,3.0,36–50
2380,2024-10-28,8,410,1,C095,Hamra,Hummus,Appetizers,4.0,1.2,M,40,Zahle,4216,28,10,2024,Monday,4.0,2.8,36–50
1050,2024-08-18,12,602,1,C043,Hamra,Greek Salad,Salads,6.5,2.8,M,42,Tyre,3226,18,8,2024,Sunday,6.5,3.7,36–50
3461,2024-08-06,14,108,1,C138,Hamra,Caramel Latte,Coffee,4.8,1.0,F,55,Tyre,3060,6,8,2024,Tuesday,4.8,3.8,50+
3976,2024-03-06,9,102,2,C159,Hamra,Turkish Coffee,Coffee,2.0,0.4,M,59,Tripoli,913,6,3,2024,Wednesday,4.0,3.2,50+
1846,2024-04-21,16,106,1,C074,Hamra,Cappuccino,Coffee,3.5,0.7,M,29,Saida,1564,21,4,2024,Sunday,3.5,2.8,26–35
318,2024-01-13,14,406,2,C014,Hamra,Kaak with Cheese,Bakery,3.5,0.8,M,38,Saida,176,13,1,2024,Saturday,7.0,5.4,36–50
2481,2024-03-26,14,110,3,C099,Hamra,Sahlab,Hot Drinks,4.0,1.0,M,49,Zahle,1198,26,3,2024,Tuesday,12.0,9.0,36–50
2749,2024-08-21,11,602,1,C109,Hamra,Greek Salad,Salads,6.5,2.8,M,29,Jounieh,3267,21,8,2024,Wednesday,6.5,3.7,26–35
4047,2024-03-30,14,306,1,C162,Hamra,Mango Cocktail,Cocktails,6.0,2.2,F,37,Saida,1254,30,3,2024,Saturday,6.0,3.8,36–50
3673,2024-11-09,12,506,2,C145,Hamra,Steak Sandwich,Sandwiches,9.0,4.0,F,55,Saida,4388,9,11,2024,Saturday,18.0,10.0,50+
3740,2024-02-23,11,110,2,C149,Hamra,Sahlab,Hot Drinks,4.0,1.0,M,40,Beirut,747,23,2,2024,Friday,8.0,6.0,36–50
2387,2024-01-12,15,308,2,C096,Hamra,Banane Avocat,Cocktails,6.5,2.5,M,46,Zahle,163,12,1,2024,Friday,13.0,8.0,36–50
4871,2024-07-27,20,103,1,C195,Hamra,Blonde Coffee,Coffee,2.2,0.5,M,26,Saida,2926,27,7,2024,Saturday,2.2,1.7000000000000002,26–35
1421,2024-01-14,13,407,1,C058,Hamra,Cheese Rolls,Appetizers,4.5,1.0,F,22,Tripoli,189,14,1,2024,Sunday,4.5,3.5,16–25
3394,2024-04-30,14,305,1,C136,Hamra,Avocado Shake Cocktails,Shakes,6.0,2.2,M,42,Saida,1688,30,4,2024,Tuesday,6.0,3.8,36–50
2388,2024-01-20,7,110,3,C096,Hamra,Sahlab,Hot Drinks,4.0,1.0,M,46,Zahle,267,20,1,2024,Saturday,12.0,9.0,36–50
914,2024-03-15,17,404,1,C038,Hamra,Keshek Manoushe,Manakish,4.0,0.7,F,39,Saida,1047,15,3,2024,Friday,4.0,3.3,36–50
3873,2024-08-30,8,505,3,C154,Hamra,Turkey Sandwich,Sandwiches,5.5,2.2,F,25,Tripoli,3390,30,8,2024,Friday,16.5,9.899999999999999,16–25
1598,2024-08-10,14,705,1,C064,Hamra,Ice Cream 2 Scoops,Desserts,4.0,1.2,M,26,Jounieh,3116,10,8,2024,Saturday,4.0,2.8,26–35
3952,2024-03-10,18,704,3,C158,Hamra,Mafroukeh Dessert,Desserts,6.5,2.5,F,26,Batroun,978,10,3,2024,Sunday,19.5,12.0,26–35
212,2024-11-07,15,604,1,C009,Hamra,Tabbouleh,Salads,5.5,2.0,M,21,Beirut,4363,7,11,2024,Thursday,5.5,3.5,16–25
3048,2024-07-29,10,409,1,C121,Hamra,Pita Chips,Appetizers,2.5,0.6,F,53,Batroun,2944,29,7,2024,Monday,2.5,1.9,50+
773,2024-04-10,18,501,1,C032,Hamra,Shish Tawouk Sandwich,Sandwiches,6.5,2.5,M,49,Beirut,1412,10,4,2024,Wednesday,6.5,4.0,36–50
258,2024-07-04,16,305,1,C011,Hamra,Avocado Shake Cocktails,Shakes,6.0,2.2,M,23,Batroun,2600,4,7,2024,Thursday,6.0,3.8,16–25
4051,2024-05-11,17,108,1,C162,Hamra,Caramel Latte,Coffee,4.8,1.0,F,37,Saida,1845,11,5,2024,Saturday,4.8,3.8,36–50
2643,2024-04-20,16,107,1,C105,Hamra,Mocha,Coffee,4.5,0.9,F,27,Tripoli,1550,20,4,2024,Saturday,4.5,3.6,26–35
3684,2024-05-11,20,106,1,C146,Hamra,Cappuccino,Coffee,3.5,0.7,M,27,Beirut,1848,11,5,2024,Saturday,3.5,2.8,26–35
3703,2024-01-20,15,201,1,C147,Hamra,Tea,Tea,2.0,0.4,M,31,Saida,275,20,1,2024,Saturday,2.0,1.6,26–35
4506,2024-01-24,10,602,2,C182,Hamra,Greek Salad,Salads,6.5,2.8,F,55,Zahle,326,24,1,2024,Wednesday,13.0,7.4,50+
2054,2024-08-14,16,303,1,C082,Hamra,Fresh Orange Juice,Cold Drinks,3.5,1.0,M,37,Tripoli,3174,14,8,2024,Wednesday,3.5,2.5,36–50
893,2024-06-02,16,704,1,C037,Hamra,Mafroukeh Dessert,Desserts,6.5,2.5,M,28,Beirut,2152,2,6,2024,Sunday,6.5,4.0,26–35
2059,2024-10-19,16,506,2,C082,Hamra,Steak Sandwich,Sandwiches,9.0,4.0,M,37,Tripoli,4098,19,10,2024,Saturday,18.0,10.0,36–50
279,2024-08-17,15,404,1,C012,Hamra,Keshek Manoushe,Manakish,4.0,0.7,F,60,Beirut,3215,17,8,2024,Saturday,4.0,3.3,50+
95,2024-11-05,17,310,3,C004,Hamra,Strawberry Milkshake,Shakes,5.5,1.8,M,23,Tyre,4337,5,11,2024,Tuesday,16.5,11.100000000000001,16–25
1056,2024-12-24,13,306,1,C043,Hamra,Mango Cocktail,Cocktails,6.0,2.2,M,42,Tyre,5019,24,12,2024,Tuesday,6.0,3.8,36–50
3888,2024-07-20,8,604,1,C155,Hamra,Tabbouleh,Salads,5.5,2.0,M,24,Byblos,2816,20,7,2024,Saturday,5.5,3.5,16–25
1243,2024-02-07,15,103,1,C051,Hamra,Blonde Coffee,Coffee,2.2,0.5,F,48,Tripoli,527,7,2,2024,Wednesday,2.2,1.7000000000000002,36–50
115,2024-09-16,10,303,1,C005,Hamra,Fresh Orange Juice,Cold Drinks,3.5,1.0,M,33,Beirut,3630,16,9,2024,Monday,3.5,2.5,26–35
3335,2024-07-06,14,309,1,C134,Hamra,Chocolate Milkshake,Shakes,5.5,1.8,F,60,Zahle,2626,6,7,2024,Saturday,5.5,3.7,50+
2174,2024-02-26,20,605,1,C087,Hamra,Halloumi Salad,Salads,6.8,2.9,F,60,Batroun,798,26,2,2024,Monday,6.8,3.9,50+
2661,2024-01-20,13,502,1,C106,Hamra,Chicken Sub Sandwich,Sandwiches,7.0,3.0,F,59,Tripoli,273,20,1,2024,Saturday,7.0,4.0,50+
1391,2024-09-29,19,110,1,C056,Hamra,Sahlab,Hot Drinks,4.0,1.0,F,26,Batroun,3821,29,9,2024,Sunday,4.0,3.0,26–35
2766,2024-04-28,13,402,1,C110,Hamra,Zaatar Manoushe,Manakish,3.5,0.5,M,55,Batroun,1659,28,4,2024,Sunday,3.5,3.0,50+
1680,2024-03-11,14,202,1,C068,Hamra,Mint Tea,Tea,2.2,0.5,F,21,Beirut,988,11,3,2024,Monday,2.2,1.7000000000000002,16–25
2386,2024-01-04,7,107,1,C096,Hamra,Mocha,Coffee,4.5,0.9,M,46,Zahle,43,4,1,2024,Thursday,4.5,3.6,36–50
1073,2024-08-08,11,302,1,C044,Hamra,Lemonade Mint,Cold Drinks,3.5,1.0,F,20,Zahle,3085,8,8,2024,Thursday,3.5,2.5,16–25
3586,2024-01-14,8,101,1,C143,Hamra,Espresso,Coffee,2.5,0.5,M,36,Saida,184,14,1,2024,Sunday,2.5,2.0,36–50
2250,2024-01-03,8,703,1,C090,Hamra,Ashta W Banane,Cocktails Specials,7.0,2.5,F,20,Beirut,30,3,1,2024,Wednesday,7.0,4.5,16–25
1024,2024-08-03,7,401,1,C042,Hamra,Croissant,Bakery,3.0,0.8,F,26,Tripoli,3011,3,8,2024,Saturday,3.0,2.2,26–35
3496,2024-08-16,11,205,1,C139,Hamra,Mate,Tea,2.5,0.5,M,33,Saida,3197,16,8,2024,Friday,2.5,2.0,26–35
1834,2024-12-01,8,704,1,C073,Hamra,Mafroukeh Dessert,Desserts,6.5,2.5,F,54,Saida,4692,1,12,2024,Sunday,6.5,4.0,50+
257,2024-07-04,10,408,1,C011,Hamra,Fries,Appetizers,3.0,0.7,M,23,Batroun,2594,4,7,2024,Thursday,3.0,2.3,16–25
4842,2024-02-24,9,501,1,C194,Hamra,Shish Tawouk Sandwich,Sandwiches,6.5,2.5,F,18,Jounieh,759,24,2,2024,Saturday,6.5,4.0,16–25
3891,2024-09-10,9,605,1,C155,Hamra,Halloumi Salad,Salads,6.8,2.9,M,24,Byblos,3545,10,9,2024,Tuesday,6.8,3.9,16–25
1423,2024-01-24,8,406,1,C058,Hamra,Kaak with Cheese,Bakery,3.5,0.8,F,22,Tripoli,324,24,1,2024,Wednesday,3.5,2.7,16–25
4980,2024-06-10,19,410,1,C200,Hamra,Hummus,Appetizers,4.0,1.2,M,40,Byblos,2267,10,6,2024,Monday,4.0,2.8,36–50
3187,2024-06-06,12,101,1,C128,Hamra,Espresso,Coffee,2.5,0.5,M,36,Batroun,2204,6,6,2024,Thursday,2.5,2.0,36–50
514,2024-03-22,8,108,1,C021,Hamra,Caramel Latte,Coffee,4.8,1.0,F,58,Batroun,1136,22,3,2024,Friday,4.8,3.8,50+
518,2024-06-07,20,202,2,C021,Hamra,Mint Tea,Tea,2.2,0.5,F,58,Batroun,2226,7,6,2024,Friday,4.4,3.4000000000000004,50+
1801,2024-07-06,20,304,2,C072,Hamra,Carrot Juice,Cold Drinks,3.5,1.0,F,59,Jounieh,2632,6,7,2024,Saturday,7.0,5.0,50+
3201,2024-02-29,14,310,1,C129,Hamra,Strawberry Milkshake,Shakes,5.5,1.8,F,58,Byblos,834,29,2,2024,Thursday,5.5,3.7,50+
2577,2024-10-31,14,407,1,C102,Hamra,Cheese Rolls,Appetizers,4.5,1.0,M,29,Tripoli,4264,31,10,2024,Thursday,4.5,3.5,26–35
4648,2024-11-14,19,202,1,C186,Hamra,Mint Tea,Tea,2.2,0.5,F,34,Beirut,4465,14,11,2024,Thursday,2.2,1.7000000000000002,26–35
316,2024-12-31,20,203,2,C013,Hamra,Green Tea,Tea,2.2,0.5,M,29,Beirut,5124,31,12,2024,Tuesday,4.4,3.4000000000000004,26–35
1820,2024-07-29,18,403,1,C073,Hamra,Cheese Manoushe,Manakish,4.5,0.8,F,54,Saida,2952,29,7,2024,Monday,4.5,3.7,50+
133,2024-05-31,11,101,3,C006,Hamra,Espresso,Coffee,2.5,0.5,F,44,Tripoli,2119,31,5,2024,Friday,7.5,6.0,36–50
2821,2024-04-18,16,704,1,C112,Hamra,Mafroukeh Dessert,Desserts,6.5,2.5,F,46,Tripoli,1522,18,4,2024,Thursday,6.5,4.0,36–50
4626,2024-03-16,13,106,1,C186,Hamra,Cappuccino,Coffee,3.5,0.7,F,34,Beirut,1057,16,3,2024,Saturday,3.5,2.8,26–35
400,2024-01-30,10,108,1,C017,Hamra,Caramel Latte,Coffee,4.8,1.0,M,34,Byblos,410,30,1,2024,Tuesday,4.8,3.8,26–35
1832,2024-11-09,7,104,1,C073,Hamra,Americano,Coffee,3.0,0.6,F,54,Saida,4383,9,11,2024,Saturday,3.0,2.4,50+
272,2024-04-26,17,105,1,C012,Hamra,Café Latte,Coffee,4.0,0.8,F,60,Beirut,1635,26,4,2024,Friday,4.0,3.2,50+
2169,2024-12-21,8,310,1,C086,Hamra,Strawberry Milkshake,Shakes,5.5,1.8,M,33,Tripoli,4972,21,12,2024,Saturday,5.5,3.7,26–35
4470,2024-07-10,16,307,1,C180,Hamra,Strawberry Cocktail,Cocktails,6.0,2.0,M,20,Jounieh,2684,10,7,2024,Wednesday,6.0,4.0,16–25
3061,2024-01-19,16,403,2,C122,Hamra,Cheese Manoushe,Manakish,4.5,0.8,F,41,Beirut,262,19,1,2024,Friday,9.0,7.4,36–50
1741,2024-06-21,10,503,1,C070,Hamra,BBQ Chicken Sandwich,Sandwiches,7.5,3.2,F,27,Byblos,2412,21,6,2024,Friday,7.5,4.3,26–35
2727,2024-08-15,7,308,1,C108,Hamra,Banane Avocat,Cocktails,6.5,2.5,F,21,Saida,3179,15,8,2024,Thursday,6.5,4.0,16–25
1285,2024-12-15,19,104,1,C052,Hamra,Americano,Coffee,3.0,0.6,F,28,Jounieh,4899,15,12,2024,Sunday,3.0,2.4,26–35
895,2024-07-01,14,705,2,C037,Hamra,Ice Cream 2 Scoops,Desserts,4.0,1.2,M,28,Beirut,2556,1,7,2024,Monday,8.0,5.6,26–35
2945,2024-04-22,15,104,2,C117,Hamra,Americano,Coffee,3.0,0.6,F,49,Zahle,1577,22,4,2024,Monday,6.0,4.8,36–50
69,2024-07-01,10,605,1,C003,Hamra,Halloumi Salad,Salads,6.8,2.9,F,51,Batroun,2552,1,7,2024,Monday,6.8,3.9,50+
176,2024-05-25,16,306,1,C008,Hamra,Mango Cocktail,Cocktails,6.0,2.2,F,49,Byblos,2040,25,5,2024,Saturday,6.0,3.8,36–50
3474,2024-11-14,9,501,1,C138,Hamra,Shish Tawouk Sandwich,Sandwiches,6.5,2.5,F,55,Tyre,4455,14,11,2024,Thursday,6.5,4.0,50+
1148,2024-04-25,8,505,1,C047,Hamra,Turkey Sandwich,Sandwiches,5.5,2.2,M,24,Jounieh,1612,25,4,2024,Thursday,5.5,3.3,16–25
4211,2024-04-22,11,102,1,C169,Hamra,Turkish Coffee,Coffee,2.0,0.4,M,24,Tyre,1573,22,4,2024,Monday,2.0,1.6,16–25
1599,2024-09-07,20,107,3,C064,Hamra,Mocha,Coffee,4.5,0.9,M,26,Jounieh,3514,7,9,2024,Saturday,13.5,10.8,26–35
1028,2024-09-07,9,702,1,C042,Hamra,Lotus Crepe,Desserts,5.8,1.9,F,26,Tripoli,3503,7,9,2024,Saturday,5.8,3.9,26–35
1054,2024-10-29,16,301,1,C043,Hamra,Lemonade,Cold Drinks,3.0,0.8,M,42,Tyre,4238,29,10,2024,Tuesday,3.0,2.2,36–50
3137,2024-11-08,13,302,1,C125,Hamra,Lemonade Mint,Cold Drinks,3.5,1.0,F,37,Batroun,4375,8,11,2024,Friday,3.5,2.5,36–50
3425,2024-04-27,17,305,2,C137,Hamra,Avocado Shake Cocktails,Shakes,6.0,2.2,F,30,Saida,1649,27,4,2024,Saturday,12.0,7.6,26–35
342,2024-10-27,12,308,1,C014,Hamra,Banane Avocat,Cocktails,6.5,2.5,M,38,Saida,4206,27,10,2024,Sunday,6.5,4.0,36–50
2274,2024-06-09,7,409,1,C091,Hamra,Pita Chips,Appetizers,2.5,0.6,M,47,Tyre,2241,9,6,2024,Sunday,2.5,1.9,36–50
3280,2024-07-16,18,201,1,C132,Hamra,Tea,Tea,2.0,0.4,M,33,Tyre,2770,16,7,2024,Tuesday,2.0,1.6,26–35
44,2024-09-16,14,409,1,C002,Hamra,Pita Chips,Appetizers,2.5,0.6,F,37,Zahle,3634,16,9,2024,Monday,2.5,1.9,36–50
2904,2024-05-27,8,408,2,C115,Hamra,Fries,Appetizers,3.0,0.7,F,36,Byblos,2060,27,5,2024,Monday,6.0,4.6,36–50
16,2024-08-27,11,401,1,C001,Hamra,Croissant,Bakery,3.0,0.8,F,18,Zahle,3351,27,8,2024,Tuesday,3.0,2.2,16–25
1866,2024-02-16,15,102,2,C075,Hamra,Turkish Coffee,Coffee,2.0,0.4,M,58,Saida,653,16,2,2024,Friday,4.0,3.2,50+
1617,2024-07-16,14,308,1,C065,Hamra,Banane Avocat,Cocktails,6.5,2.5,F,42,Saida,2766,16,7,2024,Tuesday,6.5,4.0,36–50
4312,2024-02-16,8,505,1,C174,Hamra,Turkey Sandwich,Sandwiches,5.5,2.2,M,20,Tyre,646,16,2,2024,Friday,5.5,3.3,16–25
4659,2024-03-18,15,307,2,C187,Hamra,Strawberry Cocktail,Cocktails,6.0,2.0,F,18,Tyre,1087,18,3,2024,Monday,12.0,8.0,16–25
3122,2024-05-03,11,409,1,C125,Hamra,Pita Chips,Appetizers,2.5,0.6,F,37,Batroun,1727,3,5,2024,Friday,2.5,1.9,36–50
3362,2024-03-15,16,205,1,C135,Hamra,Mate,Tea,2.5,0.5,F,20,Byblos,1046,15,3,2024,Friday,2.5,2.0,16–25
1647,2024-12-24,20,110,1,C066,Hamra,Sahlab,Hot Drinks,4.0,1.0,M,22,Zahle,5026,24,12,2024,Tuesday,4.0,3.0,16–25
3592,2024-05-16,12,205,1,C143,Hamra,Mate,Tea,2.5,0.5,M,36,Saida,1910,16,5,2024,Thursday,2.5,2.0,36–50
1792,2024-03-30,19,506,1,C072,Hamra,Steak Sandwich,Sandwiches,9.0,4.0,F,59,Jounieh,1259,30,3,2024,Saturday,9.0,5.0,50+
2934,2024-11-20,9,404,3,C116,Hamra,Keshek Manoushe,Manakish,4.0,0.7,F,48,Jounieh,4539,20,11,2024,Wednesday,12.0,9.899999999999999,36–50
3037,2024-03-01,19,308,3,C121,Hamra,Banane Avocat,Cocktails,6.5,2.5,F,53,Batroun,853,1,3,2024,Friday,19.5,12.0,50+
1150,2024-05-17,9,302,1,C047,Hamra,Lemonade Mint,Cold Drinks,3.5,1.0,M,24,Jounieh,1921,17,5,2024,Friday,3.5,2.5,16–25
2253,2024-02-19,16,109,1,C090,Hamra,Hot Chocolate,Hot Drinks,3.8,0.9,F,20,Beirut,696,19,2,2024,Monday,3.8,2.9,16–25
972,2024-09-15,14,703,1,C040,Hamra,Ashta W Banane,Cocktails Specials,7.0,2.5,F,26,Beirut,3620,15,9,2024,Sunday,7.0,4.5,26–35
1011,2024-04-16,17,411,1,C042,Hamra,Mutabbal,Appetizers,4.2,1.2,F,26,Tripoli,1495,16,4,2024,Tuesday,4.2,3.0,26–35
4434,2024-04-22,16,109,1,C179,Hamra,Hot Chocolate,Hot Drinks,3.8,0.9,F,43,Zahle,1578,22,4,2024,Monday,3.8,2.9,36–50
852,2024-12-15,16,301,1,C035,Hamra,Lemonade,Cold Drinks,3.0,0.8,M,33,Byblos,4896,15,12,2024,Sunday,3.0,2.2,26–35
994,2024-09-10,18,411,1,C041,Hamra,Mutabbal,Appetizers,4.2,1.2,M,42,Tyre,3554,10,9,2024,Tuesday,4.2,3.0,36–50
2132,2024-04-27,8,701,1,C085,Hamra,Nutella Crepe,Desserts,5.5,1.8,F,40,Saida,1640,27,4,2024,Saturday,5.5,3.7,36–50
3107,2024-07-16,17,704,1,C124,Hamra,Mafroukeh Dessert,Desserts,6.5,2.5,M,52,Tyre,2769,16,7,2024,Tuesday,6.5,4.0,50+
1418,2024-12-02,18,408,1,C057,Hamra,Fries,Appetizers,3.0,0.7,M,37,Batroun,4716,2,12,2024,Monday,3.0,2.3,36–50
934,2024-12-30,18,406,2,C038,Hamra,Kaak with Cheese,Bakery,3.5,0.8,F,39,Saida,5108,30,12,2024,Monday,7.0,5.4,36–50
4976,2024-02-20,8,106,1,C200,Hamra,Cappuccino,Coffee,3.5,0.7,M,40,Byblos,702,20,2,2024,Tuesday,3.5,2.8,36–50
2413,2024-09-01,19,110,1,C096,Hamra,Sahlab,Hot Drinks,4.0,1.0,M,46,Zahle,3429,1,9,2024,Sunday,4.0,3.0,36–50
3385,2024-02-04,11,301,1,C136,Hamra,Lemonade,Cold Drinks,3.0,0.8,M,42,Saida,481,4,2,2024,Sunday,3.0,2.2,36–50
1574,2024-10-28,12,104,1,C063,Hamra,Americano,Coffee,3.0,0.6,F,32,Byblos,4220,28,10,2024,Monday,3.0,2.4,26–35
2176,2024-03-09,18,307,1,C087,Hamra,Strawberry Cocktail,Cocktails,6.0,2.0,F,60,Batroun,964,9,3,2024,Saturday,6.0,4.0,50+
3290,2024-12-14,8,203,1,C132,Hamra,Green Tea,Tea,2.2,0.5,M,33,Tyre,4874,14,12,2024,Saturday,2.2,1.7000000000000002,26–35
4373,2024-11-15,11,301,3,C176,Hamra,Lemonade,Cold Drinks,3.0,0.8,M,24,Jounieh,4471,15,11,2024,Friday,9.0,6.6000000000000005,16–25
1265,2024-02-18,13,705,1,C052,Hamra,Ice Cream 2 Scoops,Desserts,4.0,1.2,F,28,Jounieh,679,18,2,2024,Sunday,4.0,2.8,26–35
913,2024-03-14,16,404,1,C038,Hamra,Keshek Manoushe,Manakish,4.0,0.7,F,39,Saida,1032,14,3,2024,Thursday,4.0,3.3,36–50
2188,2024-07-10,16,106,1,C087,Hamra,Cappuccino,Coffee,3.5,0.7,F,60,Batroun,2684,10,7,2024,Wednesday,3.5,2.8,50+
116,2024-09-17,14,401,3,C005,Hamra,Croissant,Bakery,3.0,0.8,M,33,Beirut,3648,17,9,2024,Tuesday,9.0,6.6000000000000005,26–35
3032,2024-12-21,18,201,2,C120,Hamra,Tea,Tea,2.0,0.4,F,50,Zahle,4982,21,12,2024,Saturday,4.0,3.2,36–50
1732,2024-03-10,13,309,2,C070,Hamra,Chocolate Milkshake,Shakes,5.5,1.8,F,27,Byblos,973,10,3,2024,Sunday,11.0,7.4,26–35
2848,2024-03-30,14,404,1,C113,Hamra,Keshek Manoushe,Manakish,4.0,0.7,F,27,Beirut,1254,30,3,2024,Saturday,4.0,3.3,26–35
595,2024-09-16,20,103,3,C024,Hamra,Blonde Coffee,Coffee,2.2,0.5,M,18,Tripoli,3640,16,9,2024,Monday,6.6000000000000005,5.1000000000000005,16–25
2156,2024-05-05,18,705,1,C086,Hamra,Ice Cream 2 Scoops,Desserts,4.0,1.2,M,33,Tripoli,1762,5,5,2024,Sunday,4.0,2.8,26–35
3666,2024-08-18,15,110,1,C145,Hamra,Sahlab,Hot Drinks,4.0,1.0,F,55,Saida,3229,18,8,2024,Sunday,4.0,3.0,50+
644,2024-10-21,11,101,2,C026,Hamra,Espresso,Coffee,2.5,0.5,M,28,Beirut,4121,21,10,2024,Monday,5.0,4.0,26–35
61,2024-05-08,19,705,3,C003,Hamra,Ice Cream 2 Scoops,Desserts,4.0,1.2,F,51,Batroun,1805,8,5,2024,Wednesday,12.0,8.399999999999999,50+
45,2024-10-06,11,601,1,C002,Hamra,Chicken Caesar Salad,Salads,7.5,3.2,F,37,Zahle,3911,6,10,2024,Sunday,7.5,4.3,36–50
2307,2024-11-08,17,401,1,C092,Hamra,Croissant,Bakery,3.0,0.8,F,32,Batroun,4379,8,11,2024,Friday,3.0,2.2,26–35
34,2024-04-09,16,202,1,C002,Hamra,Mint Tea,Tea,2.2,0.5,F,37,Zahle,1396,9,4,2024,Tuesday,2.2,1.7000000000000002,36–50
3787,2024-11-21,10,204,1,C150,Hamra,Chamomile Tea,Tea,2.5,0.5,M,46,Zahle,4554,21,11,2024,Thursday,2.5,2.0,36–50
1781,2024-10-23,19,310,1,C071,Hamra,Strawberry Milkshake,Shakes,5.5,1.8,F,29,Byblos,4157,23,10,2024,Wednesday,5.5,3.7,26–35
90,2024-06-30,15,108,3,C004,Hamra,Caramel Latte,Coffee,4.8,1.0,M,23,Tyre,2543,30,6,2024,Sunday,14.399999999999999,11.399999999999999,16–25
925,2024-06-22,11,601,1,C038,Hamra,Chicken Caesar Salad,Salads,7.5,3.2,F,39,Saida,2427,22,6,2024,Saturday,7.5,4.3,36–50
2609,2024-11-11,20,104,2,C103,Hamra,Americano,Coffee,3.0,0.6,M,21,Byblos,4424,11,11,2024,Monday,6.0,4.8,16–25
1755,2024-12-29,8,403,2,C070,Hamra,Cheese Manoushe,Manakish,4.5,0.8,F,27,Byblos,5084,29,12,2024,Sunday,9.0,7.4,26–35
1274,2024-07-06,16,107,1,C052,Hamra,Mocha,Coffee,4.5,0.9,F,28,Jounieh,2628,6,7,2024,Saturday,4.5,3.6,26–35
748,2024-02-26,14,110,2,C031,Hamra,Sahlab,Hot Drinks,4.0,1.0,M,18,Jounieh,792,26,2,2024,Monday,8.0,6.0,16–25
3858,2024-01-31,13,704,1,C154,Hamra,Mafroukeh Dessert,Desserts,6.5,2.5,F,25,Tripoli,427,31,1,2024,Wednesday,6.5,4.0,16–25
859,2024-03-24,14,411,1,C036,Hamra,Mutabbal,Appetizers,4.2,1.2,M,23,Beirut,1170,24,3,2024,Sunday,4.2,3.0,16–25
3865,2024-05-31,18,102,1,C154,Hamra,Turkish Coffee,Coffee,2.0,0.4,F,25,Tripoli,2126,31,5,2024,Friday,2.0,1.6,16–25
3902,2024-02-05,9,401,1,C156,Hamra,Croissant,Bakery,3.0,0.8,M,52,Jounieh,493,5,2,2024,Monday,3.0,2.2,50+
3311,2024-07-31,10,706,2,C133,Hamra,Honey Pancakes,Desserts,4.5,1.5,M,41,Beirut,2972,31,7,2024,Wednesday,9.0,6.0,36–50
2917,2024-12-29,11,703,3,C115,Hamra,Ashta W Banane,Cocktails Specials,7.0,2.5,F,36,Byblos,5087,29,12,2024,Sunday,21.0,13.5,36–50
1844,2024-04-15,12,204,1,C074,Hamra,Chamomile Tea,Tea,2.5,0.5,M,29,Saida,1476,15,4,2024,Monday,2.5,2.0,26–35
460,2024-12-07,7,301,2,C018,Hamra,Lemonade,Cold Drinks,3.0,0.8,M,19,Tripoli,4775,7,12,2024,Saturday,6.0,4.4,16–25
360,2024-08-07,10,601,1,C015,Hamra,Chicken Caesar Salad,Salads,7.5,3.2,F,52,Zahle,3070,7,8,2024,Wednesday,7.5,4.3,50+
4597,2024-06-11,17,506,2,C185,Hamra,Steak Sandwich,Sandwiches,9.0,4.0,M,39,Saida,2279,11,6,2024,Tuesday,18.0,10.0,36–50
2436,2024-08-07,18,302,1,C097,Hamra,Lemonade Mint,Cold Drinks,3.5,1.0,M,45,Batroun,3078,7,8,2024,Wednesday,3.5,2.5,36–50
117,2024-09-26,16,604,1,C005,Hamra,Tabbouleh,Salads,5.5,2.0,M,33,Beirut,3776,26,9,2024,Thursday,5.5,3.5,26–35
889,2024-04-29,19,307,1,C037,Hamra,Strawberry Cocktail,Cocktails,6.0,2.0,M,28,Beirut,1679,29,4,2024,Monday,6.0,4.0,26–35
2635,2024-12-01,11,104,1,C104,Hamra,Americano,Coffee,3.0,0.6,F,36,Jounieh,4695,1,12,2024,Sunday,3.0,2.4,36–50
2159,2024-06-30,13,304,1,C086,Hamra,Carrot Juice,Cold Drinks,3.5,1.0,M,33,Tripoli,2541,30,6,2024,Sunday,3.5,2.5,26–35
3767,2024-04-15,19,102,3,C150,Hamra,Turkish Coffee,Coffee,2.0,0.4,M,46,Zahle,1483,15,4,2024,Monday,6.0,4.800000000000001,36–50
4472,2024-08-04,11,503,1,C180,Hamra,BBQ Chicken Sandwich,Sandwiches,7.5,3.2,M,20,Jounieh,3029,4,8,2024,Sunday,7.5,4.3,16–25
357,2024-07-23,19,109,3,C015,Hamra,Hot Chocolate,Hot Drinks,3.8,0.9,F,52,Zahle,2869,23,7,2024,Tuesday,11.399999999999999,8.7,50+
404,2024-03-10,19,304,2,C017,Hamra,Carrot Juice,Cold Drinks,3.5,1.0,M,34,Byblos,979,10,3,2024,Sunday,7.0,5.0,26–35
1244,2024-02-13,7,301,1,C051,Hamra,Lemonade,Cold Drinks,3.0,0.8,F,48,Tripoli,603,13,2,2024,Tuesday,3.0,2.2,36–50
1100,2024-11-24,17,310,1,C045,Hamra,Strawberry Milkshake,Shakes,5.5,1.8,F,48,Tyre,4603,24,11,2024,Sunday,5.5,3.7,36–50
4781,2024-10-27,13,701,2,C191,Hamra,Nutella Crepe,Desserts,5.5,1.8,M,60,Byblos,4207,27,10,2024,Sunday,11.0,7.4,50+
3075,2024-08-15,14,303,1,C122,Hamra,Fresh Orange Juice,Cold Drinks,3.5,1.0,F,41,Beirut,3186,15,8,2024,Thursday,3.5,2.5,36–50
3911,2024-07-02,19,308,1,C156,Hamra,Banane Avocat,Cocktails,6.5,2.5,M,52,Jounieh,2575,2,7,2024,Tuesday,6.5,4.0,50+
4662,2024-04-16,13,706,1,C187,Hamra,Honey Pancakes,Desserts,4.5,1.5,F,18,Tyre,1491,16,4,2024,Tuesday,4.5,3.0,16–25
3743,2024-03-24,17,306,1,C149,Hamra,Mango Cocktail,Cocktails,6.0,2.2,M,40,Beirut,1173,24,3,2024,Sunday,6.0,3.8,36–50
4241,2024-12-03,20,201,3,C170,Hamra,Tea,Tea,2.0,0.4,F,23,Tripoli,4732,3,12,2024,Tuesday,6.0,4.800000000000001,16–25
4915,2024-09-06,19,503,1,C197,Hamra,BBQ Chicken Sandwich,Sandwiches,7.5,3.2,M,57,Zahle,3499,6,9,2024,Friday,7.5,4.3,50+
2061,2024-12-28,10,505,1,C082,Hamra,Turkey Sandwich,Sandwiches,5.5,2.2,M,37,Tripoli,5072,28,12,2024,Saturday,5.5,3.3,36–50
3647,2024-01-21,14,104,1,C145,Hamra,Americano,Coffee,3.0,0.6,F,55,Saida,288,21,1,2024,Sunday,3.0,2.4,50+
4894,2024-07-14,11,310,2,C196,Hamra,Strawberry Milkshake,Shakes,5.5,1.8,F,44,Zahle,2735,14,7,2024,Sunday,11.0,7.4,36–50
3368,2024-06-26,16,407,2,C135,Hamra,Cheese Rolls,Appetizers,4.5,1.0,F,20,Byblos,2488,26,6,2024,Wednesday,9.0,7.0,16–25
2220,2024-01-07,15,405,1,C089,Hamra,Lahm Baajin,Manakish,5.0,1.2,F,21,Saida,93,7,1,2024,Sunday,5.0,3.8,16–25
2527,2024-03-10,18,603,1,C101,Hamra,Fattoush,Salads,5.5,2.0,M,44,Byblos,978,10,3,2024,Sunday,5.5,3.5,36–50
966,2024-05-06,18,401,1,C040,Hamra,Croissant,Bakery,3.0,0.8,F,26,Beirut,1776,6,5,2024,Monday,3.0,2.2,26–35
4196,2024-06-08,16,411,1,C168,Hamra,Mutabbal,Appetizers,4.2,1.2,F,47,Tyre,2236,8,6,2024,Saturday,4.2,3.0,36–50
1052,2024-09-04,11,704,1,C043,Hamra,Mafroukeh Dessert,Desserts,6.5,2.5,M,42,Tyre,3463,4,9,2024,Wednesday,6.5,4.0,36–50
1817,2024-07-21,7,409,3,C073,Hamra,Pita Chips,Appetizers,2.5,0.6,F,54,Saida,2829,21,7,2024,Sunday,7.5,5.699999999999999,50+
4436,2024-05-27,18,109,1,C179,Hamra,Hot Chocolate,Hot Drinks,3.8,0.9,F,43,Zahle,2070,27,5,2024,Monday,3.8,2.9,36–50
563,2024-05-22,15,202,1,C023,Hamra,Mint Tea,Tea,2.2,0.5,M,18,Saida,1997,22,5,2024,Wednesday,2.2,1.7000000000000002,16–25
2371,2024-07-17,18,102,2,C095,Hamra,Turkish Coffee,Coffee,2.0,0.4,M,40,Zahle,2784,17,7,2024,Wednesday,4.0,3.2,36–50
4003,2024-06-02,11,502,1,C160,Hamra,Chicken Sub Sandwich,Sandwiches,7.0,3.0,M,20,Beirut,2147,2,6,2024,Sunday,7.0,4.0,16–25
3982,2024-05-21,12,105,1,C159,Hamra,Café Latte,Coffee,4.0,0.8,M,59,Tripoli,1980,21,5,2024,Tuesday,4.0,3.2,50+
424,2024-11-08,10,105,1,C017,Hamra,Café Latte,Coffee,4.0,0.8,M,34,Byblos,4372,8,11,2024,Friday,4.0,3.2,26–35
2829,2024-06-13,12,705,1,C112,Hamra,Ice Cream 2 Scoops,Desserts,4.0,1.2,F,46,Tripoli,2302,13,6,2024,Thursday,4.0,2.8,36–50
2608,2024-11-09,18,307,3,C103,Hamra,Strawberry Cocktail,Cocktails,6.0,2.0,M,21,Byblos,4394,9,11,2024,Saturday,18.0,12.0,16–25
1422,2024-01-21,14,105,1,C058,Hamra,Café Latte,Coffee,4.0,0.8,F,22,Tripoli,288,21,1,2024,Sunday,4.0,3.2,16–25
2153,2024-03-22,9,104,1,C086,Hamra,Americano,Coffee,3.0,0.6,M,33,Tripoli,1137,22,3,2024,Friday,3.0,2.4,26–35
838,2024-03-09,11,109,1,C035,Hamra,Hot Chocolate,Hot Drinks,3.8,0.9,M,33,Byblos,957,9,3,2024,Saturday,3.8,2.9,26–35
727,2024-05-10,8,404,3,C030,Hamra,Keshek Manoushe,Manakish,4.0,0.7,M,23,Saida,1822,10,5,2024,Friday,12.0,9.899999999999999,16–25
4796,2024-03-27,20,307,1,C192,Hamra,Strawberry Cocktail,Cocktails,6.0,2.0,F,27,Tripoli,1218,27,3,2024,Wednesday,6.0,4.0,26–35
4496,2024-08-05,8,402,1,C181,Hamra,Zaatar Manoushe,Manakish,3.5,0.5,F,60,Tripoli,3040,5,8,2024,Monday,3.5,3.0,50+
4449,2024-10-31,19,110,3,C179,Hamra,Sahlab,Hot Drinks,4.0,1.0,F,43,Zahle,4269,31,10,2024,Thursday,12.0,9.0,36–50
2636,2024-12-10,13,301,1,C104,Hamra,Lemonade,Cold Drinks,3.0,0.8,F,36,Jounieh,4823,10,12,2024,Tuesday,3.0,2.2,36–50
4131,2024-12-06,16,506,2,C165,Hamra,Steak Sandwich,Sandwiches,9.0,4.0,M,44,Batroun,4770,6,12,2024,Friday,18.0,10.0,36–50
3071,2024-06-09,19,506,1,C122,Hamra,Steak Sandwich,Sandwiches,9.0,4.0,F,41,Beirut,2253,9,6,2024,Sunday,9.0,5.0,36–50
3334,2024-06-26,16,704,1,C134,Hamra,Mafroukeh Dessert,Desserts,6.5,2.5,F,60,Zahle,2488,26,6,2024,Wednesday,6.5,4.0,50+
818,2024-04-26,20,110,1,C034,Hamra,Sahlab,Hot Drinks,4.0,1.0,F,50,Byblos,1638,26,4,2024,Friday,4.0,3.0,36–50
1389,2024-07-14,17,106,1,C056,Hamra,Cappuccino,Coffee,3.5,0.7,F,26,Batroun,2741,14,7,2024,Sunday,3.5,2.8,26–35
621,2024-11-22,16,702,1,C025,Hamra,Lotus Crepe,Desserts,5.8,1.9,F,25,Beirut,4574,22,11,2024,Friday,5.8,3.9,16–25
2896,2024-03-26,12,105,1,C115,Hamra,Café Latte,Coffee,4.0,0.8,F,36,Byblos,1196,26,3,2024,Tuesday,4.0,3.2,36–50
313,2024-10-15,10,106,1,C013,Hamra,Cappuccino,Coffee,3.5,0.7,M,29,Beirut,4036,15,10,2024,Tuesday,3.5,2.8,26–35
1557,2024-03-21,11,605,1,C063,Hamra,Halloumi Salad,Salads,6.8,2.9,F,32,Byblos,1125,21,3,2024,Thursday,6.8,3.9,26–35
2565,2024-05-31,7,310,1,C102,Hamra,Strawberry Milkshake,Shakes,5.5,1.8,M,29,Tripoli,2115,31,5,2024,Friday,5.5,3.7,26–35
4844,2024-03-01,13,704,3,C194,Hamra,Mafroukeh Dessert,Desserts,6.5,2.5,F,18,Jounieh,847,1,3,2024,Friday,19.5,12.0,16–25
3063,2024-03-01,14,703,1,C122,Hamra,Ashta W Banane,Cocktails Specials,7.0,2.5,F,41,Beirut,848,1,3,2024,Friday,7.0,4.5,36–50
3030,2024-12-19,15,104,3,C120,Hamra,Americano,Coffee,3.0,0.6,F,50,Zahle,4951,19,12,2024,Thursday,9.0,7.199999999999999,36–50
3294,2024-01-28,14,504,1,C133,Hamra,Halloumi Sandwich,Sandwiches,6.0,2.0,M,41,Beirut,386,28,1,2024,Sunday,6.0,4.0,36–50
246,2024-02-12,11,701,1,C011,Hamra,Nutella Crepe,Desserts,5.5,1.8,M,23,Batroun,593,12,2,2024,Monday,5.5,3.7,16–25
2745,2024-06-17,9,407,1,C109,Hamra,Cheese Rolls,Appetizers,4.5,1.0,M,29,Jounieh,2355,17,6,2024,Monday,4.5,3.5,26–35
2618,2024-03-26,16,704,2,C104,Hamra,Mafroukeh Dessert,Desserts,6.5,2.5,F,36,Jounieh,1200,26,3,2024,Tuesday,13.0,8.0,36–50
2800,2024-06-25,17,705,2,C111,Hamra,Ice Cream 2 Scoops,Desserts,4.0,1.2,M,40,Zahle,2475,25,6,2024,Tuesday,8.0,5.6,36–50
4264,2024-01-17,15,410,1,C172,Hamra,Hummus,Appetizers,4.0,1.2,F,21,Zahle,233,17,1,2024,Wednesday,4.0,2.8,16–25
1711,2024-04-07,12,110,3,C069,Hamra,Sahlab,Hot Drinks,4.0,1.0,F,56,Zahle,1364,7,4,2024,Sunday,12.0,9.0,50+
2569,2024-07-16,11,409,1,C102,Hamra,Pita Chips,Appetizers,2.5,0.6,M,29,Tripoli,2763,16,7,2024,Tuesday,2.5,1.9,26–35
33,2024-04-07,19,411,1,C002,Hamra,Mutabbal,Appetizers,4.2,1.2,F,37,Zahle,1371,7,4,2024,Sunday,4.2,3.0,36–50
4191,2024-03-05,9,106,3,C168,Hamra,Cappuccino,Coffee,3.5,0.7,F,47,Tyre,899,5,3,2024,Tuesday,10.5,8.399999999999999,36–50
908,2024-11-25,12,601,2,C037,Hamra,Chicken Caesar Salad,Salads,7.5,3.2,M,28,Beirut,4612,25,11,2024,Monday,15.0,8.6,26–35
2979,2024-12-06,9,604,3,C118,Hamra,Tabbouleh,Salads,5.5,2.0,F,48,Jounieh,4763,6,12,2024,Friday,16.5,10.5,36–50
1196,2024-01-05,16,301,1,C049,Hamra,Lemonade,Cold Drinks,3.0,0.8,F,35,Tyre,66,5,1,2024,Friday,3.0,2.2,26–35
1863,2024-01-02,18,706,1,C075,Hamra,Honey Pancakes,Desserts,4.5,1.5,M,58,Saida,26,2,1,2024,Tuesday,4.5,3.0,50+
4092,2024-01-22,12,304,1,C164,Hamra,Carrot Juice,Cold Drinks,3.5,1.0,F,53,Batroun,300,22,1,2024,Monday,3.5,2.5,50+
1869,2024-04-21,10,409,1,C075,Hamra,Pita Chips,Appetizers,2.5,0.6,M,58,Saida,1558,21,4,2024,Sunday,2.5,1.9,50+
4926,2024-02-26,8,310,2,C198,Hamra,Strawberry Milkshake,Shakes,5.5,1.8,F,29,Tyre,786,26,2,2024,Monday,11.0,7.4,26–35
814,2024-03-06,14,406,1,C034,Hamra,Kaak with Cheese,Bakery,3.5,0.8,F,50,Byblos,918,6,3,2024,Wednesday,3.5,2.7,36–50
1443,2024-11-25,10,702,1,C058,Hamra,Lotus Crepe,Desserts,5.8,1.9,F,22,Tripoli,4610,25,11,2024,Monday,5.8,3.9,16–25
2794,2024-04-07,15,505,1,C111,Hamra,Turkey Sandwich,Sandwiches,5.5,2.2,M,40,Zahle,1367,7,4,2024,Sunday,5.5,3.3,36–50
4124,2024-05-23,13,302,1,C165,Hamra,Lemonade Mint,Cold Drinks,3.5,1.0,M,44,Batroun,2009,23,5,2024,Thursday,3.5,2.5,36–50
2397,2024-05-04,18,605,1,C096,Hamra,Halloumi Salad,Salads,6.8,2.9,M,46,Zahle,1748,4,5,2024,Saturday,6.8,3.9,36–50
1480,2024-06-15,8,405,1,C060,Hamra,Lahm Baajin,Manakish,5.0,1.2,F,22,Zahle,2326,15,6,2024,Saturday,5.0,3.8,16–25
3515,2024-03-26,10,503,2,C140,Hamra,BBQ Chicken Sandwich,Sandwiches,7.5,3.2,F,50,Tripoli,1194,26,3,2024,Tuesday,15.0,8.6,36–50
771,2024-03-16,11,406,1,C032,Hamra,Kaak with Cheese,Bakery,3.5,0.8,M,49,Beirut,1055,16,3,2024,Saturday,3.5,2.7,36–50
3289,2024-12-09,9,304,2,C132,Hamra,Carrot Juice,Cold Drinks,3.5,1.0,M,33,Tyre,4805,9,12,2024,Monday,7.0,5.0,26–35
2680,2024-10-20,15,410,1,C106,Hamra,Hummus,Appetizers,4.0,1.2,F,59,Tripoli,4111,20,10,2024,Sunday,4.0,2.8,50+
790,2024-02-28,19,404,1,C033,Hamra,Keshek Manoushe,Manakish,4.0,0.7,M,33,Batroun,825,28,2,2024,Wednesday,4.0,3.3,26–35
1045,2024-05-17,11,101,1,C043,Hamra,Espresso,Coffee,2.5,0.5,M,42,Tyre,1923,17,5,2024,Friday,2.5,2.0,36–50
2819,2024-04-08,8,104,2,C112,Hamra,Americano,Coffee,3.0,0.6,F,46,Tripoli,1374,8,4,2024,Monday,6.0,4.8,36–50
2696,2024-07-10,17,403,1,C107,Hamra,Cheese Manoushe,Manakish,4.5,0.8,M,18,Tyre,2685,10,7,2024,Wednesday,4.5,3.7,16–25
206,2024-08-30,9,303,1,C009,Hamra,Fresh Orange Juice,Cold Drinks,3.5,1.0,M,21,Beirut,3391,30,8,2024,Friday,3.5,2.5,16–25
4451,2024-11-14,20,401,1,C179,Hamra,Croissant,Bakery,3.0,0.8,F,43,Zahle,4466,14,11,2024,Thursday,3.0,2.2,36–50
2864,2024-02-18,15,504,1,C114,Hamra,Halloumi Sandwich,Sandwiches,6.0,2.0,F,50,Byblos,681,18,2,2024,Sunday,6.0,4.0,36–50
3117,2024-02-01,13,304,2,C125,Hamra,Carrot Juice,Cold Drinks,3.5,1.0,F,37,Batroun,441,1,2,2024,Thursday,7.0,5.0,36–50
504,2024-10-03,8,106,2,C020,Hamra,Cappuccino,Coffee,3.5,0.7,M,55,Tyre,3866,3,10,2024,Thursday,7.0,5.6,50+
4160,2024-01-20,15,101,1,C167,Hamra,Espresso,Coffee,2.5,0.5,F,25,Jounieh,275,20,1,2024,Saturday,2.5,2.0,16–25
3795,2024-06-02,20,108,1,C151,Hamra,Caramel Latte,Coffee,4.8,1.0,M,21,Saida,2156,2,6,2024,Sunday,4.8,3.8,16–25
984,2024-03-08,10,408,2,C041,Hamra,Fries,Appetizers,3.0,0.7,M,42,Tyre,942,8,3,2024,Friday,6.0,4.6,36–50
1085,2024-12-31,19,704,1,C044,Hamra,Mafroukeh Dessert,Desserts,6.5,2.5,F,20,Zahle,5123,31,12,2024,Tuesday,6.5,4.0,16–25
3129,2024-08-01,15,601,1,C125,Hamra,Chicken Caesar Salad,Salads,7.5,3.2,F,37,Batroun,2991,1,8,2024,Thursday,7.5,4.3,36–50
840,2024-05-22,19,306,1,C035,Hamra,Mango Cocktail,Cocktails,6.0,2.2,M,33,Byblos,2001,22,5,2024,Wednesday,6.0,3.8,26–35
3799,2024-08-19,8,309,1,C151,Hamra,Chocolate Milkshake,Shakes,5.5,1.8,M,21,Saida,3236,19,8,2024,Monday,5.5,3.7,16–25
1436,2024-07-31,18,310,1,C058,Hamra,Strawberry Milkshake,Shakes,5.5,1.8,F,22,Tripoli,2980,31,7,2024,Wednesday,5.5,3.7,16–25
1170,2024-03-19,16,605,2,C048,Hamra,Halloumi Salad,Salads,6.8,2.9,F,39,Zahle,1102,19,3,2024,Tuesday,13.6,7.8,36–50
1437,2024-08-01,18,601,1,C058,Hamra,Chicken Caesar Salad,Salads,7.5,3.2,F,22,Tripoli,2994,1,8,2024,Thursday,7.5,4.3,16–25
2534,2024-04-25,10,304,1,C101,Hamra,Carrot Juice,Cold Drinks,3.5,1.0,M,44,Byblos,1614,25,4,2024,Thursday,3.5,2.5,36–50
1403,2024-04-01,11,404,2,C057,Hamra,Keshek Manoushe,Manakish,4.0,0.7,M,37,Batroun,1279,1,4,2024,Monday,8.0,6.6,36–50
4179,2024-09-26,8,706,1,C167,Hamra,Honey Pancakes,Desserts,4.5,1.5,F,25,Jounieh,3768,26,9,2024,Thursday,4.5,3.0,16–25
3910,2024-06-16,16,110,1,C156,Hamra,Sahlab,Hot Drinks,4.0,1.0,M,52,Jounieh,2348,16,6,2024,Sunday,4.0,3.0,50+
1584,2024-02-27,7,202,1,C064,Hamra,Mint Tea,Tea,2.2,0.5,M,26,Jounieh,799,27,2,2024,Tuesday,2.2,1.7000000000000002,26–35
1543,2024-10-10,13,408,1,C062,Hamra,Fries,Appetizers,3.0,0.7,F,50,Tyre,3969,10,10,2024,Thursday,3.0,2.3,36–50
2064,2024-01-26,16,107,3,C083,Hamra,Mocha,Coffee,4.5,0.9,M,47,Byblos,360,26,1,2024,Friday,13.5,10.8,36–50
2847,2024-03-06,7,302,2,C113,Hamra,Lemonade Mint,Cold Drinks,3.5,1.0,F,27,Beirut,911,6,3,2024,Wednesday,7.0,5.0,26–35
2832,2024-09-04,17,110,1,C112,Hamra,Sahlab,Hot Drinks,4.0,1.0,F,46,Tripoli,3469,4,9,2024,Wednesday,4.0,3.0,36–50
1539,2024-09-10,17,406,2,C062,Hamra,Kaak with Cheese,Bakery,3.5,0.8,F,50,Tyre,3553,10,9,2024,Tuesday,7.0,5.4,36–50
2338,2024-02-13,14,106,1,C094,Hamra,Cappuccino,Coffee,3.5,0.7,M,40,Tripoli,610,13,2,2024,Tuesday,3.5,2.8,36–50
2128,2024-04-06,9,302,3,C085,Hamra,Lemonade Mint,Cold Drinks,3.5,1.0,F,40,Saida,1347,6,4,2024,Saturday,10.5,7.5,36–50
629,2024-02-11,20,703,1,C026,Hamra,Ashta W Banane,Cocktails Specials,7.0,2.5,M,28,Beirut,588,11,2,2024,Sunday,7.0,4.5,26–35
4441,2024-08-14,16,501,1,C179,Hamra,Shish Tawouk Sandwich,Sandwiches,6.5,2.5,F,43,Zahle,3174,14,8,2024,Wednesday,6.5,4.0,36–50
3053,2024-09-18,12,303,1,C121,Hamra,Fresh Orange Juice,Cold Drinks,3.5,1.0,F,53,Batroun,3660,18,9,2024,Wednesday,3.5,2.5,50+
1225,2024-06-15,13,401,1,C050,Hamra,Croissant,Bakery,3.0,0.8,M,38,Jounieh,2331,15,6,2024,Saturday,3.0,2.2,36–50
2908,2024-10-05,16,702,1,C115,Hamra,Lotus Crepe,Desserts,5.8,1.9,F,36,Byblos,3902,5,10,2024,Saturday,5.8,3.9,36–50
862,2024-03-29,7,301,1,C036,Hamra,Lemonade,Cold Drinks,3.0,0.8,M,23,Beirut,1233,29,3,2024,Friday,3.0,2.2,16–25
3869,2024-06-26,20,108,2,C154,Hamra,Caramel Latte,Coffee,4.8,1.0,F,25,Tripoli,2492,26,6,2024,Wednesday,9.6,7.6,16–25
800,2024-07-15,12,309,1,C033,Hamra,Chocolate Milkshake,Shakes,5.5,1.8,M,33,Batroun,2750,15,7,2024,Monday,5.5,3.7,26–35
3088,2024-11-02,13,203,3,C123,Hamra,Green Tea,Tea,2.2,0.5,F,27,Saida,4291,2,11,2024,Saturday,6.6000000000000005,5.1000000000000005,26–35
2516,2024-09-23,12,404,1,C100,Hamra,Keshek Manoushe,Manakish,4.0,0.7,F,29,Byblos,3730,23,9,2024,Monday,4.0,3.3,26–35
1694,2024-09-24,10,407,1,C068,Hamra,Cheese Rolls,Appetizers,4.5,1.0,F,21,Beirut,3742,24,9,2024,Tuesday,4.5,3.5,16–25
1813,2024-03-14,7,309,3,C073,Hamra,Chocolate Milkshake,Shakes,5.5,1.8,F,54,Saida,1023,14,3,2024,Thursday,16.5,11.100000000000001,50+
3384,2024-01-08,17,301,1,C136,Hamra,Lemonade,Cold Drinks,3.0,0.8,M,42,Saida,109,8,1,2024,Monday,3.0,2.2,36–50
4862,2024-10-23,15,201,2,C194,Hamra,Tea,Tea,2.0,0.4,F,18,Jounieh,4153,23,10,2024,Wednesday,4.0,3.2,16–25
567,2024-06-12,10,407,2,C023,Hamra,Cheese Rolls,Appetizers,4.5,1.0,M,18,Saida,2286,12,6,2024,Wednesday,9.0,7.0,16–25
1735,2024-03-25,13,106,1,C070,Hamra,Cappuccino,Coffee,3.5,0.7,F,27,Byblos,1183,25,3,2024,Monday,3.5,2.8,26–35
1348,2024-03-12,13,410,1,C055,Hamra,Hummus,Appetizers,4.0,1.2,F,44,Tyre,1001,12,3,2024,Tuesday,4.0,2.8,36–50
4249,2024-02-24,8,408,1,C171,Hamra,Fries,Appetizers,3.0,0.7,M,27,Byblos,758,24,2,2024,Saturday,3.0,2.3,26–35
2761,2024-02-16,7,303,1,C110,Hamra,Fresh Orange Juice,Cold Drinks,3.5,1.0,M,55,Batroun,645,16,2,2024,Friday,3.5,2.5,50+
3751,2024-08-25,14,501,1,C149,Hamra,Shish Tawouk Sandwich,Sandwiches,6.5,2.5,M,40,Beirut,3326,25,8,2024,Sunday,6.5,4.0,36–50
3766,2024-04-13,14,203,2,C150,Hamra,Green Tea,Tea,2.2,0.5,M,46,Zahle,1450,13,4,2024,Saturday,4.4,3.4000000000000004,36–50
203,2024-07-28,13,110,1,C009,Hamra,Sahlab,Hot Drinks,4.0,1.0,M,21,Beirut,2933,28,7,2024,Sunday,4.0,3.0,16–25
4045,2024-02-11,20,501,1,C162,Hamra,Shish Tawouk Sandwich,Sandwiches,6.5,2.5,F,37,Saida,588,11,2,2024,Sunday,6.5,4.0,36–50
4677,2024-11-11,14,401,1,C187,Hamra,Croissant,Bakery,3.0,0.8,F,18,Tyre,4418,11,11,2024,Monday,3.0,2.2,16–25
3875,2024-09-24,9,604,3,C154,Hamra,Tabbouleh,Salads,5.5,2.0,F,25,Tripoli,3741,24,9,2024,Tuesday,16.5,10.5,16–25
3210,2024-09-19,17,302,1,C129,Hamra,Lemonade Mint,Cold Drinks,3.5,1.0,F,58,Byblos,3679,19,9,2024,Thursday,3.5,2.5,50+
2734,2024-12-01,8,101,1,C108,Hamra,Espresso,Coffee,2.5,0.5,F,21,Saida,4692,1,12,2024,Sunday,2.5,2.0,16–25
3323,2024-12-30,13,310,1,C133,Hamra,Strawberry Milkshake,Shakes,5.5,1.8,M,41,Beirut,5103,30,12,2024,Monday,5.5,3.7,36–50
4220,2024-09-15,14,409,3,C169,Hamra,Pita Chips,Appetizers,2.5,0.6,M,24,Tyre,3620,15,9,2024,Sunday,7.5,5.699999999999999,16–25
4779,2024-10-09,7,503,3,C191,Hamra,BBQ Chicken Sandwich,Sandwiches,7.5,3.2,M,60,Byblos,3949,9,10,2024,Wednesday,22.5,12.899999999999999,50+
3770,2024-04-23,18,110,1,C150,Hamra,Sahlab,Hot Drinks,4.0,1.0,M,46,Zahle,1594,23,4,2024,Tuesday,4.0,3.0,36–50
1704,2024-12-28,16,305,2,C068,Hamra,Avocado Shake Cocktails,Shakes,6.0,2.2,F,21,Beirut,5078,28,12,2024,Saturday,12.0,7.6,16–25
4354,2024-02-09,15,107,1,C176,Hamra,Mocha,Coffee,4.5,0.9,M,24,Jounieh,555,9,2,2024,Friday,4.5,3.6,16–25
1634,2024-08-07,19,301,3,C066,Hamra,Lemonade,Cold Drinks,3.0,0.8,M,22,Zahle,3079,7,8,2024,Wednesday,9.0,6.6000000000000005,16–25
3626,2024-05-08,17,501,1,C144,Hamra,Shish Tawouk Sandwich,Sandwiches,6.5,2.5,F,39,Batroun,1803,8,5,2024,Wednesday,6.5,4.0,36–50
1289,2024-01-08,10,404,1,C053,Hamra,Keshek Manoushe,Manakish,4.0,0.7,F,46,Batroun,102,8,1,2024,Monday,4.0,3.3,36–50
3183,2024-04-10,20,202,1,C128,Hamra,Mint Tea,Tea,2.2,0.5,M,36,Batroun,1414,10,4,2024,Wednesday,2.2,1.7000000000000002,36–50
1616,2024-06-24,18,302,1,C065,Hamra,Lemonade Mint,Cold Drinks,3.5,1.0,F,42,Saida,2462,24,6,2024,Monday,3.5,2.5,36–50
1588,2024-04-16,20,701,2,C064,Hamra,Nutella Crepe,Desserts,5.5,1.8,M,26,Jounieh,1498,16,4,2024,Tuesday,11.0,7.4,26–35
1682,2024-04-10,10,305,1,C068,Hamra,Avocado Shake Cocktails,Shakes,6.0,2.2,F,21,Beirut,1404,10,4,2024,Wednesday,6.0,3.8,16–25
4776,2024-09-16,9,401,3,C191,Hamra,Croissant,Bakery,3.0,0.8,M,60,Byblos,3629,16,9,2024,Monday,9.0,6.6000000000000005,50+
1549,2024-12-31,12,701,1,C062,Hamra,Nutella Crepe,Desserts,5.5,1.8,F,50,Tyre,5116,31,12,2024,Tuesday,5.5,3.7,36–50
2038,2024-09-02,7,304,1,C081,Hamra,Carrot Juice,Cold Drinks,3.5,1.0,M,55,Tripoli,3431,2,9,2024,Monday,3.5,2.5,50+
1780,2024-10-01,12,605,1,C071,Hamra,Halloumi Salad,Salads,6.8,2.9,F,29,Byblos,3842,1,10,2024,Tuesday,6.8,3.9,26–35
2863,2024-02-01,8,202,1,C114,Hamra,Mint Tea,Tea,2.2,0.5,F,50,Byblos,436,1,2,2024,Thursday,2.2,1.7000000000000002,36–50
4295,2024-05-16,15,306,2,C173,Hamra,Mango Cocktail,Cocktails,6.0,2.2,F,31,Tripoli,1913,16,5,2024,Thursday,12.0,7.6,26–35
1264,2024-01-12,8,506,1,C052,Hamra,Steak Sandwich,Sandwiches,9.0,4.0,F,28,Jounieh,156,12,1,2024,Friday,9.0,5.0,26–35
2932,2024-10-28,13,409,1,C116,Hamra,Pita Chips,Appetizers,2.5,0.6,F,48,Jounieh,4221,28,10,2024,Monday,2.5,1.9,36–50
3116,2024-01-16,18,107,1,C125,Hamra,Mocha,Coffee,4.5,0.9,F,37,Batroun,222,16,1,2024,Tuesday,4.5,3.6,36–50
3169,2024-05-08,7,603,1,C127,Hamra,Fattoush,Salads,5.5,2.0,M,30,Tripoli,1793,8,5,2024,Wednesday,5.5,3.5,26–35
1609,2024-03-03,18,410,3,C065,Hamra,Hummus,Appetizers,4.0,1.2,F,42,Saida,880,3,3,2024,Sunday,12.0,8.399999999999999,36–50
3224,2024-04-18,13,205,1,C130,Hamra,Mate,Tea,2.5,0.5,F,26,Beirut,1519,18,4,2024,Thursday,2.5,2.0,26–35
4377,2024-01-21,11,101,2,C177,Hamra,Espresso,Coffee,2.5,0.5,M,23,Saida,285,21,1,2024,Sunday,5.0,4.0,16–25
538,2024-06-06,14,401,1,C022,Hamra,Croissant,Bakery,3.0,0.8,F,32,Tyre,2206,6,6,2024,Thursday,3.0,2.2,26–35
3940,2024-09-25,10,410,1,C157,Hamra,Hummus,Appetizers,4.0,1.2,F,30,Jounieh,3756,25,9,2024,Wednesday,4.0,2.8,26–35
4080,2024-06-10,18,310,3,C163,Hamra,Strawberry Milkshake,Shakes,5.5,1.8,F,40,Beirut,2266,10,6,2024,Monday,16.5,11.100000000000001,36–50
1904,2024-09-16,16,506,1,C076,Hamra,Steak Sandwich,Sandwiches,9.0,4.0,M,40,Saida,3636,16,9,2024,Monday,9.0,5.0,36–50
3816,2024-04-11,13,205,1,C152,Hamra,Mate,Tea,2.5,0.5,F,39,Tripoli,1421,11,4,2024,Thursday,2.5,2.0,36–50
2352,2024-08-10,12,307,1,C094,Hamra,Strawberry Cocktail,Cocktails,6.0,2.0,M,40,Tripoli,3114,10,8,2024,Saturday,6.0,4.0,36–50
3950,2024-02-28,11,106,1,C158,Hamra,Cappuccino,Coffee,3.5,0.7,F,26,Batroun,817,28,2,2024,Wednesday,3.5,2.8,26–35
4238,2024-09-03,10,705,2,C170,Hamra,Ice Cream 2 Scoops,Desserts,4.0,1.2,F,23,Tripoli,3448,3,9,2024,Tuesday,8.0,5.6,16–25
1766,2024-05-07,13,205,1,C071,Hamra,Mate,Tea,2.5,0.5,F,29,Byblos,1785,7,5,2024,Tuesday,2.5,2.0,26–35
2677,2024-10-09,18,309,3,C106,Hamra,Chocolate Milkshake,Shakes,5.5,1.8,F,59,Tripoli,3960,9,10,2024,Wednesday,16.5,11.100000000000001,50+
1235,2024-11-20,11,306,1,C050,Hamra,Mango Cocktail,Cocktails,6.0,2.2,M,38,Jounieh,4541,20,11,2024,Wednesday,6.0,3.8,36–50
2556,2024-01-25,11,107,1,C102,Hamra,Mocha,Coffee,4.5,0.9,M,29,Tripoli,341,25,1,2024,Thursday,4.5,3.6,26–35
4957,2024-05-10,7,404,1,C199,Hamra,Keshek Manoushe,Manakish,4.0,0.7,M,46,Jounieh,1821,10,5,2024,Friday,4.0,3.3,36–50
4707,2024-12-18,8,407,1,C188,Hamra,Cheese Rolls,Appetizers,4.5,1.0,M,26,Jounieh,4930,18,12,2024,Wednesday,4.5,3.5,26–35
2855,2024-07-14,11,407,3,C113,Hamra,Cheese Rolls,Appetizers,4.5,1.0,F,27,Beirut,2735,14,7,2024,Sunday,13.5,10.5,26–35
736,2024-10-07,19,706,1,C030,Hamra,Honey Pancakes,Desserts,4.5,1.5,M,23,Saida,3933,7,10,2024,Monday,4.5,3.0,16–25
274,2024-06-02,9,105,1,C012,Hamra,Café Latte,Coffee,4.0,0.8,F,60,Beirut,2145,2,6,2024,Sunday,4.0,3.2,50+
4385,2024-05-12,20,104,2,C177,Hamra,Americano,Coffee,3.0,0.6,M,23,Saida,1862,12,5,2024,Sunday,6.0,4.8,16–25
2055,2024-08-14,19,307,2,C082,Hamra,Strawberry Cocktail,Cocktails,6.0,2.0,M,37,Tripoli,3177,14,8,2024,Wednesday,12.0,8.0,36–50
1120,2024-07-07,8,303,1,C046,Hamra,Fresh Orange Juice,Cold Drinks,3.5,1.0,F,60,Saida,2634,7,7,2024,Sunday,3.5,2.5,50+
4261,2024-09-21,20,410,2,C171,Hamra,Hummus,Appetizers,4.0,1.2,M,27,Byblos,3710,21,9,2024,Saturday,8.0,5.6,26–35
3228,2024-05-13,20,302,1,C130,Hamra,Lemonade Mint,Cold Drinks,3.5,1.0,F,26,Beirut,1876,13,5,2024,Monday,3.5,2.5,26–35
2432,2024-07-29,10,703,1,C097,Hamra,Ashta W Banane,Cocktails Specials,7.0,2.5,M,45,Batroun,2944,29,7,2024,Monday,7.0,4.5,36–50
1991,2024-02-29,10,703,1,C080,Hamra,Ashta W Banane,Cocktails Specials,7.0,2.5,F,40,Saida,830,29,2,2024,Thursday,7.0,4.5,36–50
1342,2024-12-29,10,309,1,C054,Hamra,Chocolate Milkshake,Shakes,5.5,1.8,F,53,Byblos,5086,29,12,2024,Sunday,5.5,3.7,50+
854,2024-12-29,10,102,1,C035,Hamra,Turkish Coffee,Coffee,2.0,0.4,M,33,Byblos,5086,29,12,2024,Sunday,2.0,1.6,26–35
1278,2024-07-31,9,203,1,C052,Hamra,Green Tea,Tea,2.2,0.5,F,28,Jounieh,2971,31,7,2024,Wednesday,2.2,1.7000000000000002,26–35
4032,2024-08-03,19,205,1,C161,Hamra,Mate,Tea,2.5,0.5,F,35,Batroun,3023,3,8,2024,Saturday,2.5,2.0,26–35
2106,2024-08-13,18,105,2,C084,Hamra,Café Latte,Coffee,4.0,0.8,M,53,Batroun,3162,13,8,2024,Tuesday,8.0,6.4,50+
1795,2024-05-10,13,103,3,C072,Hamra,Blonde Coffee,Coffee,2.2,0.5,F,59,Jounieh,1827,10,5,2024,Friday,6.6000000000000005,5.1000000000000005,50+
4429,2024-03-16,15,501,2,C179,Hamra,Shish Tawouk Sandwich,Sandwiches,6.5,2.5,F,43,Zahle,1059,16,3,2024,Saturday,13.0,8.0,36–50
642,2024-10-12,18,501,1,C026,Hamra,Shish Tawouk Sandwich,Sandwiches,6.5,2.5,M,28,Beirut,4002,12,10,2024,Saturday,6.5,4.0,26–35
4756,2024-10-03,11,501,1,C190,Hamra,Shish Tawouk Sandwich,Sandwiches,6.5,2.5,M,30,Beirut,3869,3,10,2024,Thursday,6.5,4.0,26–35
1505,2024-06-04,10,103,1,C061,Hamra,Blonde Coffee,Coffee,2.2,0.5,F,34,Zahle,2174,4,6,2024,Tuesday,2.2,1.7000000000000002,26–35
3874,2024-09-04,17,410,1,C154,Hamra,Hummus,Appetizers,4.0,1.2,F,25,Tripoli,3469,4,9,2024,Wednesday,4.0,2.8,16–25
897,2024-08-05,8,705,1,C037,Hamra,Ice Cream 2 Scoops,Desserts,4.0,1.2,M,28,Beirut,3040,5,8,2024,Monday,4.0,2.8,26–35
3964,2024-07-08,8,308,1,C158,Hamra,Banane Avocat,Cocktails,6.5,2.5,F,26,Batroun,2648,8,7,2024,Monday,6.5,4.0,26–35
2365,2024-06-11,11,403,2,C095,Hamra,Cheese Manoushe,Manakish,4.5,0.8,M,40,Zahle,2273,11,6,2024,Tuesday,9.0,7.4,36–50
256,2024-06-28,13,405,1,C011,Hamra,Lahm Baajin,Manakish,5.0,1.2,M,23,Batroun,2513,28,6,2024,Friday,5.0,3.8,16–25
4488,2024-02-03,16,303,1,C181,Hamra,Fresh Orange Juice,Cold Drinks,3.5,1.0,F,60,Tripoli,472,3,2,2024,Saturday,3.5,2.5,50+
980,2024-02-10,16,705,1,C041,Hamra,Ice Cream 2 Scoops,Desserts,4.0,1.2,M,42,Tyre,570,10,2,2024,Saturday,4.0,2.8,36–50
3320,2024-11-02,15,411,1,C133,Hamra,Mutabbal,Appetizers,4.2,1.2,M,41,Beirut,4293,2,11,2024,Saturday,4.2,3.0,36–50
1641,2024-12-03,19,408,1,C066,Hamra,Fries,Appetizers,3.0,0.7,M,22,Zahle,4731,3,12,2024,Tuesday,3.0,2.3,16–25
3556,2024-11-09,13,401,1,C141,Hamra,Croissant,Bakery,3.0,0.8,F,21,Jounieh,4389,9,11,2024,Saturday,3.0,2.2,16–25
4762,2024-03-15,11,701,1,C191,Hamra,Nutella Crepe,Desserts,5.5,1.8,M,60,Byblos,1041,15,3,2024,Friday,5.5,3.7,50+
3848,2024-10-05,16,504,1,C153,Hamra,Halloumi Sandwich,Sandwiches,6.0,2.0,M,41,Jounieh,3902,5,10,2024,Saturday,6.0,4.0,36–50
4272,2024-06-24,16,302,1,C172,Hamra,Lemonade Mint,Cold Drinks,3.5,1.0,F,21,Zahle,2460,24,6,2024,Monday,3.5,2.5,16–25
3567,2024-05-29,16,504,2,C142,Hamra,Halloumi Sandwich,Sandwiches,6.0,2.0,F,44,Batroun,2096,29,5,2024,Wednesday,12.0,8.0,36–50
1721,2024-09-29,12,107,2,C069,Hamra,Mocha,Coffee,4.5,0.9,F,56,Zahle,3814,29,9,2024,Sunday,9.0,7.2,50+
1463,2024-11-20,17,108,1,C059,Hamra,Caramel Latte,Coffee,4.8,1.0,F,31,Jounieh,4547,20,11,2024,Wednesday,4.8,3.8,26–35
4566,2024-04-17,18,706,1,C184,Hamra,Honey Pancakes,Desserts,4.5,1.5,M,25,Batroun,1510,17,4,2024,Wednesday,4.5,3.0,16–25
4464,2024-05-18,9,406,2,C180,Hamra,Kaak with Cheese,Bakery,3.5,0.8,M,20,Jounieh,1935,18,5,2024,Saturday,7.0,5.4,16–25
1643,2024-12-15,11,202,1,C066,Hamra,Mint Tea,Tea,2.2,0.5,M,22,Zahle,4891,15,12,2024,Sunday,2.2,1.7000000000000002,16–25
1695,2024-09-27,14,701,1,C068,Hamra,Nutella Crepe,Desserts,5.5,1.8,F,21,Beirut,3788,27,9,2024,Friday,5.5,3.7,16–25
286,2024-12-12,7,406,1,C012,Hamra,Kaak with Cheese,Bakery,3.5,0.8,F,60,Beirut,4845,12,12,2024,Thursday,3.5,2.7,50+
1696,2024-10-15,18,602,1,C068,Hamra,Greek Salad,Salads,6.5,2.8,F,21,Beirut,4044,15,10,2024,Tuesday,6.5,3.7,16–25
4258,2024-07-30,7,304,2,C171,Hamra,Carrot Juice,Cold Drinks,3.5,1.0,M,27,Byblos,2955,30,7,2024,Tuesday,7.0,5.0,26–35
1825,2024-09-28,13,110,2,C073,Hamra,Sahlab,Hot Drinks,4.0,1.0,F,54,Saida,3801,28,9,2024,Saturday,8.0,6.0,50+
128,2024-03-06,20,503,1,C006,Hamra,BBQ Chicken Sandwich,Sandwiches,7.5,3.2,F,44,Tripoli,924,6,3,2024,Wednesday,7.5,4.3,36–50
361,2024-09-04,11,202,1,C015,Hamra,Mint Tea,Tea,2.2,0.5,F,52,Zahle,3463,4,9,2024,Wednesday,2.2,1.7000000000000002,50+
1020,2024-06-04,20,305,1,C042,Hamra,Avocado Shake Cocktails,Shakes,6.0,2.2,F,26,Tripoli,2184,4,6,2024,Tuesday,6.0,3.8,26–35
747,2024-02-16,11,501,1,C031,Hamra,Shish Tawouk Sandwich,Sandwiches,6.5,2.5,M,18,Jounieh,649,16,2,2024,Friday,6.5,4.0,16–25
4495,2024-07-19,7,701,3,C181,Hamra,Nutella Crepe,Desserts,5.5,1.8,F,60,Tripoli,2801,19,7,2024,Friday,16.5,11.100000000000001,50+
132,2024-05-27,15,505,1,C006,Hamra,Turkey Sandwich,Sandwiches,5.5,2.2,F,44,Tripoli,2067,27,5,2024,Monday,5.5,3.3,36–50
794,2024-05-03,7,107,1,C033,Hamra,Mocha,Coffee,4.5,0.9,M,33,Batroun,1723,3,5,2024,Friday,4.5,3.6,26–35
3925,2024-01-01,11,705,2,C157,Hamra,Ice Cream 2 Scoops,Desserts,4.0,1.2,F,30,Jounieh,5,1,1,2024,Monday,8.0,5.6,26–35
522,2024-09-03,16,204,2,C021,Hamra,Chamomile Tea,Tea,2.5,0.5,F,58,Batroun,3454,3,9,2024,Tuesday,5.0,4.0,50+
3112,2024-12-08,15,201,2,C124,Hamra,Tea,Tea,2.0,0.4,M,52,Tyre,4797,8,12,2024,Sunday,4.0,3.2,50+
4513,2024-05-07,20,107,1,C182,Hamra,Mocha,Coffee,4.5,0.9,F,55,Zahle,1792,7,5,2024,Tuesday,4.5,3.6,50+
4572,2024-07-09,10,404,1,C184,Hamra,Keshek Manoushe,Manakish,4.0,0.7,M,25,Batroun,2664,9,7,2024,Tuesday,4.0,3.3,16–25
2340,2024-03-07,19,110,1,C094,Hamra,Sahlab,Hot Drinks,4.0,1.0,M,40,Tripoli,937,7,3,2024,Thursday,4.0,3.0,36–50
3737,2024-01-04,14,404,1,C149,Hamra,Keshek Manoushe,Manakish,4.0,0.7,M,40,Beirut,50,4,1,2024,Thursday,4.0,3.3,36–50
2521,2024-10-29,12,109,3,C100,Hamra,Hot Chocolate,Hot Drinks,3.8,0.9,F,29,Byblos,4234,29,10,2024,Tuesday,11.399999999999999,8.7,26–35
1370,2024-10-20,17,411,1,C055,Hamra,Mutabbal,Appetizers,4.2,1.2,F,44,Tyre,4113,20,10,2024,Sunday,4.2,3.0,36–50
4631,2024-05-22,9,701,3,C186,Hamra,Nutella Crepe,Desserts,5.5,1.8,F,34,Beirut,1991,22,5,2024,Wednesday,16.5,11.100000000000001,26–35
1595,2024-07-09,10,110,1,C064,Hamra,Sahlab,Hot Drinks,4.0,1.0,M,26,Jounieh,2664,9,7,2024,Tuesday,4.0,3.0,26–35
2148,2024-01-21,8,304,2,C086,Hamra,Carrot Juice,Cold Drinks,3.5,1.0,M,33,Tripoli,282,21,1,2024,Sunday,7.0,5.0,26–35
4323,2024-08-14,7,406,1,C174,Hamra,Kaak with Cheese,Bakery,3.5,0.8,M,20,Tyre,3165,14,8,2024,Wednesday,3.5,2.7,16–25
549,2024-11-08,19,302,3,C022,Hamra,Lemonade Mint,Cold Drinks,3.5,1.0,F,32,Tyre,4381,8,11,2024,Friday,10.5,7.5,26–35
1474,2024-04-26,20,109,1,C060,Hamra,Hot Chocolate,Hot Drinks,3.8,0.9,F,22,Zahle,1638,26,4,2024,Friday,3.8,2.9,16–25
2633,2024-10-28,14,603,1,C104,Hamra,Fattoush,Salads,5.5,2.0,F,36,Jounieh,4222,28,10,2024,Monday,5.5,3.5,36–50
3489,2024-05-21,7,408,2,C139,Hamra,Fries,Appetizers,3.0,0.7,M,33,Saida,1975,21,5,2024,Tuesday,6.0,4.6,26–35
1143,2024-02-08,20,409,1,C047,Hamra,Pita Chips,Appetizers,2.5,0.6,M,24,Jounieh,546,8,2,2024,Thursday,2.5,1.9,16–25
3991,2024-12-20,19,603,1,C159,Hamra,Fattoush,Salads,5.5,2.0,M,59,Tripoli,4969,20,12,2024,Friday,5.5,3.5,50+
1932,2024-09-08,17,309,3,C077,Hamra,Chocolate Milkshake,Shakes,5.5,1.8,M,30,Zahle,3525,8,9,2024,Sunday,16.5,11.100000000000001,26–35
457,2024-11-28,7,109,1,C018,Hamra,Hot Chocolate,Hot Drinks,3.8,0.9,M,19,Tripoli,4649,28,11,2024,Thursday,3.8,2.9,16–25
540,2024-07-25,10,107,1,C022,Hamra,Mocha,Coffee,4.5,0.9,F,32,Tyre,2888,25,7,2024,Thursday,4.5,3.6,26–35
4575,2024-07-28,16,301,1,C184,Hamra,Lemonade,Cold Drinks,3.0,0.8,M,25,Batroun,2936,28,7,2024,Sunday,3.0,2.2,16–25
3660,2024-04-24,18,304,2,C145,Hamra,Carrot Juice,Cold Drinks,3.5,1.0,F,55,Saida,1608,24,4,2024,Wednesday,7.0,5.0,50+
928,2024-08-12,16,503,1,C038,Hamra,BBQ Chicken Sandwich,Sandwiches,7.5,3.2,F,39,Saida,3146,12,8,2024,Monday,7.5,4.3,36–50
613,2024-05-13,12,106,1,C025,Hamra,Cappuccino,Coffee,3.5,0.7,F,25,Beirut,1868,13,5,2024,Monday,3.5,2.8,16–25
778,2024-09-07,15,703,1,C032,Hamra,Ashta W Banane,Cocktails Specials,7.0,2.5,M,49,Beirut,3509,7,9,2024,Saturday,7.0,4.5,36–50
3598,2024-08-06,7,704,1,C143,Hamra,Mafroukeh Dessert,Desserts,6.5,2.5,M,36,Saida,3053,6,8,2024,Tuesday,6.5,4.0,36–50
299,2024-03-31,13,201,1,C013,Hamra,Tea,Tea,2.0,0.4,M,29,Beirut,1267,31,3,2024,Sunday,2.0,1.6,26–35
4649,2024-12-19,16,202,1,C186,Hamra,Mint Tea,Tea,2.2,0.5,F,34,Beirut,4952,19,12,2024,Thursday,2.2,1.7000000000000002,26–35
4401,2024-02-15,17,506,1,C178,Hamra,Steak Sandwich,Sandwiches,9.0,4.0,F,33,Zahle,641,15,2,2024,Thursday,9.0,5.0,26–35
245,2024-02-07,11,203,1,C011,Hamra,Green Tea,Tea,2.2,0.5,M,23,Batroun,523,7,2,2024,Wednesday,2.2,1.7000000000000002,16–25
303,2024-05-21,18,202,1,C013,Hamra,Mint Tea,Tea,2.2,0.5,M,29,Beirut,1986,21,5,2024,Tuesday,2.2,1.7000000000000002,26–35
2425,2024-04-09,14,306,1,C097,Hamra,Mango Cocktail,Cocktails,6.0,2.2,M,45,Batroun,1394,9,4,2024,Tuesday,6.0,3.8,36–50
4418,2024-11-23,20,110,1,C178,Hamra,Sahlab,Hot Drinks,4.0,1.0,F,33,Zahle,4592,23,11,2024,Saturday,4.0,3.0,26–35
2542,2024-07-08,13,305,1,C101,Hamra,Avocado Shake Cocktails,Shakes,6.0,2.2,M,44,Byblos,2653,8,7,2024,Monday,6.0,3.8,36–50
912,2024-02-04,10,703,1,C038,Hamra,Ashta W Banane,Cocktails Specials,7.0,2.5,F,39,Saida,480,4,2,2024,Sunday,7.0,4.5,36–50
11,2024-05-26,10,411,1,C001,Hamra,Mutabbal,Appetizers,4.2,1.2,F,18,Zahle,2048,26,5,2024,Sunday,4.2,3.0,16–25
938,2024-01-30,12,403,1,C039,Hamra,Cheese Manoushe,Manakish,4.5,0.8,M,49,Batroun,412,30,1,2024,Tuesday,4.5,3.7,36–50
667,2024-11-29,12,309,2,C027,Hamra,Chocolate Milkshake,Shakes,5.5,1.8,F,46,Byblos,4668,29,11,2024,Friday,11.0,7.4,36–50
860,2024-03-24,15,105,1,C036,Hamra,Café Latte,Coffee,4.0,0.8,M,23,Beirut,1171,24,3,2024,Sunday,4.0,3.2,16–25
4013,2024-10-07,18,501,1,C160,Hamra,Shish Tawouk Sandwich,Sandwiches,6.5,2.5,M,20,Beirut,3932,7,10,2024,Monday,6.5,4.0,16–25
4223,2024-12-09,11,202,1,C169,Hamra,Mint Tea,Tea,2.2,0.5,M,24,Tyre,4807,9,12,2024,Monday,2.2,1.7000000000000002,16–25
3602,2024-09-26,14,410,1,C143,Hamra,Hummus,Appetizers,4.0,1.2,M,36,Saida,3774,26,9,2024,Thursday,4.0,2.8,36–50
753,2024-06-02,11,504,3,C031,Hamra,Halloumi Sandwich,Sandwiches,6.0,2.0,M,18,Jounieh,2147,2,6,2024,Sunday,18.0,12.0,16–25
3168,2024-04-11,8,102,1,C127,Hamra,Turkish Coffee,Coffee,2.0,0.4,M,30,Tripoli,1416,11,4,2024,Thursday,2.0,1.6,26–35
136,2024-08-02,12,703,1,C006,Hamra,Ashta W Banane,Cocktails Specials,7.0,2.5,F,44,Tripoli,3002,2,8,2024,Friday,7.0,4.5,36–50
2233,2024-05-29,15,505,1,C089,Hamra,Turkey Sandwich,Sandwiches,5.5,2.2,F,21,Saida,2095,29,5,2024,Wednesday,5.5,3.3,16–25
4457,2024-03-23,19,603,1,C180,Hamra,Fattoush,Salads,5.5,2.0,M,20,Jounieh,1161,23,3,2024,Saturday,5.5,3.5,16–25
3769,2024-04-19,9,503,1,C150,Hamra,BBQ Chicken Sandwich,Sandwiches,7.5,3.2,M,46,Zahle,1529,19,4,2024,Friday,7.5,4.3,36–50
763,2024-10-01,7,506,1,C031,Hamra,Steak Sandwich,Sandwiches,9.0,4.0,M,18,Jounieh,3837,1,10,2024,Tuesday,9.0,5.0,16–25
2508,2024-07-19,7,109,2,C100,Hamra,Hot Chocolate,Hot Drinks,3.8,0.9,F,29,Byblos,2801,19,7,2024,Friday,7.6,5.8,26–35
1828,2024-10-10,19,307,1,C073,Hamra,Strawberry Cocktail,Cocktails,6.0,2.0,F,54,Saida,3975,10,10,2024,Thursday,6.0,4.0,50+
1118,2024-06-21,9,605,1,C046,Hamra,Halloumi Salad,Salads,6.8,2.9,F,60,Saida,2411,21,6,2024,Friday,6.8,3.9,50+
4877,2024-11-22,16,105,1,C195,Hamra,Café Latte,Coffee,4.0,0.8,M,26,Saida,4574,22,11,2024,Friday,4.0,3.2,26–35
2431,2024-07-24,11,202,1,C097,Hamra,Mint Tea,Tea,2.2,0.5,M,45,Batroun,2875,24,7,2024,Wednesday,2.2,1.7000000000000002,36–50
4250,2024-03-03,9,101,1,C171,Hamra,Espresso,Coffee,2.5,0.5,M,27,Byblos,871,3,3,2024,Sunday,2.5,2.0,26–35
2,2024-03-13,15,602,1,C001,Hamra,Greek Salad,Salads,6.5,2.8,F,18,Zahle,1017,13,3,2024,Wednesday,6.5,3.7,16–25
4277,2024-09-07,14,307,1,C172,Hamra,Strawberry Cocktail,Cocktails,6.0,2.0,F,21,Zahle,3508,7,9,2024,Saturday,6.0,4.0,16–25
1407,2024-05-03,9,502,1,C057,Hamra,Chicken Sub Sandwich,Sandwiches,7.0,3.0,M,37,Batroun,1725,3,5,2024,Friday,7.0,4.0,36–50
197,2024-04-30,15,704,2,C009,Hamra,Mafroukeh Dessert,Desserts,6.5,2.5,M,21,Beirut,1689,30,4,2024,Tuesday,13.0,8.0,16–25
118,2024-10-01,19,304,1,C005,Hamra,Carrot Juice,Cold Drinks,3.5,1.0,M,33,Beirut,3849,1,10,2024,Tuesday,3.5,2.5,26–35
1972,2024-04-29,12,301,2,C079,Hamra,Lemonade,Cold Drinks,3.0,0.8,M,38,Byblos,1672,29,4,2024,Monday,6.0,4.4,36–50
2889,2024-11-12,19,406,1,C114,Hamra,Kaak with Cheese,Bakery,3.5,0.8,F,50,Byblos,4437,12,11,2024,Tuesday,3.5,2.7,36–50
202,2024-06-12,13,704,1,C009,Hamra,Mafroukeh Dessert,Desserts,6.5,2.5,M,21,Beirut,2289,12,6,2024,Wednesday,6.5,4.0,16–25
4303,2024-10-12,10,103,3,C173,Hamra,Blonde Coffee,Coffee,2.2,0.5,F,31,Tripoli,3994,12,10,2024,Saturday,6.6000000000000005,5.1000000000000005,26–35
596,2024-09-21,10,308,1,C024,Hamra,Banane Avocat,Cocktails,6.5,2.5,M,18,Tripoli,3700,21,9,2024,Saturday,6.5,4.0,16–25
4240,2024-11-15,18,506,2,C170,Hamra,Steak Sandwich,Sandwiches,9.0,4.0,F,23,Tripoli,4478,15,11,2024,Friday,18.0,10.0,16–25
3775,2024-06-09,19,303,2,C150,Hamra,Fresh Orange Juice,Cold Drinks,3.5,1.0,M,46,Zahle,2253,9,6,2024,Sunday,7.0,5.0,36–50
2607,2024-11-03,8,401,1,C103,Hamra,Croissant,Bakery,3.0,0.8,M,21,Byblos,4300,3,11,2024,Sunday,3.0,2.2,16–25
1471,2024-03-29,11,203,1,C060,Hamra,Green Tea,Tea,2.2,0.5,F,22,Zahle,1237,29,3,2024,Friday,2.2,1.7000000000000002,16–25
2157,2024-05-21,14,303,1,C086,Hamra,Fresh Orange Juice,Cold Drinks,3.5,1.0,M,33,Tripoli,1982,21,5,2024,Tuesday,3.5,2.5,26–35
4125,2024-07-21,13,103,3,C165,Hamra,Blonde Coffee,Coffee,2.2,0.5,M,44,Batroun,2835,21,7,2024,Sunday,6.6000000000000005,5.1000000000000005,36–50
2933,2024-11-04,13,308,2,C116,Hamra,Banane Avocat,Cocktails,6.5,2.5,F,48,Jounieh,4319,4,11,2024,Monday,13.0,8.0,36–50
4171,2024-08-14,12,103,1,C167,Hamra,Blonde Coffee,Coffee,2.2,0.5,F,25,Jounieh,3170,14,8,2024,Wednesday,2.2,1.7000000000000002,16–25
2115,2024-11-29,9,310,1,C084,Hamra,Strawberry Milkshake,Shakes,5.5,1.8,M,53,Batroun,4665,29,11,2024,Friday,5.5,3.7,50+
2264,2024-08-09,11,402,1,C090,Hamra,Zaatar Manoushe,Manakish,3.5,0.5,F,20,Beirut,3099,9,8,2024,Friday,3.5,3.0,16–25
2223,2024-02-10,19,602,1,C089,Hamra,Greek Salad,Salads,6.5,2.8,F,21,Saida,573,10,2,2024,Saturday,6.5,3.7,16–25
4493,2024-07-14,7,402,1,C181,Hamra,Zaatar Manoushe,Manakish,3.5,0.5,F,60,Tripoli,2731,14,7,2024,Sunday,3.5,3.0,50+
3008,2024-03-08,13,705,1,C120,Hamra,Ice Cream 2 Scoops,Desserts,4.0,1.2,F,50,Zahle,945,8,3,2024,Friday,4.0,2.8,36–50
3917,2024-09-20,15,503,1,C156,Hamra,BBQ Chicken Sandwich,Sandwiches,7.5,3.2,M,52,Jounieh,3691,20,9,2024,Friday,7.5,4.3,50+
3584,2024-01-02,7,310,1,C143,Hamra,Strawberry Milkshake,Shakes,5.5,1.8,M,36,Saida,15,2,1,2024,Tuesday,5.5,3.7,36–50
4709,2024-12-26,19,309,2,C188,Hamra,Chocolate Milkshake,Shakes,5.5,1.8,M,26,Jounieh,5053,26,12,2024,Thursday,11.0,7.4,26–35
4688,2024-05-04,8,108,3,C188,Hamra,Caramel Latte,Coffee,4.8,1.0,M,26,Jounieh,1738,4,5,2024,Saturday,14.399999999999999,11.399999999999999,26–35
130,2024-04-19,9,109,2,C006,Hamra,Hot Chocolate,Hot Drinks,3.8,0.9,F,44,Tripoli,1529,19,4,2024,Friday,7.6,5.8,36–50
1268,2024-03-26,9,604,2,C052,Hamra,Tabbouleh,Salads,5.5,2.0,F,28,Jounieh,1193,26,3,2024,Tuesday,11.0,7.0,26–35
3519,2024-04-29,14,501,1,C140,Hamra,Shish Tawouk Sandwich,Sandwiches,6.5,2.5,F,50,Tripoli,1674,29,4,2024,Monday,6.5,4.0,36–50
473,2024-05-06,13,405,1,C019,Hamra,Lahm Baajin,Manakish,5.0,1.2,M,43,Tripoli,1771,6,5,2024,Monday,5.0,3.8,36–50
1880,2024-09-11,12,706,1,C075,Hamra,Honey Pancakes,Desserts,4.5,1.5,M,58,Saida,3562,11,9,2024,Wednesday,4.5,3.0,50+
3233,2024-07-01,16,304,2,C130,Hamra,Carrot Juice,Cold Drinks,3.5,1.0,F,26,Beirut,2558,1,7,2024,Monday,7.0,5.0,26–35
1344,2024-01-16,16,706,3,C055,Hamra,Honey Pancakes,Desserts,4.5,1.5,F,44,Tyre,220,16,1,2024,Tuesday,13.5,9.0,36–50
352,2024-03-02,17,301,2,C015,Hamra,Lemonade,Cold Drinks,3.0,0.8,F,52,Zahle,865,2,3,2024,Saturday,6.0,4.4,50+
4803,2024-06-06,10,309,2,C192,Hamra,Chocolate Milkshake,Shakes,5.5,1.8,F,27,Tripoli,2202,6,6,2024,Thursday,11.0,7.4,26–35
2517,2024-09-24,15,602,1,C100,Hamra,Greek Salad,Salads,6.5,2.8,F,29,Byblos,3747,24,9,2024,Tuesday,6.5,3.7,26–35
1707,2024-02-04,7,306,1,C069,Hamra,Mango Cocktail,Cocktails,6.0,2.2,F,56,Zahle,477,4,2,2024,Sunday,6.0,3.8,50+
3601,2024-09-23,17,411,1,C143,Hamra,Mutabbal,Appetizers,4.2,1.2,M,36,Saida,3735,23,9,2024,Monday,4.2,3.0,36–50
1040,2024-03-04,8,504,1,C043,Hamra,Halloumi Sandwich,Sandwiches,6.0,2.0,M,42,Tyre,884,4,3,2024,Monday,6.0,4.0,36–50
403,2024-02-19,20,503,1,C017,Hamra,BBQ Chicken Sandwich,Sandwiches,7.5,3.2,M,34,Byblos,700,19,2,2024,Monday,7.5,4.3,26–35
2469,2024-09-11,10,605,1,C098,Hamra,Halloumi Salad,Salads,6.8,2.9,M,33,Tripoli,3560,11,9,2024,Wednesday,6.8,3.9,26–35
2925,2024-05-28,9,106,1,C116,Hamra,Cappuccino,Coffee,3.5,0.7,F,48,Jounieh,2075,28,5,2024,Tuesday,3.5,2.8,36–50
3828,2024-11-20,7,105,1,C152,Hamra,Café Latte,Coffee,4.0,0.8,F,39,Tripoli,4537,20,11,2024,Wednesday,4.0,3.2,36–50
1856,2024-10-30,11,204,1,C074,Hamra,Chamomile Tea,Tea,2.5,0.5,M,29,Saida,4247,30,10,2024,Wednesday,2.5,2.0,26–35
2930,2024-10-02,13,706,1,C116,Hamra,Honey Pancakes,Desserts,4.5,1.5,F,48,Jounieh,3857,2,10,2024,Wednesday,4.5,3.0,36–50
743,2024-12-22,8,603,1,C030,Hamra,Fattoush,Salads,5.5,2.0,M,23,Saida,4986,22,12,2024,Sunday,5.5,3.5,16–25
1664,2024-06-20,11,506,1,C067,Hamra,Steak Sandwich,Sandwiches,9.0,4.0,M,60,Beirut,2399,20,6,2024,Thursday,9.0,5.0,50+
1255,2024-07-19,12,703,1,C051,Hamra,Ashta W Banane,Cocktails Specials,7.0,2.5,F,48,Tripoli,2806,19,7,2024,Friday,7.0,4.5,36–50
1494,2024-11-19,17,104,2,C060,Hamra,Americano,Coffee,3.0,0.6,F,22,Zahle,4533,19,11,2024,Tuesday,6.0,4.8,16–25
55,2024-02-04,13,108,1,C003,Hamra,Caramel Latte,Coffee,4.8,1.0,F,51,Batroun,483,4,2,2024,Sunday,4.8,3.8,50+
2626,2024-08-03,7,309,1,C104,Hamra,Chocolate Milkshake,Shakes,5.5,1.8,F,36,Jounieh,3011,3,8,2024,Saturday,5.5,3.7,36–50
104,2024-03-05,13,201,2,C005,Hamra,Tea,Tea,2.0,0.4,M,33,Beirut,903,5,3,2024,Tuesday,4.0,3.2,26–35
669,2024-01-08,10,302,2,C028,Hamra,Lemonade Mint,Cold Drinks,3.5,1.0,M,18,Tripoli,102,8,1,2024,Monday,7.0,5.0,16–25
2731,2024-10-27,14,703,2,C108,Hamra,Ashta W Banane,Cocktails Specials,7.0,2.5,F,21,Saida,4208,27,10,2024,Sunday,14.0,9.0,16–25
3505,2024-12-08,19,306,1,C139,Hamra,Mango Cocktail,Cocktails,6.0,2.2,M,33,Saida,4801,8,12,2024,Sunday,6.0,3.8,26–35
4989,2024-11-27,10,401,1,C200,Hamra,Croissant,Bakery,3.0,0.8,M,40,Byblos,4638,27,11,2024,Wednesday,3.0,2.2,36–50
2528,2024-03-16,12,601,1,C101,Hamra,Chicken Caesar Salad,Salads,7.5,3.2,M,44,Byblos,1056,16,3,2024,Saturday,7.5,4.3,36–50
4982,2024-06-22,15,701,1,C200,Hamra,Nutella Crepe,Desserts,5.5,1.8,M,40,Byblos,2431,22,6,2024,Saturday,5.5,3.7,36–50
1889,2024-02-16,11,602,3,C076,Hamra,Greek Salad,Salads,6.5,2.8,M,40,Saida,649,16,2,2024,Friday,19.5,11.100000000000001,36–50
347,2024-01-15,20,603,1,C015,Hamra,Fattoush,Salads,5.5,2.0,F,52,Zahle,210,15,1,2024,Monday,5.5,3.5,50+
2084,2024-12-26,18,402,1,C083,Hamra,Zaatar Manoushe,Manakish,3.5,0.5,M,47,Byblos,5052,26,12,2024,Thursday,3.5,3.0,36–50
1177,2024-05-26,10,301,1,C048,Hamra,Lemonade,Cold Drinks,3.0,0.8,F,39,Zahle,2048,26,5,2024,Sunday,3.0,2.2,36–50
3163,2024-01-26,14,401,1,C127,Hamra,Croissant,Bakery,3.0,0.8,M,30,Tripoli,358,26,1,2024,Friday,3.0,2.2,26–35
1135,2024-11-03,19,706,1,C046,Hamra,Honey Pancakes,Desserts,4.5,1.5,F,60,Saida,4311,3,11,2024,Sunday,4.5,3.0,50+
675,2024-04-02,15,408,2,C028,Hamra,Fries,Appetizers,3.0,0.7,M,18,Tripoli,1297,2,4,2024,Tuesday,6.0,4.6,16–25
157,2024-08-19,10,406,2,C007,Hamra,Kaak with Cheese,Bakery,3.5,0.8,M,24,Batroun,3238,19,8,2024,Monday,7.0,5.4,16–25
4952,2024-01-21,9,701,3,C199,Hamra,Nutella Crepe,Desserts,5.5,1.8,M,46,Jounieh,283,21,1,2024,Sunday,16.5,11.100000000000001,36–50
2358,2024-11-02,14,605,1,C094,Hamra,Halloumi Salad,Salads,6.8,2.9,M,40,Tripoli,4292,2,11,2024,Saturday,6.8,3.9,36–50
2048,2024-02-07,20,106,1,C082,Hamra,Cappuccino,Coffee,3.5,0.7,M,37,Tripoli,532,7,2,2024,Wednesday,3.5,2.8,36–50
2211,2024-10-02,11,602,1,C088,Hamra,Greek Salad,Salads,6.5,2.8,F,56,Beirut,3855,2,10,2024,Wednesday,6.5,3.7,50+
3329,2024-06-05,8,108,1,C134,Hamra,Caramel Latte,Coffee,4.8,1.0,F,60,Zahle,2186,5,6,2024,Wednesday,4.8,3.8,50+
4637,2024-06-27,16,107,3,C186,Hamra,Mocha,Coffee,4.5,0.9,F,34,Beirut,2502,27,6,2024,Thursday,13.5,10.8,26–35
1685,2024-05-11,15,409,1,C068,Hamra,Pita Chips,Appetizers,2.5,0.6,F,21,Beirut,1843,11,5,2024,Saturday,2.5,1.9,16–25
1371,2024-11-06,9,602,2,C055,Hamra,Greek Salad,Salads,6.5,2.8,F,44,Tyre,4343,6,11,2024,Wednesday,13.0,7.4,36–50
4880,2024-12-13,18,706,1,C195,Hamra,Honey Pancakes,Desserts,4.5,1.5,M,26,Saida,4870,13,12,2024,Friday,4.5,3.0,26–35
4378,2024-01-28,8,204,1,C177,Hamra,Chamomile Tea,Tea,2.5,0.5,M,23,Saida,380,28,1,2024,Sunday,2.5,2.0,16–25
2974,2024-09-16,7,301,1,C118,Hamra,Lemonade,Cold Drinks,3.0,0.8,F,48,Jounieh,3627,16,9,2024,Monday,3.0,2.2,36–50
4430,2024-03-16,20,601,1,C179,Hamra,Chicken Caesar Salad,Salads,7.5,3.2,F,43,Zahle,1064,16,3,2024,Saturday,7.5,4.3,36–50
4657,2024-03-07,14,705,2,C187,Hamra,Ice Cream 2 Scoops,Desserts,4.0,1.2,F,18,Tyre,932,7,3,2024,Thursday,8.0,5.6,16–25
3349,2024-12-07,17,109,1,C134,Hamra,Hot Chocolate,Hot Drinks,3.8,0.9,F,60,Zahle,4785,7,12,2024,Saturday,3.8,2.9,50+
2724,2024-07-12,9,110,2,C108,Hamra,Sahlab,Hot Drinks,4.0,1.0,F,21,Saida,2705,12,7,2024,Friday,8.0,6.0,16–25
1249,2024-06-10,13,302,2,C051,Hamra,Lemonade Mint,Cold Drinks,3.5,1.0,F,48,Tripoli,2261,10,6,2024,Monday,7.0,5.0,36–50
932,2024-12-12,7,202,1,C038,Hamra,Mint Tea,Tea,2.2,0.5,F,39,Saida,4845,12,12,2024,Thursday,2.2,1.7000000000000002,36–50
3508,2024-12-26,7,106,2,C139,Hamra,Cappuccino,Coffee,3.5,0.7,M,33,Saida,5041,26,12,2024,Thursday,7.0,5.6,26–35
4478,2024-09-13,18,304,1,C180,Hamra,Carrot Juice,Cold Drinks,3.5,1.0,M,20,Jounieh,3596,13,9,2024,Friday,3.5,2.5,16–25
2314,2024-03-12,15,601,1,C093,Hamra,Chicken Caesar Salad,Salads,7.5,3.2,F,27,Byblos,1003,12,3,2024,Tuesday,7.5,4.3,26–35
492,2024-03-27,18,505,2,C020,Hamra,Turkey Sandwich,Sandwiches,5.5,2.2,M,55,Tyre,1216,27,3,2024,Wednesday,11.0,6.6,50+
233,2024-09-18,14,706,3,C010,Hamra,Honey Pancakes,Desserts,4.5,1.5,F,49,Tyre,3662,18,9,2024,Wednesday,13.5,9.0,36–50
637,2024-08-01,18,404,1,C026,Hamra,Keshek Manoushe,Manakish,4.0,0.7,M,28,Beirut,2994,1,8,2024,Thursday,4.0,3.3,26–35
1179,2024-06-01,19,106,1,C048,Hamra,Cappuccino,Coffee,3.5,0.7,F,39,Zahle,2141,1,6,2024,Saturday,3.5,2.8,36–50
2278,2024-07-28,9,310,1,C091,Hamra,Strawberry Milkshake,Shakes,5.5,1.8,M,47,Tyre,2929,28,7,2024,Sunday,5.5,3.7,36–50
2866,2024-03-01,12,309,1,C114,Hamra,Chocolate Milkshake,Shakes,5.5,1.8,F,50,Byblos,846,1,3,2024,Friday,5.5,3.7,36–50
339,2024-09-24,17,310,1,C014,Hamra,Strawberry Milkshake,Shakes,5.5,1.8,M,38,Saida,3749,24,9,2024,Tuesday,5.5,3.7,36–50
2515,2024-09-18,9,301,3,C100,Hamra,Lemonade,Cold Drinks,3.0,0.8,F,29,Byblos,3657,18,9,2024,Wednesday,9.0,6.6000000000000005,26–35
4670,2024-08-05,19,705,1,C187,Hamra,Ice Cream 2 Scoops,Desserts,4.0,1.2,F,18,Tyre,3051,5,8,2024,Monday,4.0,2.8,16–25
282,2024-10-09,18,301,1,C012,Hamra,Lemonade,Cold Drinks,3.0,0.8,F,60,Beirut,3960,9,10,2024,Wednesday,3.0,2.2,50+
2924,2024-05-15,10,106,1,C116,Hamra,Cappuccino,Coffee,3.5,0.7,F,48,Jounieh,1894,15,5,2024,Wednesday,3.5,2.8,36–50
3096,2024-12-27,7,501,1,C123,Hamra,Shish Tawouk Sandwich,Sandwiches,6.5,2.5,F,27,Saida,5055,27,12,2024,Friday,6.5,4.0,26–35
560,2024-04-02,11,306,1,C023,Hamra,Mango Cocktail,Cocktails,6.0,2.2,M,18,Saida,1293,2,4,2024,Tuesday,6.0,3.8,16–25
2131,2024-04-18,7,104,1,C085,Hamra,Americano,Coffee,3.0,0.6,F,40,Saida,1513,18,4,2024,Thursday,3.0,2.4,36–50
1804,2024-08-28,19,409,2,C072,Hamra,Pita Chips,Appetizers,2.5,0.6,F,59,Jounieh,3373,28,8,2024,Wednesday,5.0,3.8,50+
4186,2024-12-20,7,403,1,C167,Hamra,Cheese Manoushe,Manakish,4.5,0.8,F,25,Jounieh,4957,20,12,2024,Friday,4.5,3.7,16–25
3069,2024-05-21,16,502,1,C122,Hamra,Chicken Sub Sandwich,Sandwiches,7.0,3.0,F,41,Beirut,1984,21,5,2024,Tuesday,7.0,4.0,36–50
3435,2024-10-17,17,505,2,C137,Hamra,Turkey Sandwich,Sandwiches,5.5,2.2,F,30,Saida,4071,17,10,2024,Thursday,11.0,6.6,26–35
2374,2024-08-24,17,403,1,C095,Hamra,Cheese Manoushe,Manakish,4.5,0.8,M,40,Zahle,3315,24,8,2024,Saturday,4.5,3.7,36–50
622,2024-12-05,20,302,1,C025,Hamra,Lemonade Mint,Cold Drinks,3.5,1.0,F,25,Beirut,4760,5,12,2024,Thursday,3.5,2.5,16–25
423,2024-11-07,13,204,1,C017,Hamra,Chamomile Tea,Tea,2.5,0.5,M,34,Byblos,4361,7,11,2024,Thursday,2.5,2.0,26–35
4234,2024-06-25,18,107,1,C170,Hamra,Mocha,Coffee,4.5,0.9,F,23,Tripoli,2476,25,6,2024,Tuesday,4.5,3.6,16–25
702,2024-05-20,12,307,1,C029,Hamra,Strawberry Cocktail,Cocktails,6.0,2.0,F,24,Tripoli,1966,20,5,2024,Monday,6.0,4.0,16–25
4692,2024-07-07,8,704,1,C188,Hamra,Mafroukeh Dessert,Desserts,6.5,2.5,M,26,Jounieh,2634,7,7,2024,Sunday,6.5,4.0,26–35
1652,2024-02-18,20,101,2,C067,Hamra,Espresso,Coffee,2.5,0.5,M,60,Beirut,686,18,2,2024,Sunday,5.0,4.0,50+
2142,2024-10-28,17,404,2,C085,Hamra,Keshek Manoushe,Manakish,4.0,0.7,F,40,Saida,4225,28,10,2024,Monday,8.0,6.6,36–50
1413,2024-07-08,18,705,1,C057,Hamra,Ice Cream 2 Scoops,Desserts,4.0,1.2,M,37,Batroun,2658,8,7,2024,Monday,4.0,2.8,36–50
1796,2024-05-15,8,406,1,C072,Hamra,Kaak with Cheese,Bakery,3.5,0.8,F,59,Jounieh,1892,15,5,2024,Wednesday,3.5,2.7,50+
321,2024-02-12,17,405,1,C014,Hamra,Lahm Baajin,Manakish,5.0,1.2,M,38,Saida,599,12,2,2024,Monday,5.0,3.8,36–50
957,2024-12-18,13,205,1,C039,Hamra,Mate,Tea,2.5,0.5,M,49,Batroun,4935,18,12,2024,Wednesday,2.5,2.0,36–50
3622,2024-03-30,7,303,1,C144,Hamra,Fresh Orange Juice,Cold Drinks,3.5,1.0,F,39,Batroun,1247,30,3,2024,Saturday,3.5,2.5,36–50
454,2024-10-21,19,410,1,C018,Hamra,Hummus,Appetizers,4.0,1.2,M,19,Tripoli,4129,21,10,2024,Monday,4.0,2.8,16–25
1883,2024-12-06,8,703,1,C075,Hamra,Ashta W Banane,Cocktails Specials,7.0,2.5,M,58,Saida,4762,6,12,2024,Friday,7.0,4.5,50+
2575,2024-09-01,18,405,2,C102,Hamra,Lahm Baajin,Manakish,5.0,1.2,M,29,Tripoli,3428,1,9,2024,Sunday,10.0,7.6,26–35
499,2024-07-10,14,409,1,C020,Hamra,Pita Chips,Appetizers,2.5,0.6,M,55,Tyre,2682,10,7,2024,Wednesday,2.5,1.9,50+
2953,2024-11-13,12,506,2,C117,Hamra,Steak Sandwich,Sandwiches,9.0,4.0,F,49,Zahle,4444,13,11,2024,Wednesday,18.0,10.0,36–50
4317,2024-04-15,20,201,2,C174,Hamra,Tea,Tea,2.0,0.4,M,20,Tyre,1484,15,4,2024,Monday,4.0,3.2,16–25
2956,2024-12-28,8,402,1,C117,Hamra,Zaatar Manoushe,Manakish,3.5,0.5,F,49,Zahle,5070,28,12,2024,Saturday,3.5,3.0,36–50
4305,2024-11-05,13,309,2,C173,Hamra,Chocolate Milkshake,Shakes,5.5,1.8,F,31,Tripoli,4333,5,11,2024,Tuesday,11.0,7.4,26–35
91,2024-08-20,10,410,2,C004,Hamra,Hummus,Appetizers,4.0,1.2,M,23,Tyre,3252,20,8,2024,Tuesday,8.0,5.6,16–25
2110,2024-09-21,8,503,1,C084,Hamra,BBQ Chicken Sandwich,Sandwiches,7.5,3.2,M,53,Batroun,3698,21,9,2024,Saturday,7.5,4.3,50+
3735,2024-12-09,18,108,1,C148,Hamra,Caramel Latte,Coffee,4.8,1.0,M,19,Beirut,4814,9,12,2024,Monday,4.8,3.8,16–25
3480,2024-02-06,12,704,1,C139,Hamra,Mafroukeh Dessert,Desserts,6.5,2.5,M,33,Saida,510,6,2,2024,Tuesday,6.5,4.0,26–35
2888,2024-10-31,17,303,3,C114,Hamra,Fresh Orange Juice,Cold Drinks,3.5,1.0,F,50,Byblos,4267,31,10,2024,Thursday,10.5,7.5,36–50
1606,2024-02-10,15,203,1,C065,Hamra,Green Tea,Tea,2.2,0.5,F,42,Saida,569,10,2,2024,Saturday,2.2,1.7000000000000002,36–50
3676,2024-01-17,17,603,1,C146,Hamra,Fattoush,Salads,5.5,2.0,M,27,Beirut,235,17,1,2024,Wednesday,5.5,3.5,26–35
4185,2024-12-09,15,309,1,C167,Hamra,Chocolate Milkshake,Shakes,5.5,1.8,F,25,Jounieh,4811,9,12,2024,Monday,5.5,3.7,16–25
1078,2024-10-03,20,704,1,C044,Hamra,Mafroukeh Dessert,Desserts,6.5,2.5,F,20,Zahle,3878,3,10,2024,Thursday,6.5,4.0,16–25
2977,2024-11-02,14,308,1,C118,Hamra,Banane Avocat,Cocktails,6.5,2.5,F,48,Jounieh,4292,2,11,2024,Saturday,6.5,4.0,36–50
2495,2024-02-28,9,202,2,C100,Hamra,Mint Tea,Tea,2.2,0.5,F,29,Byblos,815,28,2,2024,Wednesday,4.4,3.4000000000000004,26–35
437,2024-07-01,9,702,1,C018,Hamra,Lotus Crepe,Desserts,5.8,1.9,M,19,Tripoli,2551,1,7,2024,Monday,5.8,3.9,16–25
4332,2024-02-10,8,405,2,C175,Hamra,Lahm Baajin,Manakish,5.0,1.2,F,39,Saida,562,10,2,2024,Saturday,10.0,7.6,36–50
3975,2024-02-08,11,406,2,C159,Hamra,Kaak with Cheese,Bakery,3.5,0.8,M,59,Tripoli,537,8,2,2024,Thursday,7.0,5.4,50+
3191,2024-07-10,20,403,1,C128,Hamra,Cheese Manoushe,Manakish,4.5,0.8,M,36,Batroun,2688,10,7,2024,Wednesday,4.5,3.7,36–50
4178,2024-09-23,18,307,1,C167,Hamra,Strawberry Cocktail,Cocktails,6.0,2.0,F,25,Jounieh,3736,23,9,2024,Monday,6.0,4.0,16–25
924,2024-05-26,20,602,2,C038,Hamra,Greek Salad,Salads,6.5,2.8,F,39,Saida,2058,26,5,2024,Sunday,13.0,7.4,36–50
4348,2024-11-28,10,403,3,C175,Hamra,Cheese Manoushe,Manakish,4.5,0.8,F,39,Saida,4652,28,11,2024,Thursday,13.5,11.100000000000001,36–50
4932,2024-05-06,13,203,1,C198,Hamra,Green Tea,Tea,2.2,0.5,F,29,Tyre,1771,6,5,2024,Monday,2.2,1.7000000000000002,26–35
3387,2024-02-15,10,310,1,C136,Hamra,Strawberry Milkshake,Shakes,5.5,1.8,M,42,Saida,634,15,2,2024,Thursday,5.5,3.7,36–50
2616,2024-02-14,15,602,1,C104,Hamra,Greek Salad,Salads,6.5,2.8,F,36,Jounieh,625,14,2,2024,Wednesday,6.5,3.7,36–50
4808,2024-01-01,18,704,2,C193,Hamra,Mafroukeh Dessert,Desserts,6.5,2.5,M,48,Byblos,12,1,1,2024,Monday,13.0,8.0,36–50
306,2024-06-16,18,604,2,C013,Hamra,Tabbouleh,Salads,5.5,2.0,M,29,Beirut,2350,16,6,2024,Sunday,11.0,7.0,26–35
1354,2024-04-17,8,107,1,C055,Hamra,Mocha,Coffee,4.5,0.9,F,44,Tyre,1500,17,4,2024,Wednesday,4.5,3.6,36–50
2198,2024-01-19,17,603,2,C088,Hamra,Fattoush,Salads,5.5,2.0,F,56,Beirut,263,19,1,2024,Friday,11.0,7.0,50+
2144,2024-11-27,20,106,1,C085,Hamra,Cappuccino,Coffee,3.5,0.7,F,40,Saida,4648,27,11,2024,Wednesday,3.5,2.8,36–50
2738,2024-03-12,12,309,2,C109,Hamra,Chocolate Milkshake,Shakes,5.5,1.8,M,29,Jounieh,1000,12,3,2024,Tuesday,11.0,7.4,26–35
1043,2024-04-18,13,304,1,C043,Hamra,Carrot Juice,Cold Drinks,3.5,1.0,M,42,Tyre,1519,18,4,2024,Thursday,3.5,2.5,36–50
3285,2024-09-24,10,304,1,C132,Hamra,Carrot Juice,Cold Drinks,3.5,1.0,M,33,Tyre,3742,24,9,2024,Tuesday,3.5,2.5,26–35
1776,2024-08-27,19,411,1,C071,Hamra,Mutabbal,Appetizers,4.2,1.2,F,29,Byblos,3359,27,8,2024,Tuesday,4.2,3.0,26–35
4701,2024-10-27,12,704,1,C188,Hamra,Mafroukeh Dessert,Desserts,6.5,2.5,M,26,Jounieh,4206,27,10,2024,Sunday,6.5,4.0,26–35
269,2024-03-30,13,109,1,C012,Hamra,Hot Chocolate,Hot Drinks,3.8,0.9,F,60,Beirut,1253,30,3,2024,Saturday,3.8,2.9,50+
1449,2024-04-12,10,701,1,C059,Hamra,Nutella Crepe,Desserts,5.5,1.8,F,31,Jounieh,1432,12,4,2024,Friday,5.5,3.7,26–35
4521,2024-09-06,14,411,1,C182,Hamra,Mutabbal,Appetizers,4.2,1.2,F,55,Zahle,3494,6,9,2024,Friday,4.2,3.0,50+
1057,2024-01-08,15,502,1,C044,Hamra,Chicken Sub Sandwich,Sandwiches,7.0,3.0,F,20,Zahle,107,8,1,2024,Monday,7.0,4.0,16–25
378,2024-06-01,7,504,1,C016,Hamra,Halloumi Sandwich,Sandwiches,6.0,2.0,M,50,Zahle,2129,1,6,2024,Saturday,6.0,4.0,36–50
3350,2024-12-12,13,404,2,C134,Hamra,Keshek Manoushe,Manakish,4.0,0.7,F,60,Zahle,4851,12,12,2024,Thursday,8.0,6.6,50+
331,2024-06-22,15,309,2,C014,Hamra,Chocolate Milkshake,Shakes,5.5,1.8,M,38,Saida,2431,22,6,2024,Saturday,11.0,7.4,36–50
2916,2024-12-08,18,701,1,C115,Hamra,Nutella Crepe,Desserts,5.5,1.8,F,36,Byblos,4800,8,12,2024,Sunday,5.5,3.7,36–50
2827,2024-06-06,16,105,1,C112,Hamra,Café Latte,Coffee,4.0,0.8,F,46,Tripoli,2208,6,6,2024,Thursday,4.0,3.2,36–50
3082,2024-08-02,11,706,1,C123,Hamra,Honey Pancakes,Desserts,4.5,1.5,F,27,Saida,3001,2,8,2024,Friday,4.5,3.0,26–35
1433,2024-06-25,18,506,3,C058,Hamra,Steak Sandwich,Sandwiches,9.0,4.0,F,22,Tripoli,2476,25,6,2024,Tuesday,27.0,15.0,16–25
3984,2024-06-23,8,603,3,C159,Hamra,Fattoush,Salads,5.5,2.0,M,59,Tripoli,2438,23,6,2024,Sunday,16.5,10.5,50+
4222,2024-12-05,16,401,1,C169,Hamra,Croissant,Bakery,3.0,0.8,M,24,Tyre,4756,5,12,2024,Thursday,3.0,2.2,16–25
3026,2024-12-03,12,204,3,C120,Hamra,Chamomile Tea,Tea,2.5,0.5,F,50,Zahle,4724,3,12,2024,Tuesday,7.5,6.0,36–50
841,2024-05-25,18,503,2,C035,Hamra,BBQ Chicken Sandwich,Sandwiches,7.5,3.2,M,33,Byblos,2042,25,5,2024,Saturday,15.0,8.6,26–35
240,2024-11-19,18,404,2,C010,Hamra,Keshek Manoushe,Manakish,4.0,0.7,F,49,Tyre,4534,19,11,2024,Tuesday,8.0,6.6,36–50
2030,2024-06-09,13,705,1,C081,Hamra,Ice Cream 2 Scoops,Desserts,4.0,1.2,M,55,Tripoli,2247,9,6,2024,Sunday,4.0,2.8,50+
3956,2024-05-06,8,106,1,C158,Hamra,Cappuccino,Coffee,3.5,0.7,F,26,Batroun,1766,6,5,2024,Monday,3.5,2.8,26–35
1061,2024-03-22,8,107,1,C044,Hamra,Mocha,Coffee,4.5,0.9,F,20,Zahle,1136,22,3,2024,Friday,4.5,3.6,16–25
4545,2024-05-26,16,501,1,C183,Hamra,Shish Tawouk Sandwich,Sandwiches,6.5,2.5,M,23,Saida,2054,26,5,2024,Sunday,6.5,4.0,16–25
1775,2024-08-26,20,706,1,C071,Hamra,Honey Pancakes,Desserts,4.5,1.5,F,29,Byblos,3346,26,8,2024,Monday,4.5,3.0,26–35
431,2024-03-24,18,303,1,C018,Hamra,Fresh Orange Juice,Cold Drinks,3.5,1.0,M,19,Tripoli,1174,24,3,2024,Sunday,3.5,2.5,16–25
2069,2024-04-22,16,308,1,C083,Hamra,Banane Avocat,Cocktails,6.5,2.5,M,47,Byblos,1578,22,4,2024,Monday,6.5,4.0,36–50
1976,2024-08-12,7,602,1,C079,Hamra,Greek Salad,Salads,6.5,2.8,M,38,Byblos,3137,12,8,2024,Monday,6.5,3.7,36–50
2166,2024-11-27,10,502,1,C086,Hamra,Chicken Sub Sandwich,Sandwiches,7.0,3.0,M,33,Tripoli,4638,27,11,2024,Wednesday,7.0,4.0,26–35
4173,2024-08-30,13,101,1,C167,Hamra,Espresso,Coffee,2.5,0.5,F,25,Jounieh,3395,30,8,2024,Friday,2.5,2.0,16–25
1016,2024-05-22,20,104,3,C042,Hamra,Americano,Coffee,3.0,0.6,F,26,Tripoli,2002,22,5,2024,Wednesday,9.0,7.199999999999999,26–35
4507,2024-02-10,15,704,2,C182,Hamra,Mafroukeh Dessert,Desserts,6.5,2.5,F,55,Zahle,569,10,2,2024,Saturday,13.0,8.0,50+
3110,2024-09-14,9,602,1,C124,Hamra,Greek Salad,Salads,6.5,2.8,M,52,Tyre,3601,14,9,2024,Saturday,6.5,3.7,50+
737,2024-10-11,18,605,1,C030,Hamra,Halloumi Salad,Salads,6.8,2.9,M,23,Saida,3988,11,10,2024,Friday,6.8,3.9,16–25
493,2024-04-14,17,410,1,C020,Hamra,Hummus,Appetizers,4.0,1.2,M,55,Tyre,1467,14,4,2024,Sunday,4.0,2.8,50+
3150,2024-07-20,13,308,1,C126,Hamra,Banane Avocat,Cocktails,6.5,2.5,M,59,Jounieh,2821,20,7,2024,Saturday,6.5,4.0,50+
2415,2024-11-02,13,402,2,C096,Hamra,Zaatar Manoushe,Manakish,3.5,0.5,M,46,Zahle,4291,2,11,2024,Saturday,7.0,6.0,36–50
3138,2024-11-26,13,401,1,C125,Hamra,Croissant,Bakery,3.0,0.8,F,37,Batroun,4627,26,11,2024,Tuesday,3.0,2.2,36–50
1031,2024-09-22,8,705,1,C042,Hamra,Ice Cream 2 Scoops,Desserts,4.0,1.2,F,26,Tripoli,3712,22,9,2024,Sunday,4.0,2.8,26–35
2237,2024-07-28,12,108,2,C089,Hamra,Caramel Latte,Coffee,4.8,1.0,F,21,Saida,2932,28,7,2024,Sunday,9.6,7.6,16–25
2173,2024-02-20,8,601,1,C087,Hamra,Chicken Caesar Salad,Salads,7.5,3.2,F,60,Batroun,702,20,2,2024,Tuesday,7.5,4.3,50+
106,2024-04-27,12,301,1,C005,Hamra,Lemonade,Cold Drinks,3.0,0.8,M,33,Beirut,1644,27,4,2024,Saturday,3.0,2.2,26–35
1229,2024-07-19,19,505,1,C050,Hamra,Turkey Sandwich,Sandwiches,5.5,2.2,M,38,Jounieh,2813,19,7,2024,Friday,5.5,3.3,36–50
979,2024-02-08,16,103,1,C041,Hamra,Blonde Coffee,Coffee,2.2,0.5,M,42,Tyre,542,8,2,2024,Thursday,2.2,1.7000000000000002,36–50
2337,2024-01-28,9,407,1,C094,Hamra,Cheese Rolls,Appetizers,4.5,1.0,M,40,Tripoli,381,28,1,2024,Sunday,4.5,3.5,36–50
4176,2024-09-15,20,105,1,C167,Hamra,Café Latte,Coffee,4.0,0.8,F,25,Jounieh,3626,15,9,2024,Sunday,4.0,3.2,16–25
1402,2024-03-24,8,305,1,C057,Hamra,Avocado Shake Cocktails,Shakes,6.0,2.2,M,37,Batroun,1164,24,3,2024,Sunday,6.0,3.8,36–50
4596,2024-06-03,18,204,2,C185,Hamra,Chamomile Tea,Tea,2.5,0.5,M,39,Saida,2168,3,6,2024,Monday,5.0,4.0,36–50
4123,2024-04-26,20,407,1,C165,Hamra,Cheese Rolls,Appetizers,4.5,1.0,M,44,Batroun,1638,26,4,2024,Friday,4.5,3.5,36–50
3354,2024-01-02,12,401,2,C135,Hamra,Croissant,Bakery,3.0,0.8,F,20,Byblos,20,2,1,2024,Tuesday,6.0,4.4,16–25
3299,2024-04-02,8,605,1,C133,Hamra,Halloumi Salad,Salads,6.8,2.9,M,41,Beirut,1290,2,4,2024,Tuesday,6.8,3.9,36–50
1250,2024-06-14,11,106,1,C051,Hamra,Cappuccino,Coffee,3.5,0.7,F,48,Tripoli,2315,14,6,2024,Friday,3.5,2.8,36–50
2683,2024-12-15,8,411,1,C106,Hamra,Mutabbal,Appetizers,4.2,1.2,F,59,Tripoli,4888,15,12,2024,Sunday,4.2,3.0,50+
3412,2024-10-22,9,504,1,C136,Hamra,Halloumi Sandwich,Sandwiches,6.0,2.0,M,42,Saida,4133,22,10,2024,Tuesday,6.0,4.0,36–50
4578,2024-09-14,9,704,1,C184,Hamra,Mafroukeh Dessert,Desserts,6.5,2.5,M,25,Batroun,3601,14,9,2024,Saturday,6.5,4.0,16–25
250,2024-03-21,12,105,1,C011,Hamra,Café Latte,Coffee,4.0,0.8,M,23,Batroun,1126,21,3,2024,Thursday,4.0,3.2,16–25
3784,2024-09-24,12,203,2,C150,Hamra,Green Tea,Tea,2.2,0.5,M,46,Zahle,3744,24,9,2024,Tuesday,4.4,3.4000000000000004,36–50
2466,2024-08-22,16,407,1,C098,Hamra,Cheese Rolls,Appetizers,4.5,1.0,M,33,Tripoli,3286,22,8,2024,Thursday,4.5,3.5,26–35
2493,2024-11-16,9,301,1,C099,Hamra,Lemonade,Cold Drinks,3.0,0.8,M,49,Zahle,4483,16,11,2024,Saturday,3.0,2.2,36–50
3501,2024-11-06,9,101,3,C139,Hamra,Espresso,Coffee,2.5,0.5,M,33,Saida,4343,6,11,2024,Wednesday,7.5,6.0,26–35
4702,2024-10-27,19,203,1,C188,Hamra,Green Tea,Tea,2.2,0.5,M,26,Jounieh,4213,27,10,2024,Sunday,2.2,1.7000000000000002,26–35
2418,2024-12-22,18,201,1,C096,Hamra,Tea,Tea,2.0,0.4,M,46,Zahle,4996,22,12,2024,Sunday,2.0,1.6,36–50
2673,2024-07-31,19,706,2,C106,Hamra,Honey Pancakes,Desserts,4.5,1.5,F,59,Tripoli,2981,31,7,2024,Wednesday,9.0,6.0,50+
3590,2024-03-02,7,108,1,C143,Hamra,Caramel Latte,Coffee,4.8,1.0,M,36,Saida,855,2,3,2024,Saturday,4.8,3.8,36–50
4136,2024-02-18,13,310,1,C166,Hamra,Strawberry Milkshake,Shakes,5.5,1.8,F,48,Beirut,679,18,2,2024,Sunday,5.5,3.7,36–50
7,2024-05-06,19,504,1,C001,Hamra,Halloumi Sandwich,Sandwiches,6.0,2.0,F,18,Zahle,1777,6,5,2024,Monday,6.0,4.0,16–25
1127,2024-08-10,14,407,1,C046,Hamra,Cheese Rolls,Appetizers,4.5,1.0,F,60,Saida,3116,10,8,2024,Saturday,4.5,3.5,50+
2214,2024-10-05,8,309,1,C088,Hamra,Chocolate Milkshake,Shakes,5.5,1.8,F,56,Beirut,3894,5,10,2024,Saturday,5.5,3.7,50+
4262,2024-10-20,10,403,1,C171,Hamra,Cheese Manoushe,Manakish,4.5,0.8,M,27,Byblos,4106,20,10,2024,Sunday,4.5,3.7,26–35
546,2024-10-10,16,204,3,C022,Hamra,Chamomile Tea,Tea,2.5,0.5,F,32,Tyre,3972,10,10,2024,Thursday,7.5,6.0,26–35
77,2024-10-03,13,603,2,C003,Hamra,Fattoush,Salads,5.5,2.0,F,51,Batroun,3871,3,10,2024,Thursday,11.0,7.0,50+
3562,2024-04-16,14,103,1,C142,Hamra,Blonde Coffee,Coffee,2.2,0.5,F,44,Batroun,1492,16,4,2024,Tuesday,2.2,1.7000000000000002,36–50
3230,2024-05-25,7,411,1,C130,Hamra,Mutabbal,Appetizers,4.2,1.2,F,26,Beirut,2031,25,5,2024,Saturday,4.2,3.0,26–35
1499,2024-04-08,10,402,2,C061,Hamra,Zaatar Manoushe,Manakish,3.5,0.5,F,34,Zahle,1376,8,4,2024,Monday,7.0,6.0,26–35
3996,2024-03-13,12,305,1,C160,Hamra,Avocado Shake Cocktails,Shakes,6.0,2.2,M,20,Beirut,1014,13,3,2024,Wednesday,6.0,3.8,16–25
919,2024-05-01,9,605,1,C038,Hamra,Halloumi Salad,Salads,6.8,2.9,F,39,Saida,1697,1,5,2024,Wednesday,6.8,3.9,36–50
1106,2024-01-30,11,205,1,C046,Hamra,Mate,Tea,2.5,0.5,F,60,Saida,411,30,1,2024,Tuesday,2.5,2.0,50+
4235,2024-07-06,16,402,2,C170,Hamra,Zaatar Manoushe,Manakish,3.5,0.5,F,23,Tripoli,2628,6,7,2024,Saturday,7.0,6.0,16–25
3353,2024-12-29,15,706,1,C134,Hamra,Honey Pancakes,Desserts,4.5,1.5,F,60,Zahle,5091,29,12,2024,Sunday,4.5,3.0,50+
1001,2024-12-19,17,603,3,C041,Hamra,Fattoush,Salads,5.5,2.0,M,42,Tyre,4953,19,12,2024,Thursday,16.5,10.5,36–50
3850,2024-10-14,19,505,1,C153,Hamra,Turkey Sandwich,Sandwiches,5.5,2.2,M,41,Jounieh,4031,14,10,2024,Monday,5.5,3.3,36–50
3493,2024-07-13,9,403,1,C139,Hamra,Cheese Manoushe,Manakish,4.5,0.8,M,33,Saida,2719,13,7,2024,Saturday,4.5,3.7,26–35
2767,2024-06-04,11,310,1,C110,Hamra,Strawberry Milkshake,Shakes,5.5,1.8,M,55,Batroun,2175,4,6,2024,Tuesday,5.5,3.7,50+
991,2024-06-20,14,506,1,C041,Hamra,Steak Sandwich,Sandwiches,9.0,4.0,M,42,Tyre,2402,20,6,2024,Thursday,9.0,5.0,36–50
4968,2024-11-30,12,602,2,C199,Hamra,Greek Salad,Salads,6.5,2.8,M,46,Jounieh,4682,30,11,2024,Saturday,13.0,7.4,36–50
1397,2024-02-10,10,604,3,C057,Hamra,Tabbouleh,Salads,5.5,2.0,M,37,Batroun,564,10,2,2024,Saturday,16.5,10.5,36–50
4313,2024-03-03,14,408,1,C174,Hamra,Fries,Appetizers,3.0,0.7,M,20,Tyre,876,3,3,2024,Sunday,3.0,2.3,16–25
3079,2024-01-23,17,604,3,C123,Hamra,Tabbouleh,Salads,5.5,2.0,F,27,Saida,319,23,1,2024,Tuesday,16.5,10.5,26–35
2170,2024-12-25,9,204,2,C086,Hamra,Chamomile Tea,Tea,2.5,0.5,M,33,Tripoli,5029,25,12,2024,Wednesday,5.0,4.0,26–35
4356,2024-03-15,9,108,1,C176,Hamra,Caramel Latte,Coffee,4.8,1.0,M,24,Jounieh,1039,15,3,2024,Friday,4.8,3.8,16–25
1553,2024-02-17,10,701,1,C063,Hamra,Nutella Crepe,Desserts,5.5,1.8,F,32,Byblos,662,17,2,2024,Saturday,5.5,3.7,26–35
944,2024-06-08,15,204,1,C039,Hamra,Chamomile Tea,Tea,2.5,0.5,M,49,Batroun,2235,8,6,2024,Saturday,2.5,2.0,36–50
3472,2024-11-08,11,101,1,C138,Hamra,Espresso,Coffee,2.5,0.5,F,55,Tyre,4373,8,11,2024,Friday,2.5,2.0,50+
4930,2024-04-27,14,301,1,C198,Hamra,Lemonade,Cold Drinks,3.0,0.8,F,29,Tyre,1646,27,4,2024,Saturday,3.0,2.2,26–35
4817,2024-04-09,12,303,1,C193,Hamra,Fresh Orange Juice,Cold Drinks,3.5,1.0,M,48,Byblos,1392,9,4,2024,Tuesday,3.5,2.5,36–50
4666,2024-06-15,9,107,1,C187,Hamra,Mocha,Coffee,4.5,0.9,F,18,Tyre,2327,15,6,2024,Saturday,4.5,3.6,16–25
4113,2024-10-16,14,205,2,C164,Hamra,Mate,Tea,2.5,0.5,F,53,Batroun,4054,16,10,2024,Wednesday,5.0,4.0,50+
659,2024-06-04,18,309,2,C027,Hamra,Chocolate Milkshake,Shakes,5.5,1.8,F,46,Byblos,2182,4,6,2024,Tuesday,11.0,7.4,36–50
4535,2024-01-07,15,702,1,C183,Hamra,Lotus Crepe,Desserts,5.8,1.9,M,23,Saida,93,7,1,2024,Sunday,5.8,3.9,16–25
4937,2024-07-14,14,704,1,C198,Hamra,Mafroukeh Dessert,Desserts,6.5,2.5,F,29,Tyre,2738,14,7,2024,Sunday,6.5,4.0,26–35
2021,2024-02-25,19,203,1,C081,Hamra,Green Tea,Tea,2.2,0.5,M,55,Tripoli,783,25,2,2024,Sunday,2.2,1.7000000000000002,50+
4501,2024-11-16,10,109,1,C181,Hamra,Hot Chocolate,Hot Drinks,3.8,0.9,F,60,Tripoli,4484,16,11,2024,Saturday,3.8,2.9,50+
2697,2024-07-11,20,205,1,C107,Hamra,Mate,Tea,2.5,0.5,M,18,Tyre,2702,11,7,2024,Thursday,2.5,2.0,16–25
4686,2024-02-16,20,410,1,C188,Hamra,Hummus,Appetizers,4.0,1.2,M,26,Jounieh,658,16,2,2024,Friday,4.0,2.8,26–35
4720,2024-05-27,19,309,1,C189,Hamra,Chocolate Milkshake,Shakes,5.5,1.8,F,43,Tripoli,2071,27,5,2024,Monday,5.5,3.7,36–50
875,2024-10-01,17,408,1,C036,Hamra,Fries,Appetizers,3.0,0.7,M,23,Beirut,3847,1,10,2024,Tuesday,3.0,2.3,16–25
2134,2024-06-05,12,301,1,C085,Hamra,Lemonade,Cold Drinks,3.0,0.8,F,40,Saida,2190,5,6,2024,Wednesday,3.0,2.2,36–50
3887,2024-07-20,7,108,1,C155,Hamra,Caramel Latte,Coffee,4.8,1.0,M,24,Byblos,2815,20,7,2024,Saturday,4.8,3.8,16–25
4212,2024-05-05,10,404,2,C169,Hamra,Keshek Manoushe,Manakish,4.0,0.7,M,24,Tyre,1754,5,5,2024,Sunday,8.0,6.6,16–25
692,2024-10-31,14,308,3,C028,Hamra,Banane Avocat,Cocktails,6.5,2.5,M,18,Tripoli,4264,31,10,2024,Thursday,19.5,12.0,16–25
390,2024-10-20,7,603,1,C016,Hamra,Fattoush,Salads,5.5,2.0,M,50,Zahle,4103,20,10,2024,Sunday,5.5,3.5,36–50
837,2024-03-04,9,406,1,C035,Hamra,Kaak with Cheese,Bakery,3.5,0.8,M,33,Byblos,885,4,3,2024,Monday,3.5,2.7,26–35
4116,2024-11-20,7,504,1,C164,Hamra,Halloumi Sandwich,Sandwiches,6.0,2.0,F,53,Batroun,4537,20,11,2024,Wednesday,6.0,4.0,50+
4570,2024-06-24,15,702,1,C184,Hamra,Lotus Crepe,Desserts,5.8,1.9,M,25,Batroun,2459,24,6,2024,Monday,5.8,3.9,16–25
2483,2024-04-25,8,204,1,C099,Hamra,Chamomile Tea,Tea,2.5,0.5,M,49,Zahle,1612,25,4,2024,Thursday,2.5,2.0,36–50
3712,2024-07-22,15,706,1,C147,Hamra,Honey Pancakes,Desserts,4.5,1.5,M,31,Saida,2851,22,7,2024,Monday,4.5,3.0,26–35
4613,2024-11-16,19,405,3,C185,Hamra,Lahm Baajin,Manakish,5.0,1.2,M,39,Saida,4493,16,11,2024,Saturday,15.0,11.399999999999999,36–50
3062,2024-01-31,10,706,1,C122,Hamra,Honey Pancakes,Desserts,4.5,1.5,F,41,Beirut,424,31,1,2024,Wednesday,4.5,3.0,36–50
4021,2024-04-22,8,503,2,C161,Hamra,BBQ Chicken Sandwich,Sandwiches,7.5,3.2,F,35,Batroun,1570,22,4,2024,Monday,15.0,8.6,26–35
578,2024-12-30,10,402,1,C023,Hamra,Zaatar Manoushe,Manakish,3.5,0.5,M,18,Saida,5100,30,12,2024,Monday,3.5,3.0,16–25
3005,2024-11-20,18,605,1,C119,Hamra,Halloumi Salad,Salads,6.8,2.9,F,42,Tyre,4548,20,11,2024,Wednesday,6.8,3.9,36–50
1578,2024-12-09,17,301,1,C063,Hamra,Lemonade,Cold Drinks,3.0,0.8,F,32,Byblos,4813,9,12,2024,Monday,3.0,2.2,26–35
1731,2024-03-07,17,704,1,C070,Hamra,Mafroukeh Dessert,Desserts,6.5,2.5,F,27,Byblos,935,7,3,2024,Thursday,6.5,4.0,26–35
3761,2024-03-15,16,106,1,C150,Hamra,Cappuccino,Coffee,3.5,0.7,M,46,Zahle,1046,15,3,2024,Friday,3.5,2.8,36–50
4864,2024-02-14,12,408,1,C195,Hamra,Fries,Appetizers,3.0,0.7,M,26,Saida,622,14,2,2024,Wednesday,3.0,2.3,26–35
2007,2024-09-16,17,602,1,C080,Hamra,Greek Salad,Salads,6.5,2.8,F,40,Saida,3637,16,9,2024,Monday,6.5,3.7,36–50
1452,2024-06-02,13,303,1,C059,Hamra,Fresh Orange Juice,Cold Drinks,3.5,1.0,F,31,Jounieh,2149,2,6,2024,Sunday,3.5,2.5,26–35
3836,2024-06-03,9,301,1,C153,Hamra,Lemonade,Cold Drinks,3.0,0.8,M,41,Jounieh,2159,3,6,2024,Monday,3.0,2.2,36–50
427,2024-12-28,9,202,3,C017,Hamra,Mint Tea,Tea,2.2,0.5,M,34,Byblos,5071,28,12,2024,Saturday,6.6000000000000005,5.1000000000000005,26–35
949,2024-08-21,18,305,1,C039,Hamra,Avocado Shake Cocktails,Shakes,6.0,2.2,M,49,Batroun,3274,21,8,2024,Wednesday,6.0,3.8,36–50
1916,2024-02-20,16,603,1,C077,Hamra,Fattoush,Salads,5.5,2.0,M,30,Zahle,710,20,2,2024,Tuesday,5.5,3.5,26–35
2306,2024-11-01,18,504,1,C092,Hamra,Halloumi Sandwich,Sandwiches,6.0,2.0,F,32,Batroun,4282,1,11,2024,Friday,6.0,4.0,26–35
4177,2024-09-18,14,404,2,C167,Hamra,Keshek Manoushe,Manakish,4.0,0.7,F,25,Jounieh,3662,18,9,2024,Wednesday,8.0,6.6,16–25
600,2024-11-10,11,405,1,C024,Hamra,Lahm Baajin,Manakish,5.0,1.2,M,18,Tripoli,4401,10,11,2024,Sunday,5.0,3.8,16–25
4144,2024-05-04,10,401,1,C166,Hamra,Croissant,Bakery,3.0,0.8,F,48,Beirut,1740,4,5,2024,Saturday,3.0,2.2,36–50
2209,2024-09-01,13,307,1,C088,Hamra,Strawberry Cocktail,Cocktails,6.0,2.0,F,56,Beirut,3423,1,9,2024,Sunday,6.0,4.0,50+
4586,2024-01-30,13,408,1,C185,Hamra,Fries,Appetizers,3.0,0.7,M,39,Saida,413,30,1,2024,Tuesday,3.0,2.3,36–50
1063,2024-05-01,19,706,1,C044,Hamra,Honey Pancakes,Desserts,4.5,1.5,F,20,Zahle,1707,1,5,2024,Wednesday,4.5,3.0,16–25
865,2024-05-04,15,503,3,C036,Hamra,BBQ Chicken Sandwich,Sandwiches,7.5,3.2,M,23,Beirut,1745,4,5,2024,Saturday,22.5,12.899999999999999,16–25
2479,2024-02-06,15,605,2,C099,Hamra,Halloumi Salad,Salads,6.8,2.9,M,49,Zahle,513,6,2,2024,Tuesday,13.6,7.8,36–50
1740,2024-06-18,11,404,1,C070,Hamra,Keshek Manoushe,Manakish,4.0,0.7,F,27,Byblos,2371,18,6,2024,Tuesday,4.0,3.3,26–35
3067,2024-05-03,19,307,1,C122,Hamra,Strawberry Cocktail,Cocktails,6.0,2.0,F,41,Beirut,1735,3,5,2024,Friday,6.0,4.0,36–50
3115,2024-12-22,18,603,1,C124,Hamra,Fattoush,Salads,5.5,2.0,M,52,Tyre,4996,22,12,2024,Sunday,5.5,3.5,50+
1988,2024-02-04,19,203,1,C080,Hamra,Green Tea,Tea,2.2,0.5,F,40,Saida,489,4,2,2024,Sunday,2.2,1.7000000000000002,36–50
1091,2024-03-27,14,109,2,C045,Hamra,Hot Chocolate,Hot Drinks,3.8,0.9,F,48,Tyre,1212,27,3,2024,Wednesday,7.6,5.8,36–50
3864,2024-05-13,16,309,1,C154,Hamra,Chocolate Milkshake,Shakes,5.5,1.8,F,25,Tripoli,1872,13,5,2024,Monday,5.5,3.7,16–25
3494,2024-07-14,7,205,1,C139,Hamra,Mate,Tea,2.5,0.5,M,33,Saida,2731,14,7,2024,Sunday,2.5,2.0,26–35
4480,2024-09-30,15,411,1,C180,Hamra,Mutabbal,Appetizers,4.2,1.2,M,20,Jounieh,3831,30,9,2024,Monday,4.2,3.0,16–25
3843,2024-07-19,14,203,2,C153,Hamra,Green Tea,Tea,2.2,0.5,M,41,Jounieh,2808,19,7,2024,Friday,4.4,3.4000000000000004,36–50
764,2024-10-11,12,402,1,C031,Hamra,Zaatar Manoushe,Manakish,3.5,0.5,M,18,Jounieh,3982,11,10,2024,Friday,3.5,3.0,16–25
2127,2024-03-17,19,602,1,C085,Hamra,Greek Salad,Salads,6.5,2.8,F,40,Saida,1077,17,3,2024,Sunday,6.5,3.7,36–50
1089,2024-02-28,9,501,1,C045,Hamra,Shish Tawouk Sandwich,Sandwiches,6.5,2.5,F,48,Tyre,815,28,2,2024,Wednesday,6.5,4.0,36–50
2899,2024-05-05,9,107,1,C115,Hamra,Mocha,Coffee,4.5,0.9,F,36,Byblos,1753,5,5,2024,Sunday,4.5,3.6,36–50
1658,2024-04-18,14,108,3,C067,Hamra,Caramel Latte,Coffee,4.8,1.0,M,60,Beirut,1520,18,4,2024,Thursday,14.399999999999999,11.399999999999999,50+
1901,2024-08-11,11,501,1,C076,Hamra,Shish Tawouk Sandwich,Sandwiches,6.5,2.5,M,40,Saida,3127,11,8,2024,Sunday,6.5,4.0,36–50
974,2024-10-04,16,505,1,C040,Hamra,Turkey Sandwich,Sandwiches,5.5,2.2,F,26,Beirut,3888,4,10,2024,Friday,5.5,3.3,26–35
4314,2024-03-08,17,204,1,C174,Hamra,Chamomile Tea,Tea,2.5,0.5,M,20,Tyre,949,8,3,2024,Friday,2.5,2.0,16–25
4510,2024-03-09,20,202,2,C182,Hamra,Mint Tea,Tea,2.2,0.5,F,55,Zahle,966,9,3,2024,Saturday,4.4,3.4000000000000004,50+
990,2024-06-13,13,411,1,C041,Hamra,Mutabbal,Appetizers,4.2,1.2,M,42,Tyre,2303,13,6,2024,Thursday,4.2,3.0,36–50
3023,2024-10-31,11,705,1,C120,Hamra,Ice Cream 2 Scoops,Desserts,4.0,1.2,F,50,Zahle,4261,31,10,2024,Thursday,4.0,2.8,36–50
2031,2024-06-10,14,504,1,C081,Hamra,Halloumi Sandwich,Sandwiches,6.0,2.0,M,55,Tripoli,2262,10,6,2024,Monday,6.0,4.0,50+
933,2024-12-30,16,302,1,C038,Hamra,Lemonade Mint,Cold Drinks,3.5,1.0,F,39,Saida,5106,30,12,2024,Monday,3.5,2.5,36–50
2524,2024-12-07,16,504,2,C100,Hamra,Halloumi Sandwich,Sandwiches,6.0,2.0,F,29,Byblos,4784,7,12,2024,Saturday,12.0,8.0,26–35
4115,2024-11-04,10,706,2,C164,Hamra,Honey Pancakes,Desserts,4.5,1.5,F,53,Batroun,4316,4,11,2024,Monday,9.0,6.0,50+
4284,2024-12-08,8,404,1,C172,Hamra,Keshek Manoushe,Manakish,4.0,0.7,F,21,Zahle,4790,8,12,2024,Sunday,4.0,3.3,16–25
1398,2024-02-11,9,402,1,C057,Hamra,Zaatar Manoushe,Manakish,3.5,0.5,M,37,Batroun,577,11,2,2024,Sunday,3.5,3.0,36–50
1645,2024-12-19,14,101,3,C066,Hamra,Espresso,Coffee,2.5,0.5,M,22,Zahle,4950,19,12,2024,Thursday,7.5,6.0,16–25
725,2024-04-18,17,705,1,C030,Hamra,Ice Cream 2 Scoops,Desserts,4.0,1.2,M,23,Saida,1523,18,4,2024,Thursday,4.0,2.8,16–25
217,2024-02-20,19,409,1,C010,Hamra,Pita Chips,Appetizers,2.5,0.6,F,49,Tyre,713,20,2,2024,Tuesday,2.5,1.9,36–50
1515,2024-09-06,13,104,1,C061,Hamra,Americano,Coffee,3.0,0.6,F,34,Zahle,3493,6,9,2024,Friday,3.0,2.4,26–35
4787,2024-12-06,19,309,1,C191,Hamra,Chocolate Milkshake,Shakes,5.5,1.8,M,60,Byblos,4773,6,12,2024,Friday,5.5,3.7,50+
855,2024-01-21,8,306,1,C036,Hamra,Mango Cocktail,Cocktails,6.0,2.2,M,23,Beirut,282,21,1,2024,Sunday,6.0,3.8,16–25
1335,2024-10-26,12,408,2,C054,Hamra,Fries,Appetizers,3.0,0.7,F,53,Byblos,4192,26,10,2024,Saturday,6.0,4.6,50+
2427,2024-05-18,15,107,2,C097,Hamra,Mocha,Coffee,4.5,0.9,M,45,Batroun,1941,18,5,2024,Saturday,9.0,7.2,36–50
4837,2024-12-24,10,101,1,C193,Hamra,Espresso,Coffee,2.5,0.5,M,48,Byblos,5016,24,12,2024,Tuesday,2.5,2.0,36–50
97,2024-11-19,15,505,1,C004,Hamra,Turkey Sandwich,Sandwiches,5.5,2.2,M,23,Tyre,4531,19,11,2024,Tuesday,5.5,3.3,16–25
4541,2024-04-01,8,103,1,C183,Hamra,Blonde Coffee,Coffee,2.2,0.5,M,23,Saida,1276,1,4,2024,Monday,2.2,1.7000000000000002,16–25
1333,2024-10-06,8,602,1,C054,Hamra,Greek Salad,Salads,6.5,2.8,F,53,Byblos,3908,6,10,2024,Sunday,6.5,3.7,50+
2796,2024-05-04,15,704,1,C111,Hamra,Mafroukeh Dessert,Desserts,6.5,2.5,M,40,Zahle,1745,4,5,2024,Saturday,6.5,4.0,36–50
2272,2024-04-20,18,205,1,C091,Hamra,Mate,Tea,2.5,0.5,M,47,Tyre,1552,20,4,2024,Saturday,2.5,2.0,36–50
2249,2024-12-19,13,406,3,C089,Hamra,Kaak with Cheese,Bakery,3.5,0.8,F,21,Saida,4949,19,12,2024,Thursday,10.5,8.100000000000001,16–25
1592,2024-05-18,13,301,2,C064,Hamra,Lemonade,Cold Drinks,3.0,0.8,M,26,Jounieh,1939,18,5,2024,Saturday,6.0,4.4,26–35
2999,2024-09-29,7,110,1,C119,Hamra,Sahlab,Hot Drinks,4.0,1.0,F,42,Tyre,3809,29,9,2024,Sunday,4.0,3.0,36–50
2298,2024-04-08,19,404,1,C092,Hamra,Keshek Manoushe,Manakish,4.0,0.7,F,32,Batroun,1385,8,4,2024,Monday,4.0,3.3,26–35
3782,2024-09-08,17,106,1,C150,Hamra,Cappuccino,Coffee,3.5,0.7,M,46,Zahle,3525,8,9,2024,Sunday,3.5,2.8,36–50
3855,2024-12-03,12,404,3,C153,Hamra,Keshek Manoushe,Manakish,4.0,0.7,M,41,Jounieh,4724,3,12,2024,Tuesday,12.0,9.899999999999999,36–50
2026,2024-04-13,19,302,1,C081,Hamra,Lemonade Mint,Cold Drinks,3.5,1.0,M,55,Tripoli,1455,13,4,2024,Saturday,3.5,2.5,50+
1456,2024-08-01,13,706,1,C059,Hamra,Honey Pancakes,Desserts,4.5,1.5,F,31,Jounieh,2989,1,8,2024,Thursday,4.5,3.0,26–35
4604,2024-09-05,17,307,1,C185,Hamra,Strawberry Cocktail,Cocktails,6.0,2.0,M,39,Saida,3483,5,9,2024,Thursday,6.0,4.0,36–50
4514,2024-05-31,20,309,2,C182,Hamra,Chocolate Milkshake,Shakes,5.5,1.8,F,55,Zahle,2128,31,5,2024,Friday,11.0,7.4,50+
1076,2024-09-06,12,302,2,C044,Hamra,Lemonade Mint,Cold Drinks,3.5,1.0,F,20,Zahle,3492,6,9,2024,Friday,7.0,5.0,16–25
4481,2024-10-01,12,306,1,C180,Hamra,Mango Cocktail,Cocktails,6.0,2.2,M,20,Jounieh,3842,1,10,2024,Tuesday,6.0,3.8,16–25
1895,2024-06-13,8,704,2,C076,Hamra,Mafroukeh Dessert,Desserts,6.5,2.5,M,40,Saida,2298,13,6,2024,Thursday,13.0,8.0,36–50
3645,2024-12-06,12,703,1,C144,Hamra,Ashta W Banane,Cocktails Specials,7.0,2.5,F,39,Batroun,4766,6,12,2024,Friday,7.0,4.5,36–50
2525,2024-01-08,10,201,1,C101,Hamra,Tea,Tea,2.0,0.4,M,44,Byblos,102,8,1,2024,Monday,2.0,1.6,36–50
3136,2024-10-10,15,107,2,C125,Hamra,Mocha,Coffee,4.5,0.9,F,37,Batroun,3971,10,10,2024,Thursday,9.0,7.2,36–50
367,2024-01-05,18,506,2,C016,Hamra,Steak Sandwich,Sandwiches,9.0,4.0,M,50,Zahle,68,5,1,2024,Friday,18.0,10.0,36–50
1357,2024-05-24,7,503,1,C055,Hamra,BBQ Chicken Sandwich,Sandwiches,7.5,3.2,F,44,Tyre,2017,24,5,2024,Friday,7.5,4.3,36–50
4717,2024-04-10,19,105,1,C189,Hamra,Café Latte,Coffee,4.0,0.8,F,43,Tripoli,1413,10,4,2024,Wednesday,4.0,3.2,36–50
2366,2024-06-12,14,602,2,C095,Hamra,Greek Salad,Salads,6.5,2.8,M,40,Zahle,2290,12,6,2024,Wednesday,13.0,7.4,36–50
1973,2024-05-26,11,701,2,C079,Hamra,Nutella Crepe,Desserts,5.5,1.8,M,38,Byblos,2049,26,5,2024,Sunday,11.0,7.4,36–50
1918,2024-03-04,7,306,2,C077,Hamra,Mango Cocktail,Cocktails,6.0,2.2,M,30,Zahle,883,4,3,2024,Monday,12.0,7.6,26–35
965,2024-03-31,10,303,1,C040,Hamra,Fresh Orange Juice,Cold Drinks,3.5,1.0,F,26,Beirut,1264,31,3,2024,Sunday,3.5,2.5,26–35
516,2024-04-26,7,410,3,C021,Hamra,Hummus,Appetizers,4.0,1.2,F,58,Batroun,1625,26,4,2024,Friday,12.0,8.399999999999999,50+
1644,2024-12-19,12,305,3,C066,Hamra,Avocado Shake Cocktails,Shakes,6.0,2.2,M,22,Zahle,4948,19,12,2024,Thursday,18.0,11.399999999999999,16–25
3407,2024-09-23,8,205,1,C136,Hamra,Mate,Tea,2.5,0.5,M,42,Saida,3726,23,9,2024,Monday,2.5,2.0,36–50
4967,2024-11-05,11,105,2,C199,Hamra,Café Latte,Coffee,4.0,0.8,M,46,Jounieh,4331,5,11,2024,Tuesday,8.0,6.4,36–50
223,2024-06-21,13,203,1,C010,Hamra,Green Tea,Tea,2.2,0.5,F,49,Tyre,2415,21,6,2024,Friday,2.2,1.7000000000000002,36–50
4588,2024-02-16,8,704,1,C185,Hamra,Mafroukeh Dessert,Desserts,6.5,2.5,M,39,Saida,646,16,2,2024,Friday,6.5,4.0,36–50
3276,2024-05-19,12,202,1,C132,Hamra,Mint Tea,Tea,2.2,0.5,M,33,Tyre,1952,19,5,2024,Sunday,2.2,1.7000000000000002,26–35
1051,2024-09-02,12,306,1,C043,Hamra,Mango Cocktail,Cocktails,6.0,2.2,M,42,Tyre,3436,2,9,2024,Monday,6.0,3.8,36–50
2644,2024-05-28,11,501,1,C105,Hamra,Shish Tawouk Sandwich,Sandwiches,6.5,2.5,F,27,Tripoli,2077,28,5,2024,Tuesday,6.5,4.0,26–35
1569,2024-09-02,11,106,2,C063,Hamra,Cappuccino,Coffee,3.5,0.7,F,32,Byblos,3435,2,9,2024,Monday,7.0,5.6,26–35
4243,2024-01-05,20,107,1,C171,Hamra,Mocha,Coffee,4.5,0.9,M,27,Byblos,70,5,1,2024,Friday,4.5,3.6,26–35
4868,2024-07-02,9,401,1,C195,Hamra,Croissant,Bakery,3.0,0.8,M,26,Saida,2565,2,7,2024,Tuesday,3.0,2.2,26–35
2046,2024-01-20,16,506,3,C082,Hamra,Steak Sandwich,Sandwiches,9.0,4.0,M,37,Tripoli,276,20,1,2024,Saturday,27.0,15.0,36–50
1245,2024-02-15,16,701,1,C051,Hamra,Nutella Crepe,Desserts,5.5,1.8,F,48,Tripoli,640,15,2,2024,Thursday,5.5,3.7,36–50
1375,2024-01-12,17,108,1,C056,Hamra,Caramel Latte,Coffee,4.8,1.0,F,26,Batroun,165,12,1,2024,Friday,4.8,3.8,26–35
4251,2024-03-10,18,109,1,C171,Hamra,Hot Chocolate,Hot Drinks,3.8,0.9,M,27,Byblos,978,10,3,2024,Sunday,3.8,2.9,26–35
3811,2024-01-17,8,402,1,C152,Hamra,Zaatar Manoushe,Manakish,3.5,0.5,F,39,Tripoli,226,17,1,2024,Wednesday,3.5,3.0,36–50
821,2024-05-26,13,104,1,C034,Hamra,Americano,Coffee,3.0,0.6,F,50,Byblos,2051,26,5,2024,Sunday,3.0,2.4,36–50
1451,2024-06-02,7,306,2,C059,Hamra,Mango Cocktail,Cocktails,6.0,2.2,F,31,Jounieh,2143,2,6,2024,Sunday,12.0,7.6,26–35
3239,2024-10-30,12,406,1,C130,Hamra,Kaak with Cheese,Bakery,3.5,0.8,F,26,Beirut,4248,30,10,2024,Wednesday,3.5,2.7,26–35
3223,2024-04-17,12,306,2,C130,Hamra,Mango Cocktail,Cocktails,6.0,2.2,F,26,Beirut,1504,17,4,2024,Wednesday,12.0,7.6,26–35
3465,2024-08-23,9,504,1,C138,Hamra,Halloumi Sandwich,Sandwiches,6.0,2.0,F,55,Tyre,3293,23,8,2024,Friday,6.0,4.0,50+
3803,2024-11-03,8,310,1,C151,Hamra,Strawberry Milkshake,Shakes,5.5,1.8,M,21,Saida,4300,3,11,2024,Sunday,5.5,3.7,16–25
3611,2024-12-17,18,503,1,C143,Hamra,BBQ Chicken Sandwich,Sandwiches,7.5,3.2,M,36,Saida,4926,17,12,2024,Tuesday,7.5,4.3,36–50
2962,2024-03-10,8,205,2,C118,Hamra,Mate,Tea,2.5,0.5,F,48,Jounieh,968,10,3,2024,Sunday,5.0,4.0,36–50
3189,2024-07-01,20,706,1,C128,Hamra,Honey Pancakes,Desserts,4.5,1.5,M,36,Batroun,2562,1,7,2024,Monday,4.5,3.0,36–50
418,2024-09-06,19,410,1,C017,Hamra,Hummus,Appetizers,4.0,1.2,M,34,Byblos,3499,6,9,2024,Friday,4.0,2.8,26–35
2056,2024-08-15,15,702,1,C082,Hamra,Lotus Crepe,Desserts,5.8,1.9,M,37,Tripoli,3187,15,8,2024,Thursday,5.8,3.9,36–50
329,2024-04-11,17,601,1,C014,Hamra,Chicken Caesar Salad,Salads,7.5,3.2,M,38,Saida,1425,11,4,2024,Thursday,7.5,4.3,36–50
2022,2024-03-15,11,505,1,C081,Hamra,Turkey Sandwich,Sandwiches,5.5,2.2,M,55,Tripoli,1041,15,3,2024,Friday,5.5,3.3,50+
3083,2024-08-03,13,501,1,C123,Hamra,Shish Tawouk Sandwich,Sandwiches,6.5,2.5,F,27,Saida,3017,3,8,2024,Saturday,6.5,4.0,26–35
384,2024-07-21,18,506,1,C016,Hamra,Steak Sandwich,Sandwiches,9.0,4.0,M,50,Zahle,2840,21,7,2024,Sunday,9.0,5.0,36–50
776,2024-07-10,11,605,2,C032,Hamra,Halloumi Salad,Salads,6.8,2.9,M,49,Beirut,2679,10,7,2024,Wednesday,13.6,7.8,36–50
571,2024-09-05,13,403,1,C023,Hamra,Cheese Manoushe,Manakish,4.5,0.8,M,18,Saida,3479,5,9,2024,Thursday,4.5,3.7,16–25
2574,2024-08-29,19,204,1,C102,Hamra,Chamomile Tea,Tea,2.5,0.5,M,29,Tripoli,3387,29,8,2024,Thursday,2.5,2.0,26–35
4055,2024-06-27,10,104,1,C162,Hamra,Americano,Coffee,3.0,0.6,F,37,Saida,2496,27,6,2024,Thursday,3.0,2.4,36–50
2463,2024-08-06,14,706,1,C098,Hamra,Honey Pancakes,Desserts,4.5,1.5,M,33,Tripoli,3060,6,8,2024,Tuesday,4.5,3.0,26–35
3621,2024-03-22,19,305,2,C144,Hamra,Avocado Shake Cocktails,Shakes,6.0,2.2,F,39,Batroun,1147,22,3,2024,Friday,12.0,7.6,36–50
4048,2024-04-01,17,409,1,C162,Hamra,Pita Chips,Appetizers,2.5,0.6,F,37,Saida,1285,1,4,2024,Monday,2.5,1.9,36–50
2623,2024-06-23,20,202,1,C104,Hamra,Mint Tea,Tea,2.2,0.5,F,36,Jounieh,2450,23,6,2024,Sunday,2.2,1.7000000000000002,36–50
3153,2024-08-26,16,408,2,C126,Hamra,Fries,Appetizers,3.0,0.7,M,59,Jounieh,3342,26,8,2024,Monday,6.0,4.6,50+
4964,2024-09-16,19,309,1,C199,Hamra,Chocolate Milkshake,Shakes,5.5,1.8,M,46,Jounieh,3639,16,9,2024,Monday,5.5,3.7,36–50
4041,2024-12-30,17,305,1,C161,Hamra,Avocado Shake Cocktails,Shakes,6.0,2.2,F,35,Batroun,5107,30,12,2024,Monday,6.0,3.8,26–35
1689,2024-06-11,16,105,1,C068,Hamra,Café Latte,Coffee,4.0,0.8,F,21,Beirut,2278,11,6,2024,Tuesday,4.0,3.2,16–25
4247,2024-02-17,13,502,2,C171,Hamra,Chicken Sub Sandwich,Sandwiches,7.0,3.0,M,27,Byblos,665,17,2,2024,Saturday,14.0,8.0,26–35
1603,2024-11-24,16,405,3,C064,Hamra,Lahm Baajin,Manakish,5.0,1.2,M,26,Jounieh,4602,24,11,2024,Sunday,15.0,11.399999999999999,26–35
1784,2024-11-23,11,309,2,C071,Hamra,Chocolate Milkshake,Shakes,5.5,1.8,F,29,Byblos,4583,23,11,2024,Saturday,11.0,7.4,26–35
432,2024-04-25,17,601,1,C018,Hamra,Chicken Caesar Salad,Salads,7.5,3.2,M,19,Tripoli,1621,25,4,2024,Thursday,7.5,4.3,16–25
4901,2024-12-02,12,504,3,C196,Hamra,Halloumi Sandwich,Sandwiches,6.0,2.0,F,44,Zahle,4710,2,12,2024,Monday,18.0,12.0,36–50
2859,2024-12-02,11,107,1,C113,Hamra,Mocha,Coffee,4.5,0.9,F,27,Beirut,4709,2,12,2024,Monday,4.5,3.6,26–35
3131,2024-08-12,13,411,1,C125,Hamra,Mutabbal,Appetizers,4.2,1.2,F,37,Batroun,3143,12,8,2024,Monday,4.2,3.0,36–50
3177,2024-12-17,18,502,2,C127,Hamra,Chicken Sub Sandwich,Sandwiches,7.0,3.0,M,30,Tripoli,4926,17,12,2024,Tuesday,14.0,8.0,26–35
1519,2024-11-23,8,301,1,C061,Hamra,Lemonade,Cold Drinks,3.0,0.8,F,34,Zahle,4580,23,11,2024,Saturday,3.0,2.2,26–35
1873,2024-05-26,11,705,1,C075,Hamra,Ice Cream 2 Scoops,Desserts,4.0,1.2,M,58,Saida,2049,26,5,2024,Sunday,4.0,2.8,50+
2686,2024-03-03,16,205,1,C107,Hamra,Mate,Tea,2.5,0.5,M,18,Tyre,878,3,3,2024,Sunday,2.5,2.0,16–25
3734,2024-10-20,9,604,1,C148,Hamra,Tabbouleh,Salads,5.5,2.0,M,19,Beirut,4105,20,10,2024,Sunday,5.5,3.5,16–25
3502,2024-11-18,15,308,2,C139,Hamra,Banane Avocat,Cocktails,6.5,2.5,M,33,Saida,4517,18,11,2024,Monday,13.0,8.0,26–35
4330,2024-11-20,19,202,1,C174,Hamra,Mint Tea,Tea,2.2,0.5,M,20,Tyre,4549,20,11,2024,Wednesday,2.2,1.7000000000000002,16–25
4791,2024-01-13,12,404,1,C192,Hamra,Keshek Manoushe,Manakish,4.0,0.7,F,27,Tripoli,174,13,1,2024,Saturday,4.0,3.3,26–35
2034,2024-07-07,19,602,1,C081,Hamra,Greek Salad,Salads,6.5,2.8,M,55,Tripoli,2645,7,7,2024,Sunday,6.5,3.7,50+
2678,2024-10-13,16,701,3,C106,Hamra,Nutella Crepe,Desserts,5.5,1.8,F,59,Tripoli,4014,13,10,2024,Sunday,16.5,11.100000000000001,50+
686,2024-07-26,9,205,2,C028,Hamra,Mate,Tea,2.5,0.5,M,18,Tripoli,2901,26,7,2024,Friday,5.0,4.0,16–25
4358,2024-04-23,13,404,1,C176,Hamra,Keshek Manoushe,Manakish,4.0,0.7,M,24,Jounieh,1589,23,4,2024,Tuesday,4.0,3.3,16–25
4070,2024-01-22,10,603,3,C163,Hamra,Fattoush,Salads,5.5,2.0,F,40,Beirut,298,22,1,2024,Monday,16.5,10.5,36–50
187,2024-12-14,20,601,2,C008,Hamra,Chicken Caesar Salad,Salads,7.5,3.2,F,49,Byblos,4886,14,12,2024,Saturday,15.0,8.6,36–50
2279,2024-08-01,9,702,1,C091,Hamra,Lotus Crepe,Desserts,5.8,1.9,M,47,Tyre,2985,1,8,2024,Thursday,5.8,3.9,36–50
3777,2024-06-19,14,306,1,C150,Hamra,Mango Cocktail,Cocktails,6.0,2.2,M,46,Zahle,2388,19,6,2024,Wednesday,6.0,3.8,36–50
3058,2024-11-18,19,205,1,C121,Hamra,Mate,Tea,2.5,0.5,F,53,Batroun,4521,18,11,2024,Monday,2.5,2.0,50+
3813,2024-02-23,10,204,2,C152,Hamra,Chamomile Tea,Tea,2.5,0.5,F,39,Tripoli,746,23,2,2024,Friday,5.0,4.0,36–50
1637,2024-10-24,17,506,1,C066,Hamra,Steak Sandwich,Sandwiches,9.0,4.0,M,22,Zahle,4169,24,10,2024,Thursday,9.0,5.0,16–25
2383,2024-11-15,7,602,1,C095,Hamra,Greek Salad,Salads,6.5,2.8,M,40,Zahle,4467,15,11,2024,Friday,6.5,3.7,36–50
1590,2024-05-05,12,301,1,C064,Hamra,Lemonade,Cold Drinks,3.0,0.8,M,26,Jounieh,1756,5,5,2024,Sunday,3.0,2.2,26–35
1620,2024-10-03,16,205,3,C065,Hamra,Mate,Tea,2.5,0.5,F,42,Saida,3874,3,10,2024,Thursday,7.5,6.0,36–50
3126,2024-07-22,17,506,1,C125,Hamra,Steak Sandwich,Sandwiches,9.0,4.0,F,37,Batroun,2853,22,7,2024,Monday,9.0,5.0,36–50
333,2024-07-12,17,104,3,C014,Hamra,Americano,Coffee,3.0,0.6,M,38,Saida,2713,12,7,2024,Friday,9.0,7.199999999999999,36–50
617,2024-06-17,7,402,3,C025,Hamra,Zaatar Manoushe,Manakish,3.5,0.5,F,25,Beirut,2353,17,6,2024,Monday,10.5,9.0,16–25
2502,2024-05-31,11,308,1,C100,Hamra,Banane Avocat,Cocktails,6.5,2.5,F,29,Byblos,2119,31,5,2024,Friday,6.5,4.0,26–35
2641,2024-02-04,13,404,1,C105,Hamra,Keshek Manoushe,Manakish,4.0,0.7,F,27,Tripoli,483,4,2,2024,Sunday,4.0,3.3,26–35
3256,2024-07-02,12,505,1,C131,Hamra,Turkey Sandwich,Sandwiches,5.5,2.2,F,59,Byblos,2568,2,7,2024,Tuesday,5.5,3.3,50+
3318,2024-10-12,20,706,3,C133,Hamra,Honey Pancakes,Desserts,4.5,1.5,M,41,Beirut,4004,12,10,2024,Saturday,13.5,9.0,36–50
1608,2024-02-26,8,705,1,C065,Hamra,Ice Cream 2 Scoops,Desserts,4.0,1.2,F,42,Saida,786,26,2,2024,Monday,4.0,2.8,36–50
4520,2024-08-09,17,109,1,C182,Hamra,Hot Chocolate,Hot Drinks,3.8,0.9,F,55,Zahle,3105,9,8,2024,Friday,3.8,2.9,50+
480,2024-10-29,10,706,1,C019,Hamra,Honey Pancakes,Desserts,4.5,1.5,M,43,Tripoli,4232,29,10,2024,Tuesday,4.5,3.0,36–50
2671,2024-06-11,17,705,1,C106,Hamra,Ice Cream 2 Scoops,Desserts,4.0,1.2,F,59,Tripoli,2279,11,6,2024,Tuesday,4.0,2.8,50+
1313,2024-01-19,8,601,3,C054,Hamra,Chicken Caesar Salad,Salads,7.5,3.2,F,53,Byblos,254,19,1,2024,Friday,22.5,12.899999999999999,50+
3468,2024-09-20,17,601,1,C138,Hamra,Chicken Caesar Salad,Salads,7.5,3.2,F,55,Tyre,3693,20,9,2024,Friday,7.5,4.3,50+
3641,2024-10-08,7,107,2,C144,Hamra,Mocha,Coffee,4.5,0.9,F,39,Batroun,3935,8,10,2024,Tuesday,9.0,7.2,36–50
2619,2024-04-22,9,706,1,C104,Hamra,Honey Pancakes,Desserts,4.5,1.5,F,36,Jounieh,1571,22,4,2024,Monday,4.5,3.0,36–50
4331,2024-11-22,9,506,1,C174,Hamra,Steak Sandwich,Sandwiches,9.0,4.0,M,20,Tyre,4567,22,11,2024,Friday,9.0,5.0,16–25
3926,2024-01-30,18,104,3,C157,Hamra,Americano,Coffee,3.0,0.6,F,30,Jounieh,418,30,1,2024,Tuesday,9.0,7.199999999999999,26–35
356,2024-05-14,13,105,1,C015,Hamra,Café Latte,Coffee,4.0,0.8,F,52,Zahle,1883,14,5,2024,Tuesday,4.0,3.2,50+
1169,2024-03-07,7,105,3,C048,Hamra,Café Latte,Coffee,4.0,0.8,F,39,Zahle,925,7,3,2024,Thursday,12.0,9.600000000000001,36–50
3483,2024-03-05,15,201,1,C139,Hamra,Tea,Tea,2.0,0.4,M,33,Saida,905,5,3,2024,Tuesday,2.0,1.6,26–35
830,2024-10-18,17,505,1,C034,Hamra,Turkey Sandwich,Sandwiches,5.5,2.2,F,50,Byblos,4085,18,10,2024,Friday,5.5,3.3,36–50
4093,2024-01-25,12,403,1,C164,Hamra,Cheese Manoushe,Manakish,4.5,0.8,F,53,Batroun,342,25,1,2024,Thursday,4.5,3.7,50+
3948,2024-02-06,10,301,3,C158,Hamra,Lemonade,Cold Drinks,3.0,0.8,F,26,Batroun,508,6,2,2024,Tuesday,9.0,6.6000000000000005,26–35
2476,2024-01-01,9,505,3,C099,Hamra,Turkey Sandwich,Sandwiches,5.5,2.2,M,49,Zahle,3,1,1,2024,Monday,16.5,9.899999999999999,36–50
468,2024-02-06,9,405,1,C019,Hamra,Lahm Baajin,Manakish,5.0,1.2,M,43,Tripoli,507,6,2,2024,Tuesday,5.0,3.8,36–50
4890,2024-05-20,8,104,1,C196,Hamra,Americano,Coffee,3.0,0.6,F,44,Zahle,1962,20,5,2024,Monday,3.0,2.4,36–50
1743,2024-08-19,8,102,1,C070,Hamra,Turkish Coffee,Coffee,2.0,0.4,F,27,Byblos,3236,19,8,2024,Monday,2.0,1.6,26–35
2903,2024-05-15,20,604,1,C115,Hamra,Tabbouleh,Salads,5.5,2.0,F,36,Byblos,1904,15,5,2024,Wednesday,5.5,3.5,36–50
4028,2024-07-06,18,103,2,C161,Hamra,Blonde Coffee,Coffee,2.2,0.5,F,35,Batroun,2630,6,7,2024,Saturday,4.4,3.4000000000000004,26–35
2398,2024-05-07,19,703,1,C096,Hamra,Ashta W Banane,Cocktails Specials,7.0,2.5,M,46,Zahle,1791,7,5,2024,Tuesday,7.0,4.5,36–50
1875,2024-07-19,16,306,3,C075,Hamra,Mango Cocktail,Cocktails,6.0,2.2,M,58,Saida,2810,19,7,2024,Friday,18.0,11.399999999999999,50+
3772,2024-05-06,11,106,1,C150,Hamra,Cappuccino,Coffee,3.5,0.7,M,46,Zahle,1769,6,5,2024,Monday,3.5,2.8,36–50
873,2024-09-13,15,601,2,C036,Hamra,Chicken Caesar Salad,Salads,7.5,3.2,M,23,Beirut,3593,13,9,2024,Friday,15.0,8.6,16–25
3796,2024-06-12,8,706,1,C151,Hamra,Honey Pancakes,Desserts,4.5,1.5,M,21,Saida,2284,12,6,2024,Wednesday,4.5,3.0,16–25
1552,2024-02-04,8,303,1,C063,Hamra,Fresh Orange Juice,Cold Drinks,3.5,1.0,F,32,Byblos,478,4,2,2024,Sunday,3.5,2.5,26–35
3870,2024-07-12,18,602,3,C154,Hamra,Greek Salad,Salads,6.5,2.8,F,25,Tripoli,2714,12,7,2024,Friday,19.5,11.100000000000001,16–25
4693,2024-07-09,12,105,1,C188,Hamra,Café Latte,Coffee,4.0,0.8,M,26,Jounieh,2666,9,7,2024,Tuesday,4.0,3.2,26–35
2316,2024-04-13,19,109,2,C093,Hamra,Hot Chocolate,Hot Drinks,3.8,0.9,F,27,Byblos,1455,13,4,2024,Saturday,7.6,5.8,26–35
101,2024-01-23,16,305,3,C005,Hamra,Avocado Shake Cocktails,Shakes,6.0,2.2,M,33,Beirut,318,23,1,2024,Tuesday,18.0,11.399999999999999,26–35
4523,2024-09-21,8,403,1,C182,Hamra,Cheese Manoushe,Manakish,4.5,0.8,F,55,Zahle,3698,21,9,2024,Saturday,4.5,3.7,50+
4155,2024-10-16,18,401,1,C166,Hamra,Croissant,Bakery,3.0,0.8,F,48,Beirut,4058,16,10,2024,Wednesday,3.0,2.2,36–50
4753,2024-09-16,10,303,1,C190,Hamra,Fresh Orange Juice,Cold Drinks,3.5,1.0,M,30,Beirut,3630,16,9,2024,Monday,3.5,2.5,26–35
624,2024-12-23,12,304,1,C025,Hamra,Carrot Juice,Cold Drinks,3.5,1.0,F,25,Beirut,5004,23,12,2024,Monday,3.5,2.5,16–25
2451,2024-03-15,11,103,1,C098,Hamra,Blonde Coffee,Coffee,2.2,0.5,M,33,Tripoli,1041,15,3,2024,Friday,2.2,1.7000000000000002,26–35
287,2024-12-20,7,109,1,C012,Hamra,Hot Chocolate,Hot Drinks,3.8,0.9,F,60,Beirut,4957,20,12,2024,Friday,3.8,2.9,50+
3760,2024-03-12,12,411,1,C150,Hamra,Mutabbal,Appetizers,4.2,1.2,M,46,Zahle,1000,12,3,2024,Tuesday,4.2,3.0,36–50
3434,2024-09-15,7,406,1,C137,Hamra,Kaak with Cheese,Bakery,3.5,0.8,F,30,Saida,3613,15,9,2024,Sunday,3.5,2.7,26–35
2102,2024-07-06,9,702,1,C084,Hamra,Lotus Crepe,Desserts,5.8,1.9,M,53,Batroun,2621,6,7,2024,Saturday,5.8,3.9,50+
707,2024-06-21,16,302,1,C029,Hamra,Lemonade Mint,Cold Drinks,3.5,1.0,F,24,Tripoli,2418,21,6,2024,Friday,3.5,2.5,16–25
4281,2024-10-16,11,308,1,C172,Hamra,Banane Avocat,Cocktails,6.5,2.5,F,21,Zahle,4051,16,10,2024,Wednesday,6.5,4.0,16–25
2736,2024-02-14,20,409,1,C109,Hamra,Pita Chips,Appetizers,2.5,0.6,M,29,Jounieh,630,14,2,2024,Wednesday,2.5,1.9,26–35
648,2024-03-01,16,505,1,C027,Hamra,Turkey Sandwich,Sandwiches,5.5,2.2,F,46,Byblos,850,1,3,2024,Friday,5.5,3.3,36–50
1350,2024-03-23,19,505,1,C055,Hamra,Turkey Sandwich,Sandwiches,5.5,2.2,F,44,Tyre,1161,23,3,2024,Saturday,5.5,3.3,36–50
3301,2024-05-02,11,105,1,C133,Hamra,Café Latte,Coffee,4.0,0.8,M,41,Beirut,1713,2,5,2024,Thursday,4.0,3.2,36–50
1287,2024-12-23,19,205,1,C052,Hamra,Mate,Tea,2.5,0.5,F,28,Jounieh,5011,23,12,2024,Monday,2.5,2.0,26–35
291,2024-01-16,16,605,2,C013,Hamra,Halloumi Salad,Salads,6.8,2.9,M,29,Beirut,220,16,1,2024,Tuesday,13.6,7.8,26–35
1008,2024-03-06,12,103,1,C042,Hamra,Blonde Coffee,Coffee,2.2,0.5,F,26,Tripoli,916,6,3,2024,Wednesday,2.2,1.7000000000000002,26–35
3593,2024-05-24,18,304,1,C143,Hamra,Carrot Juice,Cold Drinks,3.5,1.0,M,36,Saida,2028,24,5,2024,Friday,3.5,2.5,36–50
1974,2024-06-10,16,403,3,C079,Hamra,Cheese Manoushe,Manakish,4.5,0.8,M,38,Byblos,2264,10,6,2024,Monday,13.5,11.100000000000001,36–50
445,2024-08-21,14,103,2,C018,Hamra,Blonde Coffee,Coffee,2.2,0.5,M,19,Tripoli,3270,21,8,2024,Wednesday,4.4,3.4000000000000004,16–25
1222,2024-05-23,11,502,1,C050,Hamra,Chicken Sub Sandwich,Sandwiches,7.0,3.0,M,38,Jounieh,2007,23,5,2024,Thursday,7.0,4.0,36–50
51,2024-12-23,20,104,1,C002,Hamra,Americano,Coffee,3.0,0.6,F,37,Zahle,5012,23,12,2024,Monday,3.0,2.4,36–50
2187,2024-07-06,17,309,1,C087,Hamra,Chocolate Milkshake,Shakes,5.5,1.8,F,60,Batroun,2629,6,7,2024,Saturday,5.5,3.7,50+
2707,2024-11-17,7,406,1,C107,Hamra,Kaak with Cheese,Bakery,3.5,0.8,M,18,Tyre,4495,17,11,2024,Sunday,3.5,2.7,16–25
3538,2024-01-13,11,603,3,C141,Hamra,Fattoush,Salads,5.5,2.0,F,21,Jounieh,173,13,1,2024,Saturday,16.5,10.5,16–25
4893,2024-07-02,9,603,1,C196,Hamra,Fattoush,Salads,5.5,2.0,F,44,Zahle,2565,2,7,2024,Tuesday,5.5,3.5,36–50
1147,2024-04-20,10,201,3,C047,Hamra,Tea,Tea,2.0,0.4,M,24,Jounieh,1544,20,4,2024,Saturday,6.0,4.800000000000001,16–25
2244,2024-10-16,19,501,1,C089,Hamra,Shish Tawouk Sandwich,Sandwiches,6.5,2.5,F,21,Saida,4059,16,10,2024,Wednesday,6.5,4.0,16–25
4415,2024-10-21,14,101,3,C178,Hamra,Espresso,Coffee,2.5,0.5,F,33,Zahle,4124,21,10,2024,Monday,7.5,6.0,26–35
278,2024-08-02,13,109,1,C012,Hamra,Hot Chocolate,Hot Drinks,3.8,0.9,F,60,Beirut,3003,2,8,2024,Friday,3.8,2.9,50+
302,2024-04-29,17,302,1,C013,Hamra,Lemonade Mint,Cold Drinks,3.5,1.0,M,29,Beirut,1677,29,4,2024,Monday,3.5,2.5,26–35
3421,2024-02-24,11,101,1,C137,Hamra,Espresso,Coffee,2.5,0.5,F,30,Saida,761,24,2,2024,Saturday,2.5,2.0,26–35
1446,2024-01-27,8,103,1,C059,Hamra,Blonde Coffee,Coffee,2.2,0.5,F,31,Jounieh,366,27,1,2024,Saturday,2.2,1.7000000000000002,26–35
4292,2024-04-27,12,605,1,C173,Hamra,Halloumi Salad,Salads,6.8,2.9,F,31,Tripoli,1644,27,4,2024,Saturday,6.8,3.9,26–35
4940,2024-08-08,17,401,2,C198,Hamra,Croissant,Bakery,3.0,0.8,F,29,Tyre,3091,8,8,2024,Thursday,6.0,4.4,26–35
1050,2024-08-18,12,706,1,C043,Hamra,Honey Pancakes,Desserts,4.5,1.5,M,42,Tyre,3226,18,8,2024,Sunday,4.5,3.0,36–50
1840,2024-02-22,16,406,2,C074,Hamra,Kaak with Cheese,Bakery,3.5,0.8,M,29,Saida,738,22,2,2024,Thursday,7.0,5.4,26–35
574,2024-10-21,16,401,1,C023,Hamra,Croissant,Bakery,3.0,0.8,M,18,Saida,4126,21,10,2024,Monday,3.0,2.2,16–25
1983,2024-11-16,20,308,1,C079,Hamra,Banane Avocat,Cocktails,6.5,2.5,M,38,Byblos,4494,16,11,2024,Saturday,6.5,4.0,36–50
4299,2024-08-20,17,405,3,C173,Hamra,Lahm Baajin,Manakish,5.0,1.2,F,31,Tripoli,3259,20,8,2024,Tuesday,15.0,11.399999999999999,26–35
566,2024-06-06,12,110,1,C023,Hamra,Sahlab,Hot Drinks,4.0,1.0,M,18,Saida,2204,6,6,2024,Thursday,4.0,3.0,16–25
2546,2024-09-25,20,108,1,C101,Hamra,Caramel Latte,Coffee,4.8,1.0,M,44,Byblos,3766,25,9,2024,Wednesday,4.8,3.8,36–50
4044,2024-01-21,15,602,1,C162,Hamra,Greek Salad,Salads,6.5,2.8,F,37,Saida,289,21,1,2024,Sunday,6.5,3.7,36–50
3616,2024-02-22,17,310,1,C144,Hamra,Strawberry Milkshake,Shakes,5.5,1.8,F,39,Batroun,739,22,2,2024,Thursday,5.5,3.7,36–50
4778,2024-10-01,14,307,3,C191,Hamra,Strawberry Cocktail,Cocktails,6.0,2.0,M,60,Byblos,3844,1,10,2024,Tuesday,18.0,12.0,50+
2751,2024-11-08,14,205,1,C109,Hamra,Mate,Tea,2.5,0.5,M,29,Jounieh,4376,8,11,2024,Friday,2.5,2.0,26–35
4447,2024-10-07,7,505,1,C179,Hamra,Turkey Sandwich,Sandwiches,5.5,2.2,F,43,Zahle,3921,7,10,2024,Monday,5.5,3.3,36–50
2802,2024-08-01,11,110,2,C111,Hamra,Sahlab,Hot Drinks,4.0,1.0,M,40,Zahle,2987,1,8,2024,Thursday,8.0,6.0,36–50
3993,2024-01-31,13,305,1,C160,Hamra,Avocado Shake Cocktails,Shakes,6.0,2.2,M,20,Beirut,427,31,1,2024,Wednesday,6.0,3.8,16–25
4156,2024-12-02,12,505,1,C166,Hamra,Turkey Sandwich,Sandwiches,5.5,2.2,F,48,Beirut,4710,2,12,2024,Monday,5.5,3.3,36–50
4571,2024-07-01,11,605,3,C184,Hamra,Halloumi Salad,Salads,6.8,2.9,M,25,Batroun,2553,1,7,2024,Monday,20.4,11.7,16–25
4906,2024-01-23,14,308,1,C197,Hamra,Banane Avocat,Cocktails,6.5,2.5,M,57,Zahle,316,23,1,2024,Tuesday,6.5,4.0,50+
401,2024-02-01,9,706,2,C017,Hamra,Honey Pancakes,Desserts,4.5,1.5,M,34,Byblos,437,1,2,2024,Thursday,9.0,6.0,26–35
2151,2024-03-14,12,706,1,C086,Hamra,Honey Pancakes,Desserts,4.5,1.5,M,33,Tripoli,1028,14,3,2024,Thursday,4.5,3.0,26–35
936,2024-01-10,11,101,2,C039,Hamra,Espresso,Coffee,2.5,0.5,M,49,Batroun,131,10,1,2024,Wednesday,5.0,4.0,36–50
982,2024-02-23,14,102,3,C041,Hamra,Turkish Coffee,Coffee,2.0,0.4,M,42,Tyre,750,23,2,2024,Friday,6.0,4.800000000000001,36–50
1166,2024-02-21,10,304,1,C048,Hamra,Carrot Juice,Cold Drinks,3.5,1.0,F,39,Zahle,718,21,2,2024,Wednesday,3.5,2.5,36–50
3905,2024-05-27,14,204,1,C156,Hamra,Chamomile Tea,Tea,2.5,0.5,M,52,Jounieh,2066,27,5,2024,Monday,2.5,2.0,50+
1924,2024-06-08,16,108,1,C077,Hamra,Caramel Latte,Coffee,4.8,1.0,M,30,Zahle,2236,8,6,2024,Saturday,4.8,3.8,26–35
4399,2024-01-14,20,502,2,C178,Hamra,Chicken Sub Sandwich,Sandwiches,7.0,3.0,F,33,Zahle,196,14,1,2024,Sunday,14.0,8.0,26–35
12,2024-06-26,8,202,1,C001,Hamra,Mint Tea,Tea,2.2,0.5,F,18,Zahle,2480,26,6,2024,Wednesday,2.2,1.7000000000000002,16–25
2957,2024-12-31,15,401,1,C117,Hamra,Croissant,Bakery,3.0,0.8,F,49,Zahle,5119,31,12,2024,Tuesday,3.0,2.2,36–50
4403,2024-02-22,19,402,1,C178,Hamra,Zaatar Manoushe,Manakish,3.5,0.5,F,33,Zahle,741,22,2,2024,Thursday,3.5,3.0,26–35
484,2024-11-30,15,404,3,C019,Hamra,Keshek Manoushe,Manakish,4.0,0.7,M,43,Tripoli,4685,30,11,2024,Saturday,12.0,9.899999999999999,36–50
1445,2024-01-22,20,205,1,C059,Hamra,Mate,Tea,2.5,0.5,F,31,Jounieh,308,22,1,2024,Monday,2.5,2.0,26–35
4884,2024-01-30,16,604,1,C196,Hamra,Tabbouleh,Salads,5.5,2.0,F,44,Zahle,416,30,1,2024,Tuesday,5.5,3.5,36–50
2695,2024-07-09,16,706,1,C107,Hamra,Honey Pancakes,Desserts,4.5,1.5,M,18,Tyre,2670,9,7,2024,Tuesday,4.5,3.0,16–25
4874,2024-09-16,19,101,1,C195,Hamra,Espresso,Coffee,2.5,0.5,M,26,Saida,3639,16,9,2024,Monday,2.5,2.0,26–35
4216,2024-07-23,12,601,1,C169,Hamra,Chicken Caesar Salad,Salads,7.5,3.2,M,24,Tyre,2862,23,7,2024,Tuesday,7.5,4.3,16–25
3448,2024-02-28,10,403,1,C138,Hamra,Cheese Manoushe,Manakish,4.5,0.8,F,55,Tyre,816,28,2,2024,Wednesday,4.5,3.7,50+
689,2024-09-20,10,103,3,C028,Hamra,Blonde Coffee,Coffee,2.2,0.5,M,18,Tripoli,3686,20,9,2024,Friday,6.6000000000000005,5.1000000000000005,16–25
810,2024-01-12,19,704,3,C034,Hamra,Mafroukeh Dessert,Desserts,6.5,2.5,F,50,Byblos,167,12,1,2024,Friday,19.5,12.0,36–50
941,2024-04-28,12,303,1,C039,Hamra,Fresh Orange Juice,Cold Drinks,3.5,1.0,M,49,Batroun,1658,28,4,2024,Sunday,3.5,2.5,36–50
3158,2024-10-16,11,705,1,C126,Hamra,Ice Cream 2 Scoops,Desserts,4.0,1.2,M,59,Jounieh,4051,16,10,2024,Wednesday,4.0,2.8,50+
2083,2024-12-03,12,409,1,C083,Hamra,Pita Chips,Appetizers,2.5,0.6,M,47,Byblos,4724,3,12,2024,Tuesday,2.5,1.9,36–50
2675,2024-09-04,13,407,1,C106,Hamra,Cheese Rolls,Appetizers,4.5,1.0,F,59,Tripoli,3465,4,9,2024,Wednesday,4.5,3.5,50+
4583,2024-12-19,13,404,1,C184,Hamra,Keshek Manoushe,Manakish,4.0,0.7,M,25,Batroun,4949,19,12,2024,Thursday,4.0,3.3,16–25
4462,2024-05-06,15,310,1,C180,Hamra,Strawberry Milkshake,Shakes,5.5,1.8,M,20,Jounieh,1773,6,5,2024,Monday,5.5,3.7,16–25
2762,2024-03-15,14,401,1,C110,Hamra,Croissant,Bakery,3.0,0.8,M,55,Batroun,1044,15,3,2024,Friday,3.0,2.2,50+
3060,2024-12-26,19,503,2,C121,Hamra,BBQ Chicken Sandwich,Sandwiches,7.5,3.2,F,53,Batroun,5053,26,12,2024,Thursday,15.0,8.6,50+
2699,2024-07-22,12,108,2,C107,Hamra,Caramel Latte,Coffee,4.8,1.0,M,18,Tyre,2848,22,7,2024,Monday,9.6,7.6,16–25
3246,2024-02-18,18,304,1,C131,Hamra,Carrot Juice,Cold Drinks,3.5,1.0,F,59,Byblos,684,18,2,2024,Sunday,3.5,2.5,50+
558,2024-03-19,12,605,1,C023,Hamra,Halloumi Salad,Salads,6.8,2.9,M,18,Saida,1098,19,3,2024,Tuesday,6.8,3.9,16–25
3669,2024-08-28,20,506,3,C145,Hamra,Steak Sandwich,Sandwiches,9.0,4.0,F,55,Saida,3374,28,8,2024,Wednesday,27.0,15.0,50+
1785,2024-12-14,11,307,3,C071,Hamra,Strawberry Cocktail,Cocktails,6.0,2.0,F,29,Byblos,4877,14,12,2024,Saturday,18.0,12.0,26–35
3866,2024-06-02,7,404,1,C154,Hamra,Keshek Manoushe,Manakish,4.0,0.7,F,25,Tripoli,2143,2,6,2024,Sunday,4.0,3.3,16–25
2702,2024-09-30,15,408,1,C107,Hamra,Fries,Appetizers,3.0,0.7,M,18,Tyre,3831,30,9,2024,Monday,3.0,2.3,16–25
3681,2024-04-05,15,502,1,C146,Hamra,Chicken Sub Sandwich,Sandwiches,7.0,3.0,M,27,Beirut,1339,5,4,2024,Friday,7.0,4.0,26–35
1125,2024-08-01,15,603,1,C046,Hamra,Fattoush,Salads,5.5,2.0,F,60,Saida,2991,1,8,2024,Thursday,5.5,3.5,50+
1750,2024-10-20,17,604,1,C070,Hamra,Tabbouleh,Salads,5.5,2.0,F,27,Byblos,4113,20,10,2024,Sunday,5.5,3.5,26–35
757,2024-07-27,14,410,1,C031,Hamra,Hummus,Appetizers,4.0,1.2,M,18,Jounieh,2920,27,7,2024,Saturday,4.0,2.8,16–25
2335,2024-12-08,19,601,1,C093,Hamra,Chicken Caesar Salad,Salads,7.5,3.2,F,27,Byblos,4801,8,12,2024,Sunday,7.5,4.3,26–35
3423,2024-03-28,16,103,1,C137,Hamra,Blonde Coffee,Coffee,2.2,0.5,F,30,Saida,1228,28,3,2024,Thursday,2.2,1.7000000000000002,26–35
2976,2024-11-01,19,304,1,C118,Hamra,Carrot Juice,Cold Drinks,3.5,1.0,F,48,Jounieh,4283,1,11,2024,Friday,3.5,2.5,36–50
4086,2024-09-20,9,110,3,C163,Hamra,Sahlab,Hot Drinks,4.0,1.0,F,40,Beirut,3685,20,9,2024,Friday,12.0,9.0,36–50
2043,2024-11-20,7,402,1,C081,Hamra,Zaatar Manoushe,Manakish,3.5,0.5,M,55,Tripoli,4537,20,11,2024,Wednesday,3.5,3.0,50+
1493,2024-11-15,17,205,1,C060,Hamra,Mate,Tea,2.5,0.5,F,22,Zahle,4477,15,11,2024,Friday,2.5,2.0,16–25
1894,2024-06-05,18,201,1,C076,Hamra,Tea,Tea,2.0,0.4,M,40,Saida,2196,5,6,2024,Wednesday,2.0,1.6,36–50
1564,2024-06-04,18,605,1,C063,Hamra,Halloumi Salad,Salads,6.8,2.9,F,32,Byblos,2182,4,6,2024,Tuesday,6.8,3.9,26–35
2501,2024-05-18,14,401,1,C100,Hamra,Croissant,Bakery,3.0,0.8,F,29,Byblos,1940,18,5,2024,Saturday,3.0,2.2,26–35
4460,2024-04-30,13,309,1,C180,Hamra,Chocolate Milkshake,Shakes,5.5,1.8,M,20,Jounieh,1687,30,4,2024,Tuesday,5.5,3.7,16–25
1168,2024-03-05,19,203,1,C048,Hamra,Green Tea,Tea,2.2,0.5,F,39,Zahle,909,5,3,2024,Tuesday,2.2,1.7000000000000002,36–50
4719,2024-04-16,11,407,1,C189,Hamra,Cheese Rolls,Appetizers,4.5,1.0,F,43,Tripoli,1489,16,4,2024,Tuesday,4.5,3.5,36–50
3821,2024-05-26,16,501,1,C152,Hamra,Shish Tawouk Sandwich,Sandwiches,6.5,2.5,F,39,Tripoli,2054,26,5,2024,Sunday,6.5,4.0,36–50
1849,2024-05-16,13,104,2,C074,Hamra,Americano,Coffee,3.0,0.6,M,29,Saida,1911,16,5,2024,Thursday,6.0,4.8,26–35
1432,2024-06-10,16,203,1,C058,Hamra,Green Tea,Tea,2.2,0.5,F,22,Tripoli,2264,10,6,2024,Monday,2.2,1.7000000000000002,16–25
4798,2024-04-09,10,109,1,C192,Hamra,Hot Chocolate,Hot Drinks,3.8,0.9,F,27,Tripoli,1390,9,4,2024,Tuesday,3.8,2.9,26–35
741,2024-12-03,15,702,1,C030,Hamra,Lotus Crepe,Desserts,5.8,1.9,M,23,Saida,4727,3,12,2024,Tuesday,5.8,3.9,16–25
3943,2024-11-02,17,409,1,C157,Hamra,Pita Chips,Appetizers,2.5,0.6,F,30,Jounieh,4295,2,11,2024,Saturday,2.5,1.9,26–35
221,2024-05-20,16,501,1,C010,Hamra,Shish Tawouk Sandwich,Sandwiches,6.5,2.5,F,49,Tyre,1970,20,5,2024,Monday,6.5,4.0,36–50
940,2024-03-23,20,701,1,C039,Hamra,Nutella Crepe,Desserts,5.5,1.8,M,49,Batroun,1162,23,3,2024,Saturday,5.5,3.7,36–50
1358,2024-06-25,8,107,3,C055,Hamra,Mocha,Coffee,4.5,0.9,F,44,Tyre,2466,25,6,2024,Tuesday,13.5,10.8,36–50
685,2024-07-16,15,101,3,C028,Hamra,Espresso,Coffee,2.5,0.5,M,18,Tripoli,2767,16,7,2024,Tuesday,7.5,6.0,16–25
3683,2024-04-21,15,202,1,C146,Hamra,Mint Tea,Tea,2.2,0.5,M,27,Beirut,1563,21,4,2024,Sunday,2.2,1.7000000000000002,26–35
4208,2024-02-25,11,306,2,C169,Hamra,Mango Cocktail,Cocktails,6.0,2.2,M,24,Tyre,775,25,2,2024,Sunday,12.0,7.6,16–25
2970,2024-06-27,17,201,1,C118,Hamra,Tea,Tea,2.0,0.4,F,48,Jounieh,2503,27,6,2024,Thursday,2.0,1.6,36–50
2879,2024-07-04,7,602,3,C114,Hamra,Greek Salad,Salads,6.5,2.8,F,50,Byblos,2591,4,7,2024,Thursday,19.5,11.100000000000001,36–50
1876,2024-08-05,13,704,1,C075,Hamra,Mafroukeh Dessert,Desserts,6.5,2.5,M,58,Saida,3045,5,8,2024,Monday,6.5,4.0,50+
1622,2024-11-11,16,602,1,C065,Hamra,Greek Salad,Salads,6.5,2.8,F,42,Saida,4420,11,11,2024,Monday,6.5,3.7,36–50
2036,2024-08-04,16,602,1,C081,Hamra,Greek Salad,Salads,6.5,2.8,M,55,Tripoli,3034,4,8,2024,Sunday,6.5,3.7,50+
2499,2024-04-29,10,204,1,C100,Hamra,Chamomile Tea,Tea,2.5,0.5,F,29,Byblos,1670,29,4,2024,Monday,2.5,2.0,26–35
2505,2024-06-23,15,409,2,C100,Hamra,Pita Chips,Appetizers,2.5,0.6,F,29,Byblos,2445,23,6,2024,Sunday,5.0,3.8,26–35
1105,2024-01-23,12,409,3,C046,Hamra,Pita Chips,Appetizers,2.5,0.6,F,60,Saida,314,23,1,2024,Tuesday,7.5,5.699999999999999,50+
1482,2024-07-31,19,310,1,C060,Hamra,Strawberry Milkshake,Shakes,5.5,1.8,F,22,Zahle,2981,31,7,2024,Wednesday,5.5,3.7,16–25
3430,2024-08-22,9,104,2,C137,Hamra,Americano,Coffee,3.0,0.6,F,30,Saida,3279,22,8,2024,Thursday,6.0,4.8,26–35
4286,2024-01-13,12,705,2,C173,Hamra,Ice Cream 2 Scoops,Desserts,4.0,1.2,F,31,Tripoli,174,13,1,2024,Saturday,8.0,5.6,26–35
4687,2024-04-10,19,401,1,C188,Hamra,Croissant,Bakery,3.0,0.8,M,26,Jounieh,1413,10,4,2024,Wednesday,3.0,2.2,26–35
3900,2024-01-24,16,301,1,C156,Hamra,Lemonade,Cold Drinks,3.0,0.8,M,52,Jounieh,332,24,1,2024,Wednesday,3.0,2.2,50+
2445,2024-12-29,12,110,1,C097,Hamra,Sahlab,Hot Drinks,4.0,1.0,M,45,Batroun,5088,29,12,2024,Sunday,4.0,3.0,36–50
54,2024-01-11,11,603,1,C003,Hamra,Fattoush,Salads,5.5,2.0,F,51,Batroun,145,11,1,2024,Thursday,5.5,3.5,50+
4446,2024-09-29,8,102,1,C179,Hamra,Turkish Coffee,Coffee,2.0,0.4,F,43,Zahle,3810,29,9,2024,Sunday,2.0,1.6,36–50
3408,2024-10-07,16,410,1,C136,Hamra,Hummus,Appetizers,4.0,1.2,M,42,Saida,3930,7,10,2024,Monday,4.0,2.8,36–50
2869,2024-04-03,16,304,1,C114,Hamra,Carrot Juice,Cold Drinks,3.5,1.0,F,50,Byblos,1312,3,4,2024,Wednesday,3.5,2.5,36–50
4938,2024-07-19,8,106,1,C198,Hamra,Cappuccino,Coffee,3.5,0.7,F,29,Tyre,2802,19,7,2024,Friday,3.5,2.8,26–35
4652,2024-01-21,13,304,3,C187,Hamra,Carrot Juice,Cold Drinks,3.5,1.0,F,18,Tyre,287,21,1,2024,Sunday,10.5,7.5,16–25
2937,2024-12-05,8,706,1,C116,Hamra,Honey Pancakes,Desserts,4.5,1.5,F,48,Jounieh,4748,5,12,2024,Thursday,4.5,3.0,36–50
4728,2024-07-29,18,705,1,C189,Hamra,Ice Cream 2 Scoops,Desserts,4.0,1.2,F,43,Tripoli,2952,29,7,2024,Monday,4.0,2.8,36–50
1429,2024-05-19,12,704,1,C058,Hamra,Mafroukeh Dessert,Desserts,6.5,2.5,F,22,Tripoli,1952,19,5,2024,Sunday,6.5,4.0,16–25
1749,2024-10-19,11,108,1,C070,Hamra,Caramel Latte,Coffee,4.8,1.0,F,27,Byblos,4093,19,10,2024,Saturday,4.8,3.8,26–35
2330,2024-10-24,10,204,1,C093,Hamra,Chamomile Tea,Tea,2.5,0.5,F,27,Byblos,4162,24,10,2024,Thursday,2.5,2.0,26–35
3517,2024-04-10,13,110,1,C140,Hamra,Sahlab,Hot Drinks,4.0,1.0,F,50,Tripoli,1407,10,4,2024,Wednesday,4.0,3.0,36–50
3438,2024-10-30,14,103,1,C137,Hamra,Blonde Coffee,Coffee,2.2,0.5,F,30,Saida,4250,30,10,2024,Wednesday,2.2,1.7000000000000002,26–35
2660,2024-12-24,10,502,1,C105,Hamra,Chicken Sub Sandwich,Sandwiches,7.0,3.0,F,27,Tripoli,5016,24,12,2024,Tuesday,7.0,4.0,26–35
1197,2024-01-28,7,404,1,C049,Hamra,Keshek Manoushe,Manakish,4.0,0.7,F,35,Tyre,379,28,1,2024,Sunday,4.0,3.3,26–35
2065,2024-02-10,7,205,1,C083,Hamra,Mate,Tea,2.5,0.5,M,47,Byblos,561,10,2,2024,Saturday,2.5,2.0,36–50
426,2024-12-20,7,308,1,C017,Hamra,Banane Avocat,Cocktails,6.5,2.5,M,34,Byblos,4957,20,12,2024,Friday,6.5,4.0,26–35
1337,2024-10-29,17,308,1,C054,Hamra,Banane Avocat,Cocktails,6.5,2.5,F,53,Byblos,4239,29,10,2024,Tuesday,6.5,4.0,50+
2826,2024-05-25,7,303,1,C112,Hamra,Fresh Orange Juice,Cold Drinks,3.5,1.0,F,46,Tripoli,2031,25,5,2024,Saturday,3.5,2.5,36–50
4278,2024-09-12,11,604,1,C172,Hamra,Tabbouleh,Salads,5.5,2.0,F,21,Zahle,3575,12,9,2024,Thursday,5.5,3.5,16–25
4008,2024-08-14,10,304,2,C160,Hamra,Carrot Juice,Cold Drinks,3.5,1.0,M,20,Beirut,3168,14,8,2024,Wednesday,7.0,5.0,16–25
4084,2024-08-23,19,403,1,C163,Hamra,Cheese Manoushe,Manakish,4.5,0.8,F,40,Beirut,3303,23,8,2024,Friday,4.5,3.7,36–50
1215,2024-12-26,20,401,2,C049,Hamra,Croissant,Bakery,3.0,0.8,F,35,Tyre,5054,26,12,2024,Thursday,6.0,4.4,26–35
4505,2024-01-13,15,110,2,C182,Hamra,Sahlab,Hot Drinks,4.0,1.0,F,55,Zahle,177,13,1,2024,Saturday,8.0,6.0,50+
3633,2024-07-28,9,605,1,C144,Hamra,Halloumi Salad,Salads,6.8,2.9,F,39,Batroun,2929,28,7,2024,Sunday,6.8,3.9,36–50
2137,2024-08-16,20,104,1,C085,Hamra,Americano,Coffee,3.0,0.6,F,40,Saida,3206,16,8,2024,Friday,3.0,2.4,36–50
270,2024-04-09,13,102,1,C012,Hamra,Turkish Coffee,Coffee,2.0,0.4,F,60,Beirut,1393,9,4,2024,Tuesday,2.0,1.6,50+
3140,2024-01-31,17,103,1,C126,Hamra,Blonde Coffee,Coffee,2.2,0.5,M,59,Jounieh,431,31,1,2024,Wednesday,2.2,1.7000000000000002,50+
2446,2024-01-16,14,107,1,C098,Hamra,Mocha,Coffee,4.5,0.9,M,33,Tripoli,218,16,1,2024,Tuesday,4.5,3.6,26–35
3400,2024-05-16,12,301,1,C136,Hamra,Lemonade,Cold Drinks,3.0,0.8,M,42,Saida,1910,16,5,2024,Thursday,3.0,2.2,36–50
3755,2024-11-24,18,406,1,C149,Hamra,Kaak with Cheese,Bakery,3.5,0.8,M,40,Beirut,4604,24,11,2024,Sunday,3.5,2.7,36–50
1181,2024-06-14,19,110,1,C048,Hamra,Sahlab,Hot Drinks,4.0,1.0,F,39,Zahle,2323,14,6,2024,Friday,4.0,3.0,36–50
3413,2024-11-05,16,304,2,C136,Hamra,Carrot Juice,Cold Drinks,3.5,1.0,M,42,Saida,4336,5,11,2024,Tuesday,7.0,5.0,36–50
676,2024-04-09,19,403,1,C028,Hamra,Cheese Manoushe,Manakish,4.5,0.8,M,18,Tripoli,1399,9,4,2024,Tuesday,4.5,3.7,16–25
1999,2024-04-18,7,302,3,C080,Hamra,Lemonade Mint,Cold Drinks,3.5,1.0,F,40,Saida,1513,18,4,2024,Thursday,10.5,7.5,36–50
242,2024-12-08,14,403,3,C010,Hamra,Cheese Manoushe,Manakish,4.5,0.8,F,49,Tyre,4796,8,12,2024,Sunday,13.5,11.100000000000001,36–50
1271,2024-06-21,16,304,3,C052,Hamra,Carrot Juice,Cold Drinks,3.5,1.0,F,28,Jounieh,2418,21,6,2024,Friday,10.5,7.5,26–35
3600,2024-08-24,9,501,2,C143,Hamra,Shish Tawouk Sandwich,Sandwiches,6.5,2.5,M,36,Saida,3307,24,8,2024,Saturday,13.0,8.0,36–50
3278,2024-06-10,14,308,1,C132,Hamra,Banane Avocat,Cocktails,6.5,2.5,M,33,Tyre,2262,10,6,2024,Monday,6.5,4.0,26–35
2262,2024-08-03,18,305,1,C090,Hamra,Avocado Shake Cocktails,Shakes,6.0,2.2,F,20,Beirut,3022,3,8,2024,Saturday,6.0,3.8,16–25
1541,2024-09-20,10,203,1,C062,Hamra,Green Tea,Tea,2.2,0.5,F,50,Tyre,3686,20,9,2024,Friday,2.2,1.7000000000000002,36–50
2701,2024-09-19,14,203,1,C107,Hamra,Green Tea,Tea,2.2,0.5,M,18,Tyre,3676,19,9,2024,Thursday,2.2,1.7000000000000002,16–25
3287,2024-10-18,17,601,2,C132,Hamra,Chicken Caesar Salad,Salads,7.5,3.2,M,33,Tyre,4085,18,10,2024,Friday,15.0,8.6,26–35
996,2024-09-30,7,201,3,C041,Hamra,Tea,Tea,2.0,0.4,M,42,Tyre,3823,30,9,2024,Monday,6.0,4.800000000000001,36–50
2477,2024-01-03,9,701,1,C099,Hamra,Nutella Crepe,Desserts,5.5,1.8,M,49,Zahle,31,3,1,2024,Wednesday,5.5,3.7,36–50
1345,2024-01-28,12,205,1,C055,Hamra,Mate,Tea,2.5,0.5,F,44,Tyre,384,28,1,2024,Sunday,2.5,2.0,36–50
694,2024-11-21,15,302,1,C028,Hamra,Lemonade Mint,Cold Drinks,3.5,1.0,M,18,Tripoli,4559,21,11,2024,Thursday,3.5,2.5,16–25
2537,2024-05-28,8,703,1,C101,Hamra,Ashta W Banane,Cocktails Specials,7.0,2.5,M,44,Byblos,2074,28,5,2024,Tuesday,7.0,4.5,36–50
1141,2024-01-28,17,403,1,C047,Hamra,Cheese Manoushe,Manakish,4.5,0.8,M,24,Jounieh,389,28,1,2024,Sunday,4.5,3.7,16–25
3439,2024-11-05,7,304,1,C137,Hamra,Carrot Juice,Cold Drinks,3.5,1.0,F,30,Saida,4327,5,11,2024,Tuesday,3.5,2.5,26–35
3219,2024-03-05,16,104,2,C130,Hamra,Americano,Coffee,3.0,0.6,F,26,Beirut,906,5,3,2024,Tuesday,6.0,4.8,26–35
4881,2024-12-21,9,307,1,C195,Hamra,Strawberry Cocktail,Cocktails,6.0,2.0,M,26,Saida,4973,21,12,2024,Saturday,6.0,4.0,26–35
2940,2024-01-21,10,307,3,C117,Hamra,Strawberry Cocktail,Cocktails,6.0,2.0,F,49,Zahle,284,21,1,2024,Sunday,18.0,12.0,36–50
2728,2024-09-08,17,501,1,C108,Hamra,Shish Tawouk Sandwich,Sandwiches,6.5,2.5,F,21,Saida,3525,8,9,2024,Sunday,6.5,4.0,16–25
4368,2024-08-22,11,503,2,C176,Hamra,BBQ Chicken Sandwich,Sandwiches,7.5,3.2,M,24,Jounieh,3281,22,8,2024,Thursday,15.0,8.6,16–25
1717,2024-08-14,9,409,1,C069,Hamra,Pita Chips,Appetizers,2.5,0.6,F,56,Zahle,3167,14,8,2024,Wednesday,2.5,1.9,50+
670,2024-01-13,19,408,2,C028,Hamra,Fries,Appetizers,3.0,0.7,M,18,Tripoli,181,13,1,2024,Saturday,6.0,4.6,16–25
1982,2024-11-08,16,602,1,C079,Hamra,Greek Salad,Salads,6.5,2.8,M,38,Byblos,4378,8,11,2024,Friday,6.5,3.7,36–50
323,2024-02-18,17,506,1,C014,Hamra,Steak Sandwich,Sandwiches,9.0,4.0,M,38,Saida,683,18,2,2024,Sunday,9.0,5.0,36–50
1114,2024-04-27,8,504,1,C046,Hamra,Halloumi Sandwich,Sandwiches,6.0,2.0,F,60,Saida,1640,27,4,2024,Saturday,6.0,4.0,50+
3540,2024-02-23,8,408,3,C141,Hamra,Fries,Appetizers,3.0,0.7,F,21,Jounieh,744,23,2,2024,Friday,9.0,6.8999999999999995,16–25
377,2024-05-17,13,202,1,C016,Hamra,Mint Tea,Tea,2.2,0.5,M,50,Zahle,1925,17,5,2024,Friday,2.2,1.7000000000000002,36–50
4189,2024-02-22,15,102,1,C168,Hamra,Turkish Coffee,Coffee,2.0,0.4,F,47,Tyre,737,22,2,2024,Thursday,2.0,1.6,36–50
4975,2024-02-13,16,403,1,C200,Hamra,Cheese Manoushe,Manakish,4.5,0.8,M,40,Byblos,612,13,2,2024,Tuesday,4.5,3.7,36–50
3971,2024-10-29,8,110,1,C158,Hamra,Sahlab,Hot Drinks,4.0,1.0,F,26,Batroun,4230,29,10,2024,Tuesday,4.0,3.0,26–35
2019,2024-02-22,13,307,2,C081,Hamra,Strawberry Cocktail,Cocktails,6.0,2.0,M,55,Tripoli,735,22,2,2024,Thursday,12.0,8.0,50+
4813,2024-03-14,13,302,1,C193,Hamra,Lemonade Mint,Cold Drinks,3.5,1.0,M,48,Byblos,1029,14,3,2024,Thursday,3.5,2.5,36–50
1424,2024-02-15,17,401,1,C058,Hamra,Croissant,Bakery,3.0,0.8,F,22,Tripoli,641,15,2,2024,Thursday,3.0,2.2,16–25
1164,2024-01-13,13,103,3,C048,Hamra,Blonde Coffee,Coffee,2.2,0.5,F,39,Zahle,175,13,1,2024,Saturday,6.6000000000000005,5.1000000000000005,36–50
1203,2024-06-13,9,107,2,C049,Hamra,Mocha,Coffee,4.5,0.9,F,35,Tyre,2299,13,6,2024,Thursday,9.0,7.2,26–35
2230,2024-04-11,18,602,2,C089,Hamra,Greek Salad,Salads,6.5,2.8,F,21,Saida,1426,11,4,2024,Thursday,13.0,7.4,16–25
3236,2024-10-06,13,108,1,C130,Hamra,Caramel Latte,Coffee,4.8,1.0,F,26,Beirut,3913,6,10,2024,Sunday,4.8,3.8,26–35
337,2024-09-14,7,305,1,C014,Hamra,Avocado Shake Cocktails,Shakes,6.0,2.2,M,38,Saida,3599,14,9,2024,Saturday,6.0,3.8,36–50
2613,2024-12-02,16,202,1,C103,Hamra,Mint Tea,Tea,2.2,0.5,M,21,Byblos,4714,2,12,2024,Monday,2.2,1.7000000000000002,16–25
3059,2024-12-21,7,410,2,C121,Hamra,Hummus,Appetizers,4.0,1.2,F,53,Batroun,4971,21,12,2024,Saturday,8.0,5.6,50+
3662,2024-05-17,11,302,1,C145,Hamra,Lemonade Mint,Cold Drinks,3.5,1.0,F,55,Saida,1923,17,5,2024,Friday,3.5,2.5,50+
3080,2024-06-11,8,403,1,C123,Hamra,Cheese Manoushe,Manakish,4.5,0.8,F,27,Saida,2270,11,6,2024,Tuesday,4.5,3.7,26–35
3980,2024-04-20,15,505,1,C159,Hamra,Turkey Sandwich,Sandwiches,5.5,2.2,M,59,Tripoli,1549,20,4,2024,Saturday,5.5,3.3,50+
3450,2024-04-11,13,110,1,C138,Hamra,Sahlab,Hot Drinks,4.0,1.0,F,55,Tyre,1421,11,4,2024,Thursday,4.0,3.0,50+
1728,2024-01-17,10,307,2,C070,Hamra,Strawberry Cocktail,Cocktails,6.0,2.0,F,27,Byblos,228,17,1,2024,Wednesday,12.0,8.0,26–35
2605,2024-09-24,10,502,1,C103,Hamra,Chicken Sub Sandwich,Sandwiches,7.0,3.0,M,21,Byblos,3742,24,9,2024,Tuesday,7.0,4.0,16–25
2567,2024-06-30,8,408,1,C102,Hamra,Fries,Appetizers,3.0,0.7,M,29,Tripoli,2536,30,6,2024,Sunday,3.0,2.3,26–35
4121,2024-01-24,11,307,3,C165,Hamra,Strawberry Cocktail,Cocktails,6.0,2.0,M,44,Batroun,327,24,1,2024,Wednesday,18.0,12.0,36–50
1581,2024-01-29,10,602,1,C064,Hamra,Greek Salad,Salads,6.5,2.8,M,26,Jounieh,396,29,1,2024,Monday,6.5,3.7,26–35
3962,2024-06-19,18,501,1,C158,Hamra,Shish Tawouk Sandwich,Sandwiches,6.5,2.5,F,26,Batroun,2392,19,6,2024,Wednesday,6.5,4.0,26–35
4058,2024-08-15,19,203,3,C162,Hamra,Green Tea,Tea,2.2,0.5,F,37,Saida,3191,15,8,2024,Thursday,6.6000000000000005,5.1000000000000005,36–50
438,2024-07-06,7,402,3,C018,Hamra,Zaatar Manoushe,Manakish,3.5,0.5,M,19,Tripoli,2619,6,7,2024,Saturday,10.5,9.0,16–25
1579,2024-12-11,18,205,1,C063,Hamra,Mate,Tea,2.5,0.5,F,32,Byblos,4842,11,12,2024,Wednesday,2.5,2.0,26–35
1208,2024-08-17,14,307,1,C049,Hamra,Strawberry Cocktail,Cocktails,6.0,2.0,F,35,Tyre,3214,17,8,2024,Saturday,6.0,4.0,26–35
1394,2024-11-16,9,405,1,C056,Hamra,Lahm Baajin,Manakish,5.0,1.2,F,26,Batroun,4483,16,11,2024,Saturday,5.0,3.8,26–35
2287,2024-12-05,20,601,2,C091,Hamra,Chicken Caesar Salad,Salads,7.5,3.2,M,47,Tyre,4760,5,12,2024,Thursday,15.0,8.6,36–50
1427,2024-04-28,12,504,2,C058,Hamra,Halloumi Sandwich,Sandwiches,6.0,2.0,F,22,Tripoli,1658,28,4,2024,Sunday,12.0,8.0,16–25
3883,2024-06-04,10,501,1,C155,Hamra,Shish Tawouk Sandwich,Sandwiches,6.5,2.5,M,24,Byblos,2174,4,6,2024,Tuesday,6.5,4.0,16–25
1367,2024-09-28,15,409,1,C055,Hamra,Pita Chips,Appetizers,2.5,0.6,F,44,Tyre,3803,28,9,2024,Saturday,2.5,1.9,36–50
2136,2024-06-23,13,602,1,C085,Hamra,Greek Salad,Salads,6.5,2.8,F,40,Saida,2443,23,6,2024,Sunday,6.5,3.7,36–50
471,2024-04-13,15,409,1,C019,Hamra,Pita Chips,Appetizers,2.5,0.6,M,43,Tripoli,1451,13,4,2024,Saturday,2.5,1.9,36–50
3793,2024-04-01,16,701,1,C151,Hamra,Nutella Crepe,Desserts,5.5,1.8,M,21,Saida,1284,1,4,2024,Monday,5.5,3.7,16–25
2597,2024-07-04,9,706,2,C103,Hamra,Honey Pancakes,Desserts,4.5,1.5,M,21,Byblos,2593,4,7,2024,Thursday,9.0,6.0,16–25
2834,2024-10-09,7,410,1,C112,Hamra,Hummus,Appetizers,4.0,1.2,F,46,Tripoli,3949,9,10,2024,Wednesday,4.0,2.8,36–50
2720,2024-06-29,11,506,1,C108,Hamra,Steak Sandwich,Sandwiches,9.0,4.0,F,21,Saida,2525,29,6,2024,Saturday,9.0,5.0,16–25
1152,2024-06-18,9,304,1,C047,Hamra,Carrot Juice,Cold Drinks,3.5,1.0,M,24,Jounieh,2369,18,6,2024,Tuesday,3.5,2.5,16–25
2694,2024-07-05,12,108,1,C107,Hamra,Caramel Latte,Coffee,4.8,1.0,M,18,Tyre,2610,5,7,2024,Friday,4.8,3.8,16–25
4856,2024-06-23,14,503,1,C194,Hamra,BBQ Chicken Sandwich,Sandwiches,7.5,3.2,F,18,Jounieh,2444,23,6,2024,Sunday,7.5,4.3,16–25
4440,2024-08-09,17,408,1,C179,Hamra,Fries,Appetizers,3.0,0.7,F,43,Zahle,3105,9,8,2024,Friday,3.0,2.3,36–50
2107,2024-08-20,19,602,1,C084,Hamra,Greek Salad,Salads,6.5,2.8,M,53,Batroun,3261,20,8,2024,Tuesday,6.5,3.7,50+
3908,2024-06-10,10,403,1,C156,Hamra,Cheese Manoushe,Manakish,4.5,0.8,M,52,Jounieh,2258,10,6,2024,Monday,4.5,3.7,50+
3185,2024-05-13,11,501,1,C128,Hamra,Shish Tawouk Sandwich,Sandwiches,6.5,2.5,M,36,Batroun,1867,13,5,2024,Monday,6.5,4.0,36–50
4602,2024-08-11,11,701,2,C185,Hamra,Nutella Crepe,Desserts,5.5,1.8,M,39,Saida,3127,11,8,2024,Sunday,11.0,7.4,36–50
1431,2024-06-01,10,310,1,C058,Hamra,Strawberry Milkshake,Shakes,5.5,1.8,F,22,Tripoli,2132,1,6,2024,Saturday,5.5,3.7,16–25
3588,2024-02-02,10,411,1,C143,Hamra,Mutabbal,Appetizers,4.2,1.2,M,36,Saida,452,2,2,2024,Friday,4.2,3.0,36–50
3617,2024-02-24,10,302,2,C144,Hamra,Lemonade Mint,Cold Drinks,3.5,1.0,F,39,Batroun,760,24,2,2024,Saturday,7.0,5.0,36–50
2420,2024-01-07,10,309,1,C097,Hamra,Chocolate Milkshake,Shakes,5.5,1.8,M,45,Batroun,88,7,1,2024,Sunday,5.5,3.7,36–50
1156,2024-08-31,10,306,3,C047,Hamra,Mango Cocktail,Cocktails,6.0,2.2,M,24,Jounieh,3406,31,8,2024,Saturday,18.0,11.399999999999999,16–25
4782,2024-11-08,11,102,1,C191,Hamra,Turkish Coffee,Coffee,2.0,0.4,M,60,Byblos,4373,8,11,2024,Friday,2.0,1.6,50+
3521,2024-05-05,8,406,2,C140,Hamra,Kaak with Cheese,Bakery,3.5,0.8,F,50,Tripoli,1752,5,5,2024,Sunday,7.0,5.4,36–50
2583,2024-01-12,8,602,3,C103,Hamra,Greek Salad,Salads,6.5,2.8,M,21,Byblos,156,12,1,2024,Friday,19.5,11.100000000000001,16–25
4246,2024-01-16,15,408,2,C171,Hamra,Fries,Appetizers,3.0,0.7,M,27,Byblos,219,16,1,2024,Tuesday,6.0,4.6,26–35
2103,2024-07-26,8,405,1,C084,Hamra,Lahm Baajin,Manakish,5.0,1.2,M,53,Batroun,2900,26,7,2024,Friday,5.0,3.8,50+
3928,2024-02-12,12,202,1,C157,Hamra,Mint Tea,Tea,2.2,0.5,F,30,Jounieh,594,12,2,2024,Monday,2.2,1.7000000000000002,26–35
1200,2024-05-14,8,602,1,C049,Hamra,Greek Salad,Salads,6.5,2.8,F,35,Tyre,1878,14,5,2024,Tuesday,6.5,3.7,26–35
3259,2024-08-15,11,202,1,C131,Hamra,Mint Tea,Tea,2.2,0.5,F,59,Byblos,3183,15,8,2024,Thursday,2.2,1.7000000000000002,50+
2822,2024-04-20,10,704,2,C112,Hamra,Mafroukeh Dessert,Desserts,6.5,2.5,F,46,Tripoli,1544,20,4,2024,Saturday,13.0,8.0,36–50
4919,2024-11-02,18,702,1,C197,Hamra,Lotus Crepe,Desserts,5.8,1.9,M,57,Zahle,4296,2,11,2024,Saturday,5.8,3.9,50+
1478,2024-06-08,13,705,1,C060,Hamra,Ice Cream 2 Scoops,Desserts,4.0,1.2,F,22,Zahle,2233,8,6,2024,Saturday,4.0,2.8,16–25
1639,2024-11-26,13,309,1,C066,Hamra,Chocolate Milkshake,Shakes,5.5,1.8,M,22,Zahle,4627,26,11,2024,Tuesday,5.5,3.7,16–25
2190,2024-09-20,19,309,1,C087,Hamra,Chocolate Milkshake,Shakes,5.5,1.8,F,60,Batroun,3695,20,9,2024,Friday,5.5,3.7,50+
3151,2024-08-12,12,201,2,C126,Hamra,Tea,Tea,2.0,0.4,M,59,Jounieh,3142,12,8,2024,Monday,4.0,3.2,50+
638,2024-08-04,16,203,2,C026,Hamra,Green Tea,Tea,2.2,0.5,M,28,Beirut,3034,4,8,2024,Sunday,4.4,3.4000000000000004,26–35
1759,2024-02-14,11,402,1,C071,Hamra,Zaatar Manoushe,Manakish,3.5,0.5,F,29,Byblos,621,14,2,2024,Wednesday,3.5,3.0,26–35
1852,2024-08-01,7,108,1,C074,Hamra,Caramel Latte,Coffee,4.8,1.0,M,29,Saida,2983,1,8,2024,Thursday,4.8,3.8,26–35
4908,2024-02-28,18,110,1,C197,Hamra,Sahlab,Hot Drinks,4.0,1.0,M,57,Zahle,824,28,2,2024,Wednesday,4.0,3.0,50+
1149,2024-05-11,9,108,1,C047,Hamra,Caramel Latte,Coffee,4.8,1.0,M,24,Jounieh,1837,11,5,2024,Saturday,4.8,3.8,16–25
1890,2024-04-13,15,305,3,C076,Hamra,Avocado Shake Cocktails,Shakes,6.0,2.2,M,40,Saida,1451,13,4,2024,Saturday,18.0,11.399999999999999,36–50
2407,2024-07-13,20,108,2,C096,Hamra,Caramel Latte,Coffee,4.8,1.0,M,46,Zahle,2730,13,7,2024,Saturday,9.6,7.6,36–50
4233,2024-06-05,7,109,1,C170,Hamra,Hot Chocolate,Hot Drinks,3.8,0.9,F,23,Tripoli,2185,5,6,2024,Wednesday,3.8,2.9,16–25
750,2024-04-07,11,107,1,C031,Hamra,Mocha,Coffee,4.5,0.9,M,18,Jounieh,1363,7,4,2024,Sunday,4.5,3.6,16–25
541,2024-08-13,8,204,1,C022,Hamra,Chamomile Tea,Tea,2.5,0.5,F,32,Tyre,3152,13,8,2024,Tuesday,2.5,2.0,26–35
416,2024-07-23,10,403,1,C017,Hamra,Cheese Manoushe,Manakish,4.5,0.8,M,34,Byblos,2860,23,7,2024,Tuesday,4.5,3.7,26–35
3723,2024-03-19,20,102,1,C148,Hamra,Turkish Coffee,Coffee,2.0,0.4,M,19,Beirut,1106,19,3,2024,Tuesday,2.0,1.6,16–25
3395,2024-05-03,20,601,1,C136,Hamra,Chicken Caesar Salad,Salads,7.5,3.2,M,42,Saida,1736,3,5,2024,Friday,7.5,4.3,36–50
2462,2024-08-05,17,108,1,C098,Hamra,Caramel Latte,Coffee,4.8,1.0,M,33,Tripoli,3049,5,8,2024,Monday,4.8,3.8,26–35
1195,2024-01-04,7,203,1,C049,Hamra,Green Tea,Tea,2.2,0.5,F,35,Tyre,43,4,1,2024,Thursday,2.2,1.7000000000000002,26–35
2178,2024-03-30,9,306,1,C087,Hamra,Mango Cocktail,Cocktails,6.0,2.2,F,60,Batroun,1249,30,3,2024,Saturday,6.0,3.8,50+
918,2024-04-13,16,605,3,C038,Hamra,Halloumi Salad,Salads,6.8,2.9,F,39,Saida,1452,13,4,2024,Saturday,20.4,11.7,36–50
1299,2024-04-28,13,403,2,C053,Hamra,Cheese Manoushe,Manakish,4.5,0.8,F,46,Batroun,1659,28,4,2024,Sunday,9.0,7.4,36–50
680,2024-05-12,16,410,1,C028,Hamra,Hummus,Appetizers,4.0,1.2,M,18,Tripoli,1858,12,5,2024,Sunday,4.0,2.8,16–25
1938,2024-11-07,9,308,1,C077,Hamra,Banane Avocat,Cocktails,6.5,2.5,M,30,Zahle,4357,7,11,2024,Thursday,6.5,4.0,26–35
3931,2024-04-05,10,604,1,C157,Hamra,Tabbouleh,Salads,5.5,2.0,F,30,Jounieh,1334,5,4,2024,Friday,5.5,3.5,26–35
4988,2024-11-26,8,205,1,C200,Hamra,Mate,Tea,2.5,0.5,M,40,Byblos,4622,26,11,2024,Tuesday,2.5,2.0,36–50
3490,2024-05-22,9,102,1,C139,Hamra,Turkish Coffee,Coffee,2.0,0.4,M,33,Saida,1991,22,5,2024,Wednesday,2.0,1.6,26–35
4344,2024-10-14,15,704,2,C175,Hamra,Mafroukeh Dessert,Desserts,6.5,2.5,F,39,Saida,4027,14,10,2024,Monday,13.0,8.0,36–50
4290,2024-01-28,9,202,1,C173,Hamra,Mint Tea,Tea,2.2,0.5,F,31,Tripoli,381,28,1,2024,Sunday,2.2,1.7000000000000002,26–35
453,2024-10-04,17,705,1,C018,Hamra,Ice Cream 2 Scoops,Desserts,4.0,1.2,M,19,Tripoli,3889,4,10,2024,Friday,4.0,2.8,16–25
1231,2024-08-20,11,411,1,C050,Hamra,Mutabbal,Appetizers,4.2,1.2,M,38,Jounieh,3253,20,8,2024,Tuesday,4.2,3.0,36–50
2221,2024-01-17,8,103,3,C089,Hamra,Blonde Coffee,Coffee,2.2,0.5,F,21,Saida,226,17,1,2024,Wednesday,6.6000000000000005,5.1000000000000005,16–25
4379,2024-02-28,10,105,3,C177,Hamra,Café Latte,Coffee,4.0,0.8,M,23,Saida,816,28,2,2024,Wednesday,12.0,9.600000000000001,16–25
3763,2024-03-30,18,103,1,C150,Hamra,Blonde Coffee,Coffee,2.2,0.5,M,46,Zahle,1258,30,3,2024,Saturday,2.2,1.7000000000000002,36–50
1095,2024-07-17,19,605,1,C045,Hamra,Halloumi Salad,Salads,6.8,2.9,F,48,Tyre,2785,17,7,2024,Wednesday,6.8,3.9,36–50
4737,2024-12-27,13,304,1,C189,Hamra,Carrot Juice,Cold Drinks,3.5,1.0,F,43,Tripoli,5061,27,12,2024,Friday,3.5,2.5,36–50
3164,2024-01-26,20,102,1,C127,Hamra,Turkish Coffee,Coffee,2.0,0.4,M,30,Tripoli,364,26,1,2024,Friday,2.0,1.6,26–35
2312,2024-01-25,13,602,1,C093,Hamra,Greek Salad,Salads,6.5,2.8,F,27,Byblos,343,25,1,2024,Thursday,6.5,3.7,26–35
527,2024-10-27,18,501,1,C021,Hamra,Shish Tawouk Sandwich,Sandwiches,6.5,2.5,F,58,Batroun,4212,27,10,2024,Sunday,6.5,4.0,50+
4969,2024-12-04,9,302,1,C199,Hamra,Lemonade Mint,Cold Drinks,3.5,1.0,M,46,Jounieh,4735,4,12,2024,Wednesday,3.5,2.5,36–50
4731,2024-09-23,11,204,1,C189,Hamra,Chamomile Tea,Tea,2.5,0.5,F,43,Tripoli,3729,23,9,2024,Monday,2.5,2.0,36–50
1897,2024-06-29,7,403,1,C076,Hamra,Cheese Manoushe,Manakish,4.5,0.8,M,40,Saida,2521,29,6,2024,Saturday,4.5,3.7,36–50
4117,2024-12-25,16,402,2,C164,Hamra,Zaatar Manoushe,Manakish,3.5,0.5,F,53,Batroun,5036,25,12,2024,Wednesday,7.0,6.0,50+
3814,2024-03-08,16,110,1,C152,Hamra,Sahlab,Hot Drinks,4.0,1.0,F,39,Tripoli,948,8,3,2024,Friday,4.0,3.0,36–50
4016,2024-12-16,16,103,1,C160,Hamra,Blonde Coffee,Coffee,2.2,0.5,M,20,Beirut,4910,16,12,2024,Monday,2.2,1.7000000000000002,16–25
2284,2024-11-16,17,411,1,C091,Hamra,Mutabbal,Appetizers,4.2,1.2,M,47,Tyre,4491,16,11,2024,Saturday,4.2,3.0,36–50
4655,2024-02-18,7,502,1,C187,Hamra,Chicken Sub Sandwich,Sandwiches,7.0,3.0,F,18,Tyre,673,18,2,2024,Sunday,7.0,4.0,16–25
2405,2024-06-23,11,310,1,C096,Hamra,Strawberry Milkshake,Shakes,5.5,1.8,M,46,Zahle,2441,23,6,2024,Sunday,5.5,3.7,36–50
2391,2024-02-21,19,307,1,C096,Hamra,Strawberry Cocktail,Cocktails,6.0,2.0,M,46,Zahle,727,21,2,2024,Wednesday,6.0,4.0,36–50
1867,2024-04-11,16,701,1,C075,Hamra,Nutella Crepe,Desserts,5.5,1.8,M,58,Saida,1424,11,4,2024,Thursday,5.5,3.7,50+
2773,2024-08-03,15,503,1,C110,Hamra,BBQ Chicken Sandwich,Sandwiches,7.5,3.2,M,55,Batroun,3019,3,8,2024,Saturday,7.5,4.3,50+
2052,2024-07-06,7,605,1,C082,Hamra,Halloumi Salad,Salads,6.8,2.9,M,37,Tripoli,2619,6,7,2024,Saturday,6.8,3.9,36–50
3178,2024-02-26,7,405,1,C128,Hamra,Lahm Baajin,Manakish,5.0,1.2,M,36,Batroun,785,26,2,2024,Monday,5.0,3.8,36–50
2586,2024-02-16,10,306,3,C103,Hamra,Mango Cocktail,Cocktails,6.0,2.2,M,21,Byblos,648,16,2,2024,Friday,18.0,11.399999999999999,16–25
3308,2024-06-07,10,405,1,C133,Hamra,Lahm Baajin,Manakish,5.0,1.2,M,41,Beirut,2216,7,6,2024,Friday,5.0,3.8,36–50
3629,2024-06-22,8,403,1,C144,Hamra,Cheese Manoushe,Manakish,4.5,0.8,F,39,Batroun,2424,22,6,2024,Saturday,4.5,3.7,36–50
3497,2024-08-29,15,406,1,C139,Hamra,Kaak with Cheese,Bakery,3.5,0.8,M,33,Saida,3383,29,8,2024,Thursday,3.5,2.7,26–35
848,2024-10-08,20,705,2,C035,Hamra,Ice Cream 2 Scoops,Desserts,4.0,1.2,M,33,Byblos,3948,8,10,2024,Tuesday,8.0,5.6,26–35
2831,2024-08-28,15,401,1,C112,Hamra,Croissant,Bakery,3.0,0.8,F,46,Tripoli,3369,28,8,2024,Wednesday,3.0,2.2,36–50
4228,2024-01-05,19,601,2,C170,Hamra,Chicken Caesar Salad,Salads,7.5,3.2,F,23,Tripoli,69,5,1,2024,Friday,15.0,8.6,16–25
2177,2024-03-24,19,307,2,C087,Hamra,Strawberry Cocktail,Cocktails,6.0,2.0,F,60,Batroun,1175,24,3,2024,Sunday,12.0,8.0,50+
3002,2024-11-03,8,306,1,C119,Hamra,Mango Cocktail,Cocktails,6.0,2.2,F,42,Tyre,4300,3,11,2024,Sunday,6.0,3.8,36–50
2475,2024-12-26,20,101,1,C098,Hamra,Espresso,Coffee,2.5,0.5,M,33,Tripoli,5054,26,12,2024,Thursday,2.5,2.0,26–35
2040,2024-09-04,15,501,1,C081,Hamra,Shish Tawouk Sandwich,Sandwiches,6.5,2.5,M,55,Tripoli,3467,4,9,2024,Wednesday,6.5,4.0,50+
3446,2024-02-23,12,203,2,C138,Hamra,Green Tea,Tea,2.2,0.5,F,55,Tyre,748,23,2,2024,Friday,4.4,3.4000000000000004,50+
2050,2024-06-09,14,306,1,C082,Hamra,Mango Cocktail,Cocktails,6.0,2.2,M,37,Tripoli,2248,9,6,2024,Sunday,6.0,3.8,36–50
3405,2024-08-13,16,604,1,C136,Hamra,Tabbouleh,Salads,5.5,2.0,M,42,Saida,3160,13,8,2024,Tuesday,5.5,3.5,36–50
627,2024-01-15,19,109,1,C026,Hamra,Hot Chocolate,Hot Drinks,3.8,0.9,M,28,Beirut,209,15,1,2024,Monday,3.8,2.9,26–35
74,2024-08-11,19,302,1,C003,Hamra,Lemonade Mint,Cold Drinks,3.5,1.0,F,51,Batroun,3135,11,8,2024,Sunday,3.5,2.5,50+
1448,2024-03-01,10,605,1,C059,Hamra,Halloumi Salad,Salads,6.8,2.9,F,31,Jounieh,844,1,3,2024,Friday,6.8,3.9,26–35
2922,2024-05-01,8,306,1,C116,Hamra,Mango Cocktail,Cocktails,6.0,2.2,F,48,Jounieh,1696,1,5,2024,Wednesday,6.0,3.8,36–50
3261,2024-10-03,8,406,1,C131,Hamra,Kaak with Cheese,Bakery,3.5,0.8,F,59,Byblos,3866,3,10,2024,Thursday,3.5,2.7,50+
4135,2024-02-15,15,503,1,C166,Hamra,BBQ Chicken Sandwich,Sandwiches,7.5,3.2,F,48,Beirut,639,15,2,2024,Thursday,7.5,4.3,36–50
3238,2024-10-20,7,307,1,C130,Hamra,Strawberry Cocktail,Cocktails,6.0,2.0,F,26,Beirut,4103,20,10,2024,Sunday,6.0,4.0,26–35
3655,2024-03-02,18,202,3,C145,Hamra,Mint Tea,Tea,2.2,0.5,F,55,Saida,866,2,3,2024,Saturday,6.6000000000000005,5.1000000000000005,50+
861,2024-03-26,13,106,1,C036,Hamra,Cappuccino,Coffee,3.5,0.7,M,23,Beirut,1197,26,3,2024,Tuesday,3.5,2.8,16–25
2162,2024-07-28,17,706,2,C086,Hamra,Honey Pancakes,Desserts,4.5,1.5,M,33,Tripoli,2937,28,7,2024,Sunday,9.0,6.0,26–35
2452,2024-03-18,20,301,1,C098,Hamra,Lemonade,Cold Drinks,3.0,0.8,M,33,Tripoli,1092,18,3,2024,Monday,3.0,2.2,26–35
3108,2024-07-20,9,401,1,C124,Hamra,Croissant,Bakery,3.0,0.8,M,52,Tyre,2817,20,7,2024,Saturday,3.0,2.2,50+
1830,2024-10-28,9,105,2,C073,Hamra,Café Latte,Coffee,4.0,0.8,F,54,Saida,4217,28,10,2024,Monday,8.0,6.4,50+
2775,2024-08-10,8,109,1,C110,Hamra,Hot Chocolate,Hot Drinks,3.8,0.9,M,55,Batroun,3110,10,8,2024,Saturday,3.8,2.9,50+
3074,2024-08-09,20,604,3,C122,Hamra,Tabbouleh,Salads,5.5,2.0,F,41,Beirut,3108,9,8,2024,Friday,16.5,10.5,36–50
3216,2024-01-03,16,504,2,C130,Hamra,Halloumi Sandwich,Sandwiches,6.0,2.0,F,26,Beirut,38,3,1,2024,Wednesday,12.0,8.0,26–35
4042,2024-01-06,12,204,1,C162,Hamra,Chamomile Tea,Tea,2.5,0.5,F,37,Saida,76,6,1,2024,Saturday,2.5,2.0,36–50
652,2024-04-02,19,602,1,C027,Hamra,Greek Salad,Salads,6.5,2.8,F,46,Byblos,1301,2,4,2024,Tuesday,6.5,3.7,36–50
4119,2024-01-08,16,506,1,C165,Hamra,Steak Sandwich,Sandwiches,9.0,4.0,M,44,Batroun,108,8,1,2024,Monday,9.0,5.0,36–50
4963,2024-08-22,8,405,1,C199,Hamra,Lahm Baajin,Manakish,5.0,1.2,M,46,Jounieh,3278,22,8,2024,Thursday,5.0,3.8,36–50
3768,2024-04-17,16,705,1,C150,Hamra,Ice Cream 2 Scoops,Desserts,4.0,1.2,M,46,Zahle,1508,17,4,2024,Wednesday,4.0,2.8,36–50
1688,2024-06-09,10,705,1,C068,Hamra,Ice Cream 2 Scoops,Desserts,4.0,1.2,F,21,Beirut,2244,9,6,2024,Sunday,4.0,2.8,16–25
335,2024-07-27,16,401,1,C014,Hamra,Croissant,Bakery,3.0,0.8,M,38,Saida,2922,27,7,2024,Saturday,3.0,2.2,36–50
2467,2024-08-27,15,706,1,C098,Hamra,Honey Pancakes,Desserts,4.5,1.5,M,33,Tripoli,3355,27,8,2024,Tuesday,4.5,3.0,26–35
577,2024-11-26,15,603,2,C023,Hamra,Fattoush,Salads,5.5,2.0,M,18,Saida,4629,26,11,2024,Tuesday,11.0,7.0,16–25
4283,2024-11-28,12,404,2,C172,Hamra,Keshek Manoushe,Manakish,4.0,0.7,F,21,Zahle,4654,28,11,2024,Thursday,8.0,6.6,16–25
4812,2024-02-19,19,304,1,C193,Hamra,Carrot Juice,Cold Drinks,3.5,1.0,M,48,Byblos,699,19,2,2024,Monday,3.5,2.5,36–50
2892,2024-01-11,10,605,2,C115,Hamra,Halloumi Salad,Salads,6.8,2.9,F,36,Byblos,144,11,1,2024,Thursday,13.6,7.8,36–50
2841,2024-12-16,13,108,1,C112,Hamra,Caramel Latte,Coffee,4.8,1.0,F,46,Tripoli,4907,16,12,2024,Monday,4.8,3.8,36–50
2403,2024-06-04,20,308,1,C096,Hamra,Banane Avocat,Cocktails,6.5,2.5,M,46,Zahle,2184,4,6,2024,Tuesday,6.5,4.0,36–50
1948,2024-03-10,7,706,1,C078,Hamra,Honey Pancakes,Desserts,4.5,1.5,M,23,Beirut,967,10,3,2024,Sunday,4.5,3.0,16–25
1508,2024-06-17,18,506,1,C061,Hamra,Steak Sandwich,Sandwiches,9.0,4.0,F,34,Zahle,2364,17,6,2024,Monday,9.0,5.0,26–35
2141,2024-09-28,10,410,1,C085,Hamra,Hummus,Appetizers,4.0,1.2,F,40,Saida,3798,28,9,2024,Saturday,4.0,2.8,36–50
4540,2024-03-08,11,406,2,C183,Hamra,Kaak with Cheese,Bakery,3.5,0.8,M,23,Saida,943,8,3,2024,Friday,7.0,5.4,16–25
1786,2024-12-20,14,706,3,C071,Hamra,Honey Pancakes,Desserts,4.5,1.5,F,29,Byblos,4964,20,12,2024,Friday,13.5,9.0,26–35
2139,2024-09-08,18,410,1,C085,Hamra,Hummus,Appetizers,4.0,1.2,F,40,Saida,3526,8,9,2024,Sunday,4.0,2.8,36–50
1216,2024-02-17,8,407,2,C050,Hamra,Cheese Rolls,Appetizers,4.5,1.0,M,38,Jounieh,660,17,2,2024,Saturday,9.0,7.0,36–50
3527,2024-07-02,18,105,1,C140,Hamra,Café Latte,Coffee,4.0,0.8,F,50,Tripoli,2574,2,7,2024,Tuesday,4.0,3.2,36–50
365,2024-11-15,11,301,1,C015,Hamra,Lemonade,Cold Drinks,3.0,0.8,F,52,Zahle,4471,15,11,2024,Friday,3.0,2.2,50+
3664,2024-07-05,12,302,2,C145,Hamra,Lemonade Mint,Cold Drinks,3.5,1.0,F,55,Saida,2610,5,7,2024,Friday,7.0,5.0,50+
815,2024-03-30,11,407,1,C034,Hamra,Cheese Rolls,Appetizers,4.5,1.0,F,50,Byblos,1251,30,3,2024,Saturday,4.5,3.5,36–50
851,2024-11-27,19,502,1,C035,Hamra,Chicken Sub Sandwich,Sandwiches,7.0,3.0,M,33,Byblos,4647,27,11,2024,Wednesday,7.0,4.0,26–35
943,2024-05-18,15,407,1,C039,Hamra,Cheese Rolls,Appetizers,4.5,1.0,M,49,Batroun,1941,18,5,2024,Saturday,4.5,3.5,36–50
4555,2024-12-22,16,705,1,C183,Hamra,Ice Cream 2 Scoops,Desserts,4.0,1.2,M,23,Saida,4994,22,12,2024,Sunday,4.0,2.8,16–25
4660,2024-03-29,7,305,1,C187,Hamra,Avocado Shake Cocktails,Shakes,6.0,2.2,F,18,Tyre,1233,29,3,2024,Friday,6.0,3.8,16–25
3316,2024-09-30,20,701,1,C133,Hamra,Nutella Crepe,Desserts,5.5,1.8,M,41,Beirut,3836,30,9,2024,Monday,5.5,3.7,36–50
719,2024-01-19,9,102,1,C030,Hamra,Turkish Coffee,Coffee,2.0,0.4,M,23,Saida,255,19,1,2024,Friday,2.0,1.6,16–25
3288,2024-11-06,20,305,1,C132,Hamra,Avocado Shake Cocktails,Shakes,6.0,2.2,M,33,Tyre,4354,6,11,2024,Wednesday,6.0,3.8,26–35
3612,2024-12-23,8,605,1,C143,Hamra,Halloumi Salad,Salads,6.8,2.9,M,36,Saida,5000,23,12,2024,Monday,6.8,3.9,36–50
2593,2024-06-02,18,303,1,C103,Hamra,Fresh Orange Juice,Cold Drinks,3.5,1.0,M,21,Byblos,2154,2,6,2024,Sunday,3.5,2.5,16–25
4085,2024-09-16,19,101,2,C163,Hamra,Espresso,Coffee,2.5,0.5,F,40,Beirut,3639,16,9,2024,Monday,5.0,4.0,36–50
1845,2024-04-17,9,404,1,C074,Hamra,Keshek Manoushe,Manakish,4.0,0.7,M,29,Saida,1501,17,4,2024,Wednesday,4.0,3.3,26–35
1368,2024-10-11,16,404,1,C055,Hamra,Keshek Manoushe,Manakish,4.0,0.7,F,44,Tyre,3986,11,10,2024,Friday,4.0,3.3,36–50
4843,2024-02-28,15,304,1,C194,Hamra,Carrot Juice,Cold Drinks,3.5,1.0,F,18,Jounieh,821,28,2,2024,Wednesday,3.5,2.5,16–25
1475,2024-05-04,19,602,1,C060,Hamra,Greek Salad,Salads,6.5,2.8,F,22,Zahle,1749,4,5,2024,Saturday,6.5,3.7,16–25
601,2024-12-19,20,504,1,C024,Hamra,Halloumi Sandwich,Sandwiches,6.0,2.0,M,18,Tripoli,4956,19,12,2024,Thursday,6.0,4.0,16–25
544,2024-09-29,15,106,1,C022,Hamra,Cappuccino,Coffee,3.5,0.7,F,32,Tyre,3817,29,9,2024,Sunday,3.5,2.8,26–35
4268,2024-04-16,16,602,3,C172,Hamra,Greek Salad,Salads,6.5,2.8,F,21,Zahle,1494,16,4,2024,Tuesday,19.5,11.100000000000001,16–25
782,2024-10-25,8,503,1,C032,Hamra,BBQ Chicken Sandwich,Sandwiches,7.5,3.2,M,49,Beirut,4174,25,10,2024,Friday,7.5,4.3,36–50
2376,2024-09-01,20,703,1,C095,Hamra,Ashta W Banane,Cocktails Specials,7.0,2.5,M,40,Zahle,3430,1,9,2024,Sunday,7.0,4.5,36–50
2082,2024-12-01,9,604,1,C083,Hamra,Tabbouleh,Salads,5.5,2.0,M,47,Byblos,4693,1,12,2024,Sunday,5.5,3.5,36–50
4443,2024-09-03,20,108,1,C179,Hamra,Caramel Latte,Coffee,4.8,1.0,F,43,Zahle,3458,3,9,2024,Tuesday,4.8,3.8,36–50
53,2024-01-08,10,309,1,C003,Hamra,Chocolate Milkshake,Shakes,5.5,1.8,F,51,Batroun,102,8,1,2024,Monday,5.5,3.7,50+
1738,2024-05-20,15,305,1,C070,Hamra,Avocado Shake Cocktails,Shakes,6.0,2.2,F,27,Byblos,1969,20,5,2024,Monday,6.0,3.8,26–35
4017,2024-12-27,9,204,2,C160,Hamra,Chamomile Tea,Tea,2.5,0.5,M,20,Beirut,5057,27,12,2024,Friday,5.0,4.0,16–25
3217,2024-01-08,19,105,1,C130,Hamra,Café Latte,Coffee,4.0,0.8,F,26,Beirut,111,8,1,2024,Monday,4.0,3.2,26–35
2219,2024-12-17,13,505,2,C088,Hamra,Turkey Sandwich,Sandwiches,5.5,2.2,F,56,Beirut,4921,17,12,2024,Tuesday,11.0,6.6,50+
2740,2024-04-03,18,504,1,C109,Hamra,Halloumi Sandwich,Sandwiches,6.0,2.0,M,29,Jounieh,1314,3,4,2024,Wednesday,6.0,4.0,26–35
1462,2024-11-16,9,409,1,C059,Hamra,Pita Chips,Appetizers,2.5,0.6,F,31,Jounieh,4483,16,11,2024,Saturday,2.5,1.9,26–35
1914,2024-02-08,13,301,1,C077,Hamra,Lemonade,Cold Drinks,3.0,0.8,M,30,Zahle,539,8,2,2024,Thursday,3.0,2.2,26–35
325,2024-03-21,13,603,1,C014,Hamra,Fattoush,Salads,5.5,2.0,M,38,Saida,1127,21,3,2024,Thursday,5.5,3.5,36–50
1254,2024-07-05,15,107,3,C051,Hamra,Mocha,Coffee,4.5,0.9,F,48,Tripoli,2613,5,7,2024,Friday,13.5,10.8,36–50
3485,2024-03-24,8,301,1,C139,Hamra,Lemonade,Cold Drinks,3.0,0.8,M,33,Saida,1164,24,3,2024,Sunday,3.0,2.2,26–35
1949,2024-03-28,19,107,1,C078,Hamra,Mocha,Coffee,4.5,0.9,M,23,Beirut,1231,28,3,2024,Thursday,4.5,3.6,16–25
2006,2024-08-29,12,402,3,C080,Hamra,Zaatar Manoushe,Manakish,3.5,0.5,F,40,Saida,3380,29,8,2024,Thursday,10.5,9.0,36–50
241,2024-12-07,15,204,2,C010,Hamra,Chamomile Tea,Tea,2.5,0.5,F,49,Tyre,4783,7,12,2024,Saturday,5.0,4.0,36–50
1997,2024-04-02,18,204,2,C080,Hamra,Chamomile Tea,Tea,2.5,0.5,F,40,Saida,1300,2,4,2024,Tuesday,5.0,4.0,36–50
3101,2024-03-26,18,602,3,C124,Hamra,Greek Salad,Salads,6.5,2.8,M,52,Tyre,1202,26,3,2024,Tuesday,19.5,11.100000000000001,50+
4623,2024-02-13,8,408,1,C186,Hamra,Fries,Appetizers,3.0,0.7,F,34,Beirut,604,13,2,2024,Tuesday,3.0,2.3,26–35
820,2024-05-16,8,408,2,C034,Hamra,Fries,Appetizers,3.0,0.7,F,50,Byblos,1906,16,5,2024,Thursday,6.0,4.6,36–50
3039,2024-03-14,19,602,1,C121,Hamra,Greek Salad,Salads,6.5,2.8,F,53,Batroun,1035,14,3,2024,Thursday,6.5,3.7,50+
1989,2024-02-05,20,305,2,C080,Hamra,Avocado Shake Cocktails,Shakes,6.0,2.2,F,40,Saida,504,5,2,2024,Monday,12.0,7.6,36–50
1298,2024-04-10,11,706,2,C053,Hamra,Honey Pancakes,Desserts,4.5,1.5,F,46,Batroun,1405,10,4,2024,Wednesday,9.0,6.0,36–50
3907,2024-06-04,16,605,1,C156,Hamra,Halloumi Salad,Salads,6.8,2.9,M,52,Jounieh,2180,4,6,2024,Tuesday,6.8,3.9,50+
448,2024-09-11,16,411,2,C018,Hamra,Mutabbal,Appetizers,4.2,1.2,M,19,Tripoli,3566,11,9,2024,Wednesday,8.4,6.0,16–25
3868,2024-06-19,18,107,1,C154,Hamra,Mocha,Coffee,4.5,0.9,F,25,Tripoli,2392,19,6,2024,Wednesday,4.5,3.6,16–25
2571,2024-08-03,16,407,1,C102,Hamra,Cheese Rolls,Appetizers,4.5,1.0,M,29,Tripoli,3020,3,8,2024,Saturday,4.5,3.5,26–35
3367,2024-06-18,14,701,1,C135,Hamra,Nutella Crepe,Desserts,5.5,1.8,F,20,Byblos,2374,18,6,2024,Tuesday,5.5,3.7,16–25
4300,2024-09-08,17,103,3,C173,Hamra,Blonde Coffee,Coffee,2.2,0.5,F,31,Tripoli,3525,8,9,2024,Sunday,6.6000000000000005,5.1000000000000005,26–35
2474,2024-12-25,15,503,1,C098,Hamra,BBQ Chicken Sandwich,Sandwiches,7.5,3.2,M,33,Tripoli,5035,25,12,2024,Wednesday,7.5,4.3,26–35
1099,2024-11-17,8,404,1,C045,Hamra,Keshek Manoushe,Manakish,4.0,0.7,F,48,Tyre,4496,17,11,2024,Sunday,4.0,3.3,36–50
4954,2024-02-24,11,309,1,C199,Hamra,Chocolate Milkshake,Shakes,5.5,1.8,M,46,Jounieh,761,24,2,2024,Saturday,5.5,3.7,36–50
839,2024-03-31,20,307,3,C035,Hamra,Strawberry Cocktail,Cocktails,6.0,2.0,M,33,Byblos,1274,31,3,2024,Sunday,18.0,12.0,26–35
4482,2024-10-04,13,106,1,C180,Hamra,Cappuccino,Coffee,3.5,0.7,M,20,Jounieh,3885,4,10,2024,Friday,3.5,2.8,16–25
2871,2024-04-10,12,701,2,C114,Hamra,Nutella Crepe,Desserts,5.5,1.8,F,50,Byblos,1406,10,4,2024,Wednesday,11.0,7.4,36–50
517,2024-06-03,12,309,2,C021,Hamra,Chocolate Milkshake,Shakes,5.5,1.8,F,58,Batroun,2162,3,6,2024,Monday,11.0,7.4,50+
3924,2024-12-14,13,504,1,C156,Hamra,Halloumi Sandwich,Sandwiches,6.0,2.0,M,52,Jounieh,4879,14,12,2024,Saturday,6.0,4.0,50+
2419,2024-12-29,9,308,1,C096,Hamra,Banane Avocat,Cocktails,6.5,2.5,M,46,Zahle,5085,29,12,2024,Sunday,6.5,4.0,36–50
1067,2024-05-20,19,502,2,C044,Hamra,Chicken Sub Sandwich,Sandwiches,7.0,3.0,F,20,Zahle,1973,20,5,2024,Monday,14.0,8.0,16–25
2001,2024-06-21,9,110,3,C080,Hamra,Sahlab,Hot Drinks,4.0,1.0,F,40,Saida,2411,21,6,2024,Friday,12.0,9.0,36–50
1374,2024-01-10,16,301,2,C056,Hamra,Lemonade,Cold Drinks,3.0,0.8,F,26,Batroun,136,10,1,2024,Wednesday,6.0,4.4,26–35
3463,2024-08-15,15,201,1,C138,Hamra,Tea,Tea,2.0,0.4,F,55,Tyre,3187,15,8,2024,Thursday,2.0,1.6,50+
3800,2024-09-21,20,407,2,C151,Hamra,Cheese Rolls,Appetizers,4.5,1.0,M,21,Saida,3710,21,9,2024,Saturday,9.0,7.0,16–25
4369,2024-09-04,14,603,1,C176,Hamra,Fattoush,Salads,5.5,2.0,M,24,Jounieh,3466,4,9,2024,Wednesday,5.5,3.5,16–25
4476,2024-09-03,11,106,1,C180,Hamra,Cappuccino,Coffee,3.5,0.7,M,20,Jounieh,3449,3,9,2024,Tuesday,3.5,2.8,16–25
3595,2024-06-03,12,309,2,C143,Hamra,Chocolate Milkshake,Shakes,5.5,1.8,M,36,Saida,2162,3,6,2024,Monday,11.0,7.4,36–50
1347,2024-02-03,17,408,1,C055,Hamra,Fries,Appetizers,3.0,0.7,F,44,Tyre,473,3,2,2024,Saturday,3.0,2.3,36–50
1044,2024-05-08,18,706,2,C043,Hamra,Honey Pancakes,Desserts,4.5,1.5,M,42,Tyre,1804,8,5,2024,Wednesday,9.0,6.0,36–50
1224,2024-06-08,16,704,1,C050,Hamra,Mafroukeh Dessert,Desserts,6.5,2.5,M,38,Jounieh,2236,8,6,2024,Saturday,6.5,4.0,36–50
129,2024-03-29,7,202,2,C006,Hamra,Mint Tea,Tea,2.2,0.5,F,44,Tripoli,1233,29,3,2024,Friday,4.4,3.4000000000000004,36–50
4019,2024-04-02,16,402,1,C161,Hamra,Zaatar Manoushe,Manakish,3.5,0.5,F,35,Batroun,1298,2,4,2024,Tuesday,3.5,3.0,26–35
1547,2024-11-22,18,502,1,C062,Hamra,Chicken Sub Sandwich,Sandwiches,7.0,3.0,F,50,Tyre,4576,22,11,2024,Friday,7.0,4.0,36–50
1364,2024-08-28,7,303,2,C055,Hamra,Fresh Orange Juice,Cold Drinks,3.5,1.0,F,44,Tyre,3361,28,8,2024,Wednesday,7.0,5.0,36–50
4182,2024-11-18,10,603,1,C167,Hamra,Fattoush,Salads,5.5,2.0,F,25,Jounieh,4512,18,11,2024,Monday,5.5,3.5,16–25
3518,2024-04-26,8,503,1,C140,Hamra,BBQ Chicken Sandwich,Sandwiches,7.5,3.2,F,50,Tripoli,1626,26,4,2024,Friday,7.5,4.3,36–50
2920,2024-04-03,17,203,3,C116,Hamra,Green Tea,Tea,2.2,0.5,F,48,Jounieh,1313,3,4,2024,Wednesday,6.6000000000000005,5.1000000000000005,36–50
754,2024-06-11,13,706,1,C031,Hamra,Honey Pancakes,Desserts,4.5,1.5,M,18,Jounieh,2275,11,6,2024,Tuesday,4.5,3.0,16–25
1843,2024-04-08,8,504,3,C074,Hamra,Halloumi Sandwich,Sandwiches,6.0,2.0,M,29,Saida,1374,8,4,2024,Monday,18.0,12.0,26–35
4490,2024-04-22,16,405,1,C181,Hamra,Lahm Baajin,Manakish,5.0,1.2,F,60,Tripoli,1578,22,4,2024,Monday,5.0,3.8,50+
833,2024-12-24,8,706,1,C034,Hamra,Honey Pancakes,Desserts,4.5,1.5,F,50,Byblos,5014,24,12,2024,Tuesday,4.5,3.0,36–50
4210,2024-03-31,11,702,2,C169,Hamra,Lotus Crepe,Desserts,5.8,1.9,M,24,Tyre,1265,31,3,2024,Sunday,11.6,7.8,16–25
243,2024-12-11,10,505,1,C010,Hamra,Turkey Sandwich,Sandwiches,5.5,2.2,F,49,Tyre,4834,11,12,2024,Wednesday,5.5,3.3,36–50
1277,2024-07-24,14,705,1,C052,Hamra,Ice Cream 2 Scoops,Desserts,4.0,1.2,F,28,Jounieh,2878,24,7,2024,Wednesday,4.0,2.8,26–35
4585,2024-01-17,10,203,1,C185,Hamra,Green Tea,Tea,2.2,0.5,M,39,Saida,228,17,1,2024,Wednesday,2.2,1.7000000000000002,36–50
1958,2024-09-30,20,409,2,C078,Hamra,Pita Chips,Appetizers,2.5,0.6,M,23,Beirut,3836,30,9,2024,Monday,5.0,3.8,16–25
67,2024-06-21,18,411,1,C003,Hamra,Mutabbal,Appetizers,4.2,1.2,F,51,Batroun,2420,21,6,2024,Friday,4.2,3.0,50+
4591,2024-04-25,12,405,1,C185,Hamra,Lahm Baajin,Manakish,5.0,1.2,M,39,Saida,1616,25,4,2024,Thursday,5.0,3.8,36–50
4039,2024-12-14,11,310,1,C161,Hamra,Strawberry Milkshake,Shakes,5.5,1.8,F,35,Batroun,4877,14,12,2024,Saturday,5.5,3.7,26–35
3369,2024-06-29,17,102,1,C135,Hamra,Turkish Coffee,Coffee,2.0,0.4,F,20,Byblos,2531,29,6,2024,Saturday,2.0,1.6,16–25
84,2024-03-31,20,411,1,C004,Hamra,Mutabbal,Appetizers,4.2,1.2,M,23,Tyre,1274,31,3,2024,Sunday,4.2,3.0,16–25
4163,2024-03-22,8,303,1,C167,Hamra,Fresh Orange Juice,Cold Drinks,3.5,1.0,F,25,Jounieh,1136,22,3,2024,Friday,3.5,2.5,16–25
1190,2024-11-19,17,105,1,C048,Hamra,Café Latte,Coffee,4.0,0.8,F,39,Zahle,4533,19,11,2024,Tuesday,4.0,3.2,36–50
1847,2024-04-23,19,304,1,C074,Hamra,Carrot Juice,Cold Drinks,3.5,1.0,M,29,Saida,1595,23,4,2024,Tuesday,3.5,2.5,26–35
1977,2024-09-13,18,506,1,C079,Hamra,Steak Sandwich,Sandwiches,9.0,4.0,M,38,Byblos,3596,13,9,2024,Friday,9.0,5.0,36–50
3618,2024-02-27,20,303,1,C144,Hamra,Fresh Orange Juice,Cold Drinks,3.5,1.0,F,39,Batroun,812,27,2,2024,Tuesday,3.5,2.5,36–50
4147,2024-06-02,14,407,1,C166,Hamra,Cheese Rolls,Appetizers,4.5,1.0,F,48,Beirut,2150,2,6,2024,Sunday,4.5,3.5,36–50
100,2024-12-30,8,306,2,C004,Hamra,Mango Cocktail,Cocktails,6.0,2.2,M,23,Tyre,5098,30,12,2024,Monday,12.0,7.6,16–25
88,2024-04-25,15,110,1,C004,Hamra,Sahlab,Hot Drinks,4.0,1.0,M,23,Tyre,1619,25,4,2024,Thursday,4.0,3.0,16–25
3027,2024-12-08,15,501,1,C120,Hamra,Shish Tawouk Sandwich,Sandwiches,6.5,2.5,F,50,Zahle,4797,8,12,2024,Sunday,6.5,4.0,36–50
2997,2024-09-22,9,702,1,C119,Hamra,Lotus Crepe,Desserts,5.8,1.9,F,42,Tyre,3713,22,9,2024,Sunday,5.8,3.9,36–50
3895,2024-11-10,10,307,1,C155,Hamra,Strawberry Cocktail,Cocktails,6.0,2.0,M,24,Byblos,4400,10,11,2024,Sunday,6.0,4.0,16–25
415,2024-07-21,14,203,2,C017,Hamra,Green Tea,Tea,2.2,0.5,M,34,Byblos,2836,21,7,2024,Sunday,4.4,3.4000000000000004,26–35
2390,2024-02-10,15,302,3,C096,Hamra,Lemonade Mint,Cold Drinks,3.5,1.0,M,46,Zahle,569,10,2,2024,Saturday,10.5,7.5,36–50
1737,2024-04-14,9,109,1,C070,Hamra,Hot Chocolate,Hot Drinks,3.8,0.9,F,27,Byblos,1459,14,4,2024,Sunday,3.8,2.9,26–35
4517,2024-07-11,11,309,1,C182,Hamra,Chocolate Milkshake,Shakes,5.5,1.8,F,55,Zahle,2693,11,7,2024,Thursday,5.5,3.7,50+
2443,2024-10-04,17,602,1,C097,Hamra,Greek Salad,Salads,6.5,2.8,M,45,Batroun,3889,4,10,2024,Friday,6.5,3.7,36–50
189,2024-12-19,14,204,1,C008,Hamra,Chamomile Tea,Tea,2.5,0.5,F,49,Byblos,4950,19,12,2024,Thursday,2.5,2.0,36–50
2882,2024-08-24,9,604,2,C114,Hamra,Tabbouleh,Salads,5.5,2.0,F,50,Byblos,3307,24,8,2024,Saturday,11.0,7.0,36–50
4497,2024-08-08,13,108,1,C181,Hamra,Caramel Latte,Coffee,4.8,1.0,F,60,Tripoli,3087,8,8,2024,Thursday,4.8,3.8,50+
105,2024-03-08,17,501,1,C005,Hamra,Shish Tawouk Sandwich,Sandwiches,6.5,2.5,M,33,Beirut,949,8,3,2024,Friday,6.5,4.0,26–35
4911,2024-07-15,14,304,1,C197,Hamra,Carrot Juice,Cold Drinks,3.5,1.0,M,57,Zahle,2752,15,7,2024,Monday,3.5,2.5,50+
1157,2024-09-12,16,403,2,C047,Hamra,Cheese Manoushe,Manakish,4.5,0.8,M,24,Jounieh,3580,12,9,2024,Thursday,9.0,7.4,16–25
967,2024-05-18,17,604,1,C040,Hamra,Tabbouleh,Salads,5.5,2.0,F,26,Beirut,1943,18,5,2024,Saturday,5.5,3.5,26–35
3076,2024-11-07,20,505,3,C122,Hamra,Turkey Sandwich,Sandwiches,5.5,2.2,F,41,Beirut,4368,7,11,2024,Thursday,16.5,9.899999999999999,36–50
3366,2024-05-28,9,405,1,C135,Hamra,Lahm Baajin,Manakish,5.0,1.2,F,20,Byblos,2075,28,5,2024,Tuesday,5.0,3.8,16–25
3516,2024-04-08,8,107,1,C140,Hamra,Mocha,Coffee,4.5,0.9,F,50,Tripoli,1374,8,4,2024,Monday,4.5,3.6,36–50
2341,2024-03-16,16,401,2,C094,Hamra,Croissant,Bakery,3.0,0.8,M,40,Tripoli,1060,16,3,2024,Saturday,6.0,4.4,36–50
3849,2024-10-08,19,504,1,C153,Hamra,Halloumi Sandwich,Sandwiches,6.0,2.0,M,41,Jounieh,3947,8,10,2024,Tuesday,6.0,4.0,36–50
677,2024-04-18,13,604,1,C028,Hamra,Tabbouleh,Salads,5.5,2.0,M,18,Tripoli,1519,18,4,2024,Thursday,5.5,3.5,16–25
4256,2024-07-06,18,604,1,C171,Hamra,Tabbouleh,Salads,5.5,2.0,M,27,Byblos,2630,6,7,2024,Saturday,5.5,3.5,26–35
1928,2024-07-17,15,201,1,C077,Hamra,Tea,Tea,2.0,0.4,M,30,Zahle,2781,17,7,2024,Wednesday,2.0,1.6,26–35
4346,2024-10-29,7,204,1,C175,Hamra,Chamomile Tea,Tea,2.5,0.5,F,39,Saida,4229,29,10,2024,Tuesday,2.5,2.0,36–50
1213,2024-11-22,9,306,3,C049,Hamra,Mango Cocktail,Cocktails,6.0,2.2,F,35,Tyre,4567,22,11,2024,Friday,18.0,11.399999999999999,26–35
2158,2024-06-02,11,108,1,C086,Hamra,Caramel Latte,Coffee,4.8,1.0,M,33,Tripoli,2147,2,6,2024,Sunday,4.8,3.8,26–35
1315,2024-02-09,9,103,2,C054,Hamra,Blonde Coffee,Coffee,2.2,0.5,F,53,Byblos,549,9,2,2024,Friday,4.4,3.4000000000000004,50+
433,2024-05-12,7,403,1,C018,Hamra,Cheese Manoushe,Manakish,4.5,0.8,M,19,Tripoli,1849,12,5,2024,Sunday,4.5,3.7,16–25
656,2024-05-11,13,404,1,C027,Hamra,Keshek Manoushe,Manakish,4.0,0.7,F,46,Byblos,1841,11,5,2024,Saturday,4.0,3.3,36–50
1806,2024-10-05,13,308,1,C072,Hamra,Banane Avocat,Cocktails,6.5,2.5,F,59,Jounieh,3899,5,10,2024,Saturday,6.5,4.0,50+
3352,2024-12-27,16,303,3,C134,Hamra,Fresh Orange Juice,Cold Drinks,3.5,1.0,F,60,Zahle,5064,27,12,2024,Friday,10.5,7.5,50+
3064,2024-03-24,18,410,2,C122,Hamra,Hummus,Appetizers,4.0,1.2,F,41,Beirut,1174,24,3,2024,Sunday,8.0,5.6,36–50
2651,2024-08-29,14,203,2,C105,Hamra,Green Tea,Tea,2.2,0.5,F,27,Tripoli,3382,29,8,2024,Thursday,4.4,3.4000000000000004,26–35
1712,2024-04-25,11,202,1,C069,Hamra,Mint Tea,Tea,2.2,0.5,F,56,Zahle,1615,25,4,2024,Thursday,2.2,1.7000000000000002,50+
1765,2024-04-18,16,605,1,C071,Hamra,Halloumi Salad,Salads,6.8,2.9,F,29,Byblos,1522,18,4,2024,Thursday,6.8,3.9,26–35
3779,2024-08-08,18,703,1,C150,Hamra,Ashta W Banane,Cocktails Specials,7.0,2.5,M,46,Zahle,3092,8,8,2024,Thursday,7.0,4.5,36–50
4654,2024-02-10,11,105,3,C187,Hamra,Café Latte,Coffee,4.0,0.8,F,18,Tyre,565,10,2,2024,Saturday,12.0,9.600000000000001,16–25
4335,2024-05-26,11,503,1,C175,Hamra,BBQ Chicken Sandwich,Sandwiches,7.5,3.2,F,39,Saida,2049,26,5,2024,Sunday,7.5,4.3,36–50
2944,2024-04-21,7,201,1,C117,Hamra,Tea,Tea,2.0,0.4,F,49,Zahle,1555,21,4,2024,Sunday,2.0,1.6,36–50
4888,2024-04-12,16,201,1,C196,Hamra,Tea,Tea,2.0,0.4,F,44,Zahle,1438,12,4,2024,Friday,2.0,1.6,36–50
769,2024-02-15,11,605,1,C032,Hamra,Halloumi Salad,Salads,6.8,2.9,M,49,Beirut,635,15,2,2024,Thursday,6.8,3.9,36–50
2753,2024-11-19,12,506,1,C109,Hamra,Steak Sandwich,Sandwiches,9.0,4.0,M,29,Jounieh,4528,19,11,2024,Tuesday,9.0,5.0,26–35
2442,2024-09-27,19,605,2,C097,Hamra,Halloumi Salad,Salads,6.8,2.9,M,45,Batroun,3793,27,9,2024,Friday,13.6,7.8,36–50
14,2024-07-13,18,406,1,C001,Hamra,Kaak with Cheese,Bakery,3.5,0.8,F,18,Zahle,2728,13,7,2024,Saturday,3.5,2.7,16–25
4525,2024-10-06,7,406,2,C182,Hamra,Kaak with Cheese,Bakery,3.5,0.8,F,55,Zahle,3907,6,10,2024,Sunday,7.0,5.4,50+
4327,2024-10-09,17,203,2,C174,Hamra,Green Tea,Tea,2.2,0.5,M,20,Tyre,3959,9,10,2024,Wednesday,4.4,3.4000000000000004,16–25
4206,2024-02-09,13,204,1,C169,Hamra,Chamomile Tea,Tea,2.5,0.5,M,24,Tyre,553,9,2,2024,Friday,2.5,2.0,16–25
2723,2024-07-07,7,702,1,C108,Hamra,Lotus Crepe,Desserts,5.8,1.9,F,21,Saida,2633,7,7,2024,Sunday,5.8,3.9,16–25
2877,2024-06-12,17,603,1,C114,Hamra,Fattoush,Salads,5.5,2.0,F,50,Byblos,2293,12,6,2024,Wednesday,5.5,3.5,36–50
977,2024-01-24,8,506,3,C041,Hamra,Steak Sandwich,Sandwiches,9.0,4.0,M,42,Tyre,324,24,1,2024,Wednesday,27.0,15.0,36–50
169,2024-01-24,8,310,1,C008,Hamra,Strawberry Milkshake,Shakes,5.5,1.8,F,49,Byblos,324,24,1,2024,Wednesday,5.5,3.7,36–50
3992,2024-01-04,11,408,1,C160,Hamra,Fries,Appetizers,3.0,0.7,M,20,Beirut,47,4,1,2024,Thursday,3.0,2.3,16–25
740,2024-11-18,20,408,1,C030,Hamra,Fries,Appetizers,3.0,0.7,M,23,Saida,4522,18,11,2024,Monday,3.0,2.3,16–25
1133,2024-10-16,16,205,1,C046,Hamra,Mate,Tea,2.5,0.5,F,60,Saida,4056,16,10,2024,Wednesday,2.5,2.0,50+
2647,2024-06-29,19,301,1,C105,Hamra,Lemonade,Cold Drinks,3.0,0.8,F,27,Tripoli,2533,29,6,2024,Saturday,3.0,2.2,26–35
4477,2024-09-04,13,602,1,C180,Hamra,Greek Salad,Salads,6.5,2.8,M,20,Jounieh,3465,4,9,2024,Wednesday,6.5,3.7,16–25
2395,2024-04-25,7,502,2,C096,Hamra,Chicken Sub Sandwich,Sandwiches,7.0,3.0,M,46,Zahle,1611,25,4,2024,Thursday,14.0,8.0,36–50
1517,2024-10-05,16,106,2,C061,Hamra,Cappuccino,Coffee,3.5,0.7,F,34,Zahle,3902,5,10,2024,Saturday,7.0,5.6,26–35
3559,2024-12-30,7,602,1,C141,Hamra,Greek Salad,Salads,6.5,2.8,F,21,Jounieh,5097,30,12,2024,Monday,6.5,3.7,16–25
2227,2024-03-09,7,310,1,C089,Hamra,Strawberry Milkshake,Shakes,5.5,1.8,F,21,Saida,953,9,3,2024,Saturday,5.5,3.7,16–25
4204,2024-12-16,12,205,2,C168,Hamra,Mate,Tea,2.5,0.5,F,47,Tyre,4906,16,12,2024,Monday,5.0,4.0,36–50
3155,2024-09-10,8,104,1,C126,Hamra,Americano,Coffee,3.0,0.6,M,59,Jounieh,3544,10,9,2024,Tuesday,3.0,2.4,50+
1510,2024-06-29,7,104,2,C061,Hamra,Americano,Coffee,3.0,0.6,F,34,Zahle,2521,29,6,2024,Saturday,6.0,4.8,26–35
3024,2024-11-13,12,405,1,C120,Hamra,Lahm Baajin,Manakish,5.0,1.2,F,50,Zahle,4444,13,11,2024,Wednesday,5.0,3.8,36–50
4271,2024-06-17,20,409,1,C172,Hamra,Pita Chips,Appetizers,2.5,0.6,F,21,Zahle,2366,17,6,2024,Monday,2.5,1.9,16–25
4758,2024-11-08,8,402,1,C190,Hamra,Zaatar Manoushe,Manakish,3.5,0.5,M,30,Beirut,4370,8,11,2024,Friday,3.5,3.0,26–35
3052,2024-09-05,12,406,1,C121,Hamra,Kaak with Cheese,Bakery,3.5,0.8,F,53,Batroun,3478,5,9,2024,Thursday,3.5,2.7,50+
4273,2024-07-06,16,407,2,C172,Hamra,Cheese Rolls,Appetizers,4.5,1.0,F,21,Zahle,2628,6,7,2024,Saturday,9.0,7.0,16–25
1167,2024-02-23,14,602,1,C048,Hamra,Greek Salad,Salads,6.5,2.8,F,39,Zahle,750,23,2,2024,Friday,6.5,3.7,36–50
1464,2024-11-21,8,503,1,C059,Hamra,BBQ Chicken Sandwich,Sandwiches,7.5,3.2,F,31,Jounieh,4552,21,11,2024,Thursday,7.5,4.3,26–35
4615,2024-12-22,17,705,1,C185,Hamra,Ice Cream 2 Scoops,Desserts,4.0,1.2,M,39,Saida,4995,22,12,2024,Sunday,4.0,2.8,36–50
262,2024-11-08,15,109,2,C011,Hamra,Hot Chocolate,Hot Drinks,3.8,0.9,M,23,Batroun,4377,8,11,2024,Friday,7.6,5.8,16–25
615,2024-05-17,14,505,1,C025,Hamra,Turkey Sandwich,Sandwiches,5.5,2.2,F,25,Beirut,1926,17,5,2024,Friday,5.5,3.3,16–25
4721,2024-06-16,18,108,2,C189,Hamra,Caramel Latte,Coffee,4.8,1.0,F,43,Tripoli,2350,16,6,2024,Sunday,9.6,7.6,36–50
1113,2024-04-12,16,204,1,C046,Hamra,Chamomile Tea,Tea,2.5,0.5,F,60,Saida,1438,12,4,2024,Friday,2.5,2.0,50+
1318,2024-03-25,7,408,1,C054,Hamra,Fries,Appetizers,3.0,0.7,F,53,Byblos,1177,25,3,2024,Monday,3.0,2.3,50+
831,2024-11-12,13,308,2,C034,Hamra,Banane Avocat,Cocktails,6.5,2.5,F,50,Byblos,4431,12,11,2024,Tuesday,13.0,8.0,36–50
2105,2024-07-30,20,306,1,C084,Hamra,Mango Cocktail,Cocktails,6.0,2.2,M,53,Batroun,2968,30,7,2024,Tuesday,6.0,3.8,50+
3355,2024-01-03,19,202,1,C135,Hamra,Mint Tea,Tea,2.2,0.5,F,20,Byblos,41,3,1,2024,Wednesday,2.2,1.7000000000000002,16–25
1534,2024-06-27,16,102,1,C062,Hamra,Turkish Coffee,Coffee,2.0,0.4,F,50,Tyre,2502,27,6,2024,Thursday,2.0,1.6,36–50
1419,2024-12-07,12,203,1,C057,Hamra,Green Tea,Tea,2.2,0.5,M,37,Batroun,4780,7,12,2024,Saturday,2.2,1.7000000000000002,36–50
2332,2024-10-29,20,104,1,C093,Hamra,Americano,Coffee,3.0,0.6,F,27,Byblos,4242,29,10,2024,Tuesday,3.0,2.4,26–35
2936,2024-11-27,12,305,1,C116,Hamra,Avocado Shake Cocktails,Shakes,6.0,2.2,F,48,Jounieh,4640,27,11,2024,Wednesday,6.0,3.8,36–50
1888,2024-02-07,12,703,1,C076,Hamra,Ashta W Banane,Cocktails Specials,7.0,2.5,M,40,Saida,524,7,2,2024,Wednesday,7.0,4.5,36–50
3314,2024-08-26,12,704,1,C133,Hamra,Mafroukeh Dessert,Desserts,6.5,2.5,M,41,Beirut,3338,26,8,2024,Monday,6.5,4.0,36–50
1896,2024-06-17,16,701,1,C076,Hamra,Nutella Crepe,Desserts,5.5,1.8,M,40,Saida,2362,17,6,2024,Monday,5.5,3.7,36–50
4090,2024-12-08,13,204,1,C163,Hamra,Chamomile Tea,Tea,2.5,0.5,F,40,Beirut,4795,8,12,2024,Sunday,2.5,2.0,36–50
907,2024-11-09,18,405,3,C037,Hamra,Lahm Baajin,Manakish,5.0,1.2,M,28,Beirut,4394,9,11,2024,Saturday,15.0,11.399999999999999,26–35
4703,2024-11-01,9,404,2,C188,Hamra,Keshek Manoushe,Manakish,4.0,0.7,M,26,Jounieh,4273,1,11,2024,Friday,8.0,6.6,26–35
4809,2024-01-30,20,108,1,C193,Hamra,Caramel Latte,Coffee,4.8,1.0,M,48,Byblos,420,30,1,2024,Tuesday,4.8,3.8,36–50
3632,2024-07-08,12,202,1,C144,Hamra,Mint Tea,Tea,2.2,0.5,F,39,Batroun,2652,8,7,2024,Monday,2.2,1.7000000000000002,36–50
744,2024-12-22,9,505,3,C030,Hamra,Turkey Sandwich,Sandwiches,5.5,2.2,M,23,Saida,4987,22,12,2024,Sunday,16.5,9.899999999999999,16–25
1003,2024-01-25,13,502,1,C042,Hamra,Chicken Sub Sandwich,Sandwiches,7.0,3.0,F,26,Tripoli,343,25,1,2024,Thursday,7.0,4.0,26–35
1501,2024-04-21,13,401,1,C061,Hamra,Croissant,Bakery,3.0,0.8,F,34,Zahle,1561,21,4,2024,Sunday,3.0,2.2,26–35
1184,2024-07-24,14,703,2,C048,Hamra,Ashta W Banane,Cocktails Specials,7.0,2.5,F,39,Zahle,2878,24,7,2024,Wednesday,14.0,9.0,36–50
4750,2024-07-03,8,102,1,C190,Hamra,Turkish Coffee,Coffee,2.0,0.4,M,30,Beirut,2578,3,7,2024,Wednesday,2.0,1.6,26–35
2089,2024-02-16,15,504,1,C084,Hamra,Halloumi Sandwich,Sandwiches,6.0,2.0,M,53,Batroun,653,16,2,2024,Friday,6.0,4.0,50+
2323,2024-08-15,19,204,3,C093,Hamra,Chamomile Tea,Tea,2.5,0.5,F,27,Byblos,3191,15,8,2024,Thursday,7.5,6.0,26–35
4792,2024-02-08,11,106,1,C192,Hamra,Cappuccino,Coffee,3.5,0.7,F,27,Tripoli,537,8,2,2024,Thursday,3.5,2.8,26–35
4584,2024-01-16,15,506,1,C185,Hamra,Steak Sandwich,Sandwiches,9.0,4.0,M,39,Saida,219,16,1,2024,Tuesday,9.0,5.0,36–50
1678,2024-01-22,16,504,1,C068,Hamra,Halloumi Sandwich,Sandwiches,6.0,2.0,F,21,Beirut,304,22,1,2024,Monday,6.0,4.0,16–25
1124,2024-07-31,11,406,1,C046,Hamra,Kaak with Cheese,Bakery,3.5,0.8,F,60,Saida,2973,31,7,2024,Wednesday,3.5,2.7,50+
2858,2024-11-05,13,302,2,C113,Hamra,Lemonade Mint,Cold Drinks,3.5,1.0,F,27,Beirut,4333,5,11,2024,Tuesday,7.0,5.0,26–35
682,2024-05-28,17,310,1,C028,Hamra,Strawberry Milkshake,Shakes,5.5,1.8,M,18,Tripoli,2083,28,5,2024,Tuesday,5.5,3.7,16–25
1930,2024-08-28,15,407,1,C077,Hamra,Cheese Rolls,Appetizers,4.5,1.0,M,30,Zahle,3369,28,8,2024,Wednesday,4.5,3.5,26–35
3054,2024-09-28,10,202,3,C121,Hamra,Mint Tea,Tea,2.2,0.5,F,53,Batroun,3798,28,9,2024,Saturday,6.6000000000000005,5.1000000000000005,50+
56,2024-02-28,8,702,1,C003,Hamra,Lotus Crepe,Desserts,5.8,1.9,F,51,Batroun,814,28,2,2024,Wednesday,5.8,3.9,50+
903,2024-10-13,15,203,1,C037,Hamra,Green Tea,Tea,2.2,0.5,M,28,Beirut,4013,13,10,2024,Sunday,2.2,1.7000000000000002,26–35
4366,2024-07-20,19,304,1,C176,Hamra,Carrot Juice,Cold Drinks,3.5,1.0,M,24,Jounieh,2827,20,7,2024,Saturday,3.5,2.5,16–25
3704,2024-02-01,8,602,1,C147,Hamra,Greek Salad,Salads,6.5,2.8,M,31,Saida,436,1,2,2024,Thursday,6.5,3.7,26–35
2299,2024-06-10,9,701,1,C092,Hamra,Nutella Crepe,Desserts,5.5,1.8,F,32,Batroun,2257,10,6,2024,Monday,5.5,3.7,26–35
2077,2024-09-11,16,310,3,C083,Hamra,Strawberry Milkshake,Shakes,5.5,1.8,M,47,Byblos,3566,11,9,2024,Wednesday,16.5,11.100000000000001,36–50
419,2024-09-10,8,406,2,C017,Hamra,Kaak with Cheese,Bakery,3.5,0.8,M,34,Byblos,3544,10,9,2024,Tuesday,7.0,5.4,26–35
3033,2024-01-09,9,501,1,C121,Hamra,Shish Tawouk Sandwich,Sandwiches,6.5,2.5,F,53,Batroun,115,9,1,2024,Tuesday,6.5,4.0,50+
2181,2024-05-18,12,310,1,C087,Hamra,Strawberry Milkshake,Shakes,5.5,1.8,F,60,Batroun,1938,18,5,2024,Saturday,5.5,3.7,50+
958,2024-01-10,9,301,1,C040,Hamra,Lemonade,Cold Drinks,3.0,0.8,F,26,Beirut,129,10,1,2024,Wednesday,3.0,2.2,26–35
4413,2024-08-01,16,502,1,C178,Hamra,Chicken Sub Sandwich,Sandwiches,7.0,3.0,F,33,Zahle,2992,1,8,2024,Thursday,7.0,4.0,26–35
1826,2024-09-29,14,601,1,C073,Hamra,Chicken Caesar Salad,Salads,7.5,3.2,F,54,Saida,3816,29,9,2024,Sunday,7.5,4.3,50+
718,2024-11-19,17,702,3,C029,Hamra,Lotus Crepe,Desserts,5.8,1.9,F,24,Tripoli,4533,19,11,2024,Tuesday,17.4,11.7,16–25
4423,2024-02-17,12,308,1,C179,Hamra,Banane Avocat,Cocktails,6.5,2.5,F,43,Zahle,664,17,2,2024,Saturday,6.5,4.0,36–50
1013,2024-04-20,13,204,1,C042,Hamra,Chamomile Tea,Tea,2.5,0.5,F,26,Tripoli,1547,20,4,2024,Saturday,2.5,2.0,26–35
704,2024-06-01,7,106,1,C029,Hamra,Cappuccino,Coffee,3.5,0.7,F,24,Tripoli,2129,1,6,2024,Saturday,3.5,2.8,16–25
1628,2024-05-02,9,310,1,C066,Hamra,Strawberry Milkshake,Shakes,5.5,1.8,M,22,Zahle,1711,2,5,2024,Thursday,5.5,3.7,16–25
3114,2024-12-22,9,308,1,C124,Hamra,Banane Avocat,Cocktails,6.5,2.5,M,52,Tyre,4987,22,12,2024,Sunday,6.5,4.0,50+
3659,2024-04-11,8,601,1,C145,Hamra,Chicken Caesar Salad,Salads,7.5,3.2,F,55,Saida,1416,11,4,2024,Thursday,7.5,4.3,50+
3015,2024-08-28,13,202,1,C120,Hamra,Mint Tea,Tea,2.2,0.5,F,50,Zahle,3367,28,8,2024,Wednesday,2.2,1.7000000000000002,36–50
2752,2024-11-16,15,203,1,C109,Hamra,Green Tea,Tea,2.2,0.5,M,29,Jounieh,4489,16,11,2024,Saturday,2.2,1.7000000000000002,26–35
3985,2024-07-09,10,411,1,C159,Hamra,Mutabbal,Appetizers,4.2,1.2,M,59,Tripoli,2664,9,7,2024,Tuesday,4.2,3.0,50+
2300,2024-08-04,18,503,1,C092,Hamra,BBQ Chicken Sandwich,Sandwiches,7.5,3.2,F,32,Batroun,3036,4,8,2024,Sunday,7.5,4.3,26–35
2814,2024-02-20,11,409,1,C112,Hamra,Pita Chips,Appetizers,2.5,0.6,F,46,Tripoli,705,20,2,2024,Tuesday,2.5,1.9,36–50
1282,2024-10-18,9,106,2,C052,Hamra,Cappuccino,Coffee,3.5,0.7,F,28,Jounieh,4077,18,10,2024,Friday,7.0,5.6,26–35
4162,2024-03-21,17,502,1,C167,Hamra,Chicken Sub Sandwich,Sandwiches,7.0,3.0,F,25,Jounieh,1131,21,3,2024,Thursday,7.0,4.0,16–25
1470,2024-03-28,15,703,1,C060,Hamra,Ashta W Banane,Cocktails Specials,7.0,2.5,F,22,Zahle,1227,28,3,2024,Thursday,7.0,4.5,16–25
2349,2024-07-12,20,705,1,C094,Hamra,Ice Cream 2 Scoops,Desserts,4.0,1.2,M,40,Tripoli,2716,12,7,2024,Friday,4.0,2.8,36–50
4432,2024-04-13,10,504,2,C179,Hamra,Halloumi Sandwich,Sandwiches,6.0,2.0,F,43,Zahle,1446,13,4,2024,Saturday,12.0,8.0,36–50
3639,2024-09-27,11,108,1,C144,Hamra,Caramel Latte,Coffee,4.8,1.0,F,39,Batroun,3785,27,9,2024,Friday,4.8,3.8,36–50
2453,2024-04-05,7,108,1,C098,Hamra,Caramel Latte,Coffee,4.8,1.0,M,33,Tripoli,1331,5,4,2024,Friday,4.8,3.8,26–35
334,2024-07-16,17,504,1,C014,Hamra,Halloumi Sandwich,Sandwiches,6.0,2.0,M,38,Saida,2769,16,7,2024,Tuesday,6.0,4.0,36–50
4227,2024-01-01,18,408,1,C170,Hamra,Fries,Appetizers,3.0,0.7,F,23,Tripoli,12,1,1,2024,Monday,3.0,2.3,16–25
1252,2024-06-15,19,409,1,C051,Hamra,Pita Chips,Appetizers,2.5,0.6,F,48,Tripoli,2337,15,6,2024,Saturday,2.5,1.9,36–50
587,2024-05-05,8,602,1,C024,Hamra,Greek Salad,Salads,6.5,2.8,M,18,Tripoli,1752,5,5,2024,Sunday,6.5,3.7,16–25
2704,2024-11-08,18,205,2,C107,Hamra,Mate,Tea,2.5,0.5,M,18,Tyre,4380,8,11,2024,Friday,5.0,4.0,16–25
4252,2024-03-21,19,411,1,C171,Hamra,Mutabbal,Appetizers,4.2,1.2,M,27,Byblos,1133,21,3,2024,Thursday,4.2,3.0,26–35
1822,2024-09-07,15,410,1,C073,Hamra,Hummus,Appetizers,4.0,1.2,F,54,Saida,3509,7,9,2024,Saturday,4.0,2.8,50+
3710,2024-06-17,8,604,1,C147,Hamra,Tabbouleh,Salads,5.5,2.0,M,31,Saida,2354,17,6,2024,Monday,5.5,3.5,26–35
2091,2024-03-13,11,307,1,C084,Hamra,Strawberry Cocktail,Cocktails,6.0,2.0,M,53,Batroun,1013,13,3,2024,Wednesday,6.0,4.0,50+
1504,2024-05-20,19,308,1,C061,Hamra,Banane Avocat,Cocktails,6.5,2.5,F,34,Zahle,1973,20,5,2024,Monday,6.5,4.0,26–35
2666,2024-03-10,14,504,2,C106,Hamra,Halloumi Sandwich,Sandwiches,6.0,2.0,F,59,Tripoli,974,10,3,2024,Sunday,12.0,8.0,50+
2354,2024-09-18,9,603,3,C094,Hamra,Fattoush,Salads,5.5,2.0,M,40,Tripoli,3657,18,9,2024,Wednesday,16.5,10.5,36–50
1575,2024-12-05,12,704,1,C063,Hamra,Mafroukeh Dessert,Desserts,6.5,2.5,F,32,Byblos,4752,5,12,2024,Thursday,6.5,4.0,26–35
3877,2024-11-03,10,307,1,C154,Hamra,Strawberry Cocktail,Cocktails,6.0,2.0,F,25,Tripoli,4302,3,11,2024,Sunday,6.0,4.0,16–25
2375,2024-09-01,17,105,1,C095,Hamra,Café Latte,Coffee,4.0,0.8,M,40,Zahle,3427,1,9,2024,Sunday,4.0,3.2,36–50
834,2024-01-03,13,406,1,C035,Hamra,Kaak with Cheese,Bakery,3.5,0.8,M,33,Byblos,35,3,1,2024,Wednesday,3.5,2.7,26–35
1672,2024-12-02,16,203,1,C067,Hamra,Green Tea,Tea,2.2,0.5,M,60,Beirut,4714,2,12,2024,Monday,2.2,1.7000000000000002,50+
1379,2024-03-03,20,403,2,C056,Hamra,Cheese Manoushe,Manakish,4.5,0.8,F,26,Batroun,882,3,3,2024,Sunday,9.0,7.4,26–35
962,2024-02-18,19,305,2,C040,Hamra,Avocado Shake Cocktails,Shakes,6.0,2.2,F,26,Beirut,685,18,2,2024,Sunday,12.0,7.6,26–35
3930,2024-03-16,9,408,1,C157,Hamra,Fries,Appetizers,3.0,0.7,F,30,Jounieh,1053,16,3,2024,Saturday,3.0,2.3,26–35
3333,2024-06-23,12,301,1,C134,Hamra,Lemonade,Cold Drinks,3.0,0.8,F,60,Zahle,2442,23,6,2024,Sunday,3.0,2.2,50+
4458,2024-04-18,18,404,1,C180,Hamra,Keshek Manoushe,Manakish,4.0,0.7,M,20,Jounieh,1524,18,4,2024,Thursday,4.0,3.3,16–25
3209,2024-07-01,16,308,1,C129,Hamra,Banane Avocat,Cocktails,6.5,2.5,F,58,Byblos,2558,1,7,2024,Monday,6.5,4.0,50+
4469,2024-07-10,15,309,1,C180,Hamra,Chocolate Milkshake,Shakes,5.5,1.8,M,20,Jounieh,2683,10,7,2024,Wednesday,5.5,3.7,16–25
583,2024-03-05,17,409,1,C024,Hamra,Pita Chips,Appetizers,2.5,0.6,M,18,Tripoli,907,5,3,2024,Tuesday,2.5,1.9,16–25
2578,2024-12-02,16,107,1,C102,Hamra,Mocha,Coffee,4.5,0.9,M,29,Tripoli,4714,2,12,2024,Monday,4.5,3.6,26–35
4061,2024-09-27,7,502,1,C162,Hamra,Chicken Sub Sandwich,Sandwiches,7.0,3.0,F,37,Saida,3781,27,9,2024,Friday,7.0,4.0,36–50
2897,2024-04-09,9,501,1,C115,Hamra,Shish Tawouk Sandwich,Sandwiches,6.5,2.5,F,36,Byblos,1389,9,4,2024,Tuesday,6.5,4.0,36–50
3358,2024-02-01,8,104,2,C135,Hamra,Americano,Coffee,3.0,0.6,F,20,Byblos,436,1,2,2024,Thursday,6.0,4.8,16–25
1886,2024-12-17,14,409,1,C075,Hamra,Pita Chips,Appetizers,2.5,0.6,M,58,Saida,4922,17,12,2024,Tuesday,2.5,1.9,50+
253,2024-05-07,13,506,1,C011,Hamra,Steak Sandwich,Sandwiches,9.0,4.0,M,23,Batroun,1785,7,5,2024,Tuesday,9.0,5.0,16–25
881,2024-12-04,8,307,1,C036,Hamra,Strawberry Cocktail,Cocktails,6.0,2.0,M,23,Beirut,4734,4,12,2024,Wednesday,6.0,4.0,16–25
3721,2024-02-12,12,105,1,C148,Hamra,Café Latte,Coffee,4.0,0.8,M,19,Beirut,594,12,2,2024,Monday,4.0,3.2,16–25
1556,2024-03-18,9,703,1,C063,Hamra,Ashta W Banane,Cocktails Specials,7.0,2.5,F,32,Byblos,1081,18,3,2024,Monday,7.0,4.5,26–35
2010,2024-11-09,14,506,1,C080,Hamra,Steak Sandwich,Sandwiches,9.0,4.0,F,40,Saida,4390,9,11,2024,Saturday,9.0,5.0,36–50
4780,2024-10-15,16,308,1,C191,Hamra,Banane Avocat,Cocktails,6.5,2.5,M,60,Byblos,4042,15,10,2024,Tuesday,6.5,4.0,50+
4917,2024-09-26,19,205,1,C197,Hamra,Mate,Tea,2.5,0.5,M,57,Zahle,3779,26,9,2024,Thursday,2.5,2.0,50+
2207,2024-06-10,9,406,3,C088,Hamra,Kaak with Cheese,Bakery,3.5,0.8,F,56,Beirut,2257,10,6,2024,Monday,10.5,8.100000000000001,50+
731,2024-07-07,16,109,1,C030,Hamra,Hot Chocolate,Hot Drinks,3.8,0.9,M,23,Saida,2642,7,7,2024,Sunday,3.8,2.9,16–25
3966,2024-09-03,20,601,1,C158,Hamra,Chicken Caesar Salad,Salads,7.5,3.2,F,26,Batroun,3458,3,9,2024,Tuesday,7.5,4.3,26–35
2598,2024-08-03,15,706,1,C103,Hamra,Honey Pancakes,Desserts,4.5,1.5,M,21,Byblos,3019,3,8,2024,Saturday,4.5,3.0,16–25
2839,2024-11-10,7,310,1,C112,Hamra,Strawberry Milkshake,Shakes,5.5,1.8,F,46,Tripoli,4397,10,11,2024,Sunday,5.5,3.7,36–50
2116,2024-12-04,11,310,2,C084,Hamra,Strawberry Milkshake,Shakes,5.5,1.8,M,53,Batroun,4737,4,12,2024,Wednesday,11.0,7.4,50+
3776,2024-06-16,9,702,1,C150,Hamra,Lotus Crepe,Desserts,5.8,1.9,M,46,Zahle,2341,16,6,2024,Sunday,5.8,3.9,36–50
2658,2024-12-04,12,306,1,C105,Hamra,Mango Cocktail,Cocktails,6.0,2.2,F,27,Tripoli,4738,4,12,2024,Wednesday,6.0,3.8,26–35
4725,2024-07-11,16,109,1,C189,Hamra,Hot Chocolate,Hot Drinks,3.8,0.9,F,43,Tripoli,2698,11,7,2024,Thursday,3.8,2.9,36–50
523,2024-10-09,8,701,1,C021,Hamra,Nutella Crepe,Desserts,5.5,1.8,F,58,Batroun,3950,9,10,2024,Wednesday,5.5,3.7,50+
909,2024-12-01,15,502,2,C037,Hamra,Chicken Sub Sandwich,Sandwiches,7.0,3.0,M,28,Beirut,4699,1,12,2024,Sunday,14.0,8.0,26–35
647,2024-01-13,12,307,1,C027,Hamra,Strawberry Cocktail,Cocktails,6.0,2.0,F,46,Byblos,174,13,1,2024,Saturday,6.0,4.0,36–50
2573,2024-08-27,13,601,1,C102,Hamra,Chicken Caesar Salad,Salads,7.5,3.2,M,29,Tripoli,3353,27,8,2024,Tuesday,7.5,4.3,26–35
4089,2024-11-15,11,308,2,C163,Hamra,Banane Avocat,Cocktails,6.5,2.5,F,40,Beirut,4471,15,11,2024,Friday,13.0,8.0,36–50
923,2024-05-26,15,702,2,C038,Hamra,Lotus Crepe,Desserts,5.8,1.9,F,39,Saida,2053,26,5,2024,Sunday,11.6,7.8,36–50
1481,2024-07-22,7,104,1,C060,Hamra,Americano,Coffee,3.0,0.6,F,22,Zahle,2843,22,7,2024,Monday,3.0,2.4,16–25
1733,2024-03-20,11,404,1,C070,Hamra,Keshek Manoushe,Manakish,4.0,0.7,F,27,Byblos,1111,20,3,2024,Wednesday,4.0,3.3,26–35
768,2024-02-12,17,205,1,C032,Hamra,Mate,Tea,2.5,0.5,M,49,Beirut,599,12,2,2024,Monday,2.5,2.0,36–50
1994,2024-03-29,16,101,1,C080,Hamra,Espresso,Coffee,2.5,0.5,F,40,Saida,1242,29,3,2024,Friday,2.5,2.0,36–50
3882,2024-05-27,17,405,3,C155,Hamra,Lahm Baajin,Manakish,5.0,1.2,M,24,Byblos,2069,27,5,2024,Monday,15.0,11.399999999999999,16–25
3248,2024-04-04,12,404,1,C131,Hamra,Keshek Manoushe,Manakish,4.0,0.7,F,59,Byblos,1322,4,4,2024,Thursday,4.0,3.3,50+
4388,2024-05-30,13,305,1,C177,Hamra,Avocado Shake Cocktails,Shakes,6.0,2.2,M,23,Saida,2107,30,5,2024,Thursday,6.0,3.8,16–25
2551,2024-01-02,18,408,2,C102,Hamra,Fries,Appetizers,3.0,0.7,M,29,Tripoli,26,2,1,2024,Tuesday,6.0,4.6,26–35
2555,2024-01-22,10,505,1,C102,Hamra,Turkey Sandwich,Sandwiches,5.5,2.2,M,29,Tripoli,298,22,1,2024,Monday,5.5,3.3,26–35
739,2024-11-08,18,602,1,C030,Hamra,Greek Salad,Salads,6.5,2.8,M,23,Saida,4380,8,11,2024,Friday,6.5,3.7,16–25
551,2024-11-23,19,411,3,C022,Hamra,Mutabbal,Appetizers,4.2,1.2,F,32,Tyre,4591,23,11,2024,Saturday,12.600000000000001,9.0,26–35
464,2024-01-07,7,307,2,C019,Hamra,Strawberry Cocktail,Cocktails,6.0,2.0,M,43,Tripoli,85,7,1,2024,Sunday,12.0,8.0,36–50
756,2024-07-24,17,203,2,C031,Hamra,Green Tea,Tea,2.2,0.5,M,18,Jounieh,2881,24,7,2024,Wednesday,4.4,3.4000000000000004,16–25
494,2024-04-23,14,107,1,C020,Hamra,Mocha,Coffee,4.5,0.9,M,55,Tyre,1590,23,4,2024,Tuesday,4.5,3.6,50+
3716,2024-09-28,16,108,2,C147,Hamra,Caramel Latte,Coffee,4.8,1.0,M,31,Saida,3804,28,9,2024,Saturday,9.6,7.6,26–35
3222,2024-03-23,10,403,1,C130,Hamra,Cheese Manoushe,Manakish,4.5,0.8,F,26,Beirut,1152,23,3,2024,Saturday,4.5,3.7,26–35
969,2024-06-27,9,603,1,C040,Hamra,Fattoush,Salads,5.5,2.0,F,26,Beirut,2495,27,6,2024,Thursday,5.5,3.5,26–35
4169,2024-07-28,18,601,3,C167,Hamra,Chicken Caesar Salad,Salads,7.5,3.2,F,25,Jounieh,2938,28,7,2024,Sunday,22.5,12.899999999999999,16–25
2285,2024-11-23,13,109,1,C091,Hamra,Hot Chocolate,Hot Drinks,3.8,0.9,M,47,Tyre,4585,23,11,2024,Saturday,3.8,2.9,36–50
1794,2024-05-03,18,310,2,C072,Hamra,Strawberry Milkshake,Shakes,5.5,1.8,F,59,Jounieh,1734,3,5,2024,Friday,11.0,7.4,50+
2742,2024-04-22,8,301,1,C109,Hamra,Lemonade,Cold Drinks,3.0,0.8,M,29,Jounieh,1570,22,4,2024,Monday,3.0,2.2,26–35
4504,2024-01-12,14,110,1,C182,Hamra,Sahlab,Hot Drinks,4.0,1.0,F,55,Zahle,162,12,1,2024,Friday,4.0,3.0,50+
655,2024-05-05,20,201,2,C027,Hamra,Tea,Tea,2.0,0.4,F,46,Byblos,1764,5,5,2024,Sunday,4.0,3.2,36–50
1965,2024-02-22,12,406,1,C079,Hamra,Kaak with Cheese,Bakery,3.5,0.8,M,38,Byblos,734,22,2,2024,Thursday,3.5,2.7,36–50
3536,2024-11-26,13,202,1,C140,Hamra,Mint Tea,Tea,2.2,0.5,F,50,Tripoli,4627,26,11,2024,Tuesday,2.2,1.7000000000000002,36–50
1959,2024-10-09,20,406,1,C078,Hamra,Kaak with Cheese,Bakery,3.5,0.8,M,23,Beirut,3962,9,10,2024,Wednesday,3.5,2.7,16–25
4958,2024-05-19,11,204,3,C199,Hamra,Chamomile Tea,Tea,2.5,0.5,M,46,Jounieh,1951,19,5,2024,Sunday,7.5,6.0,36–50
406,2024-04-06,15,704,1,C017,Hamra,Mafroukeh Dessert,Desserts,6.5,2.5,M,34,Byblos,1353,6,4,2024,Saturday,6.5,4.0,26–35
2087,2024-01-05,11,602,1,C084,Hamra,Greek Salad,Salads,6.5,2.8,M,53,Batroun,61,5,1,2024,Friday,6.5,3.7,50+
3447,2024-02-26,17,407,1,C138,Hamra,Cheese Rolls,Appetizers,4.5,1.0,F,55,Tyre,795,26,2,2024,Monday,4.5,3.5,50+
3719,2024-11-29,11,703,3,C147,Hamra,Ashta W Banane,Cocktails Specials,7.0,2.5,M,31,Saida,4667,29,11,2024,Friday,21.0,13.5,26–35
3951,2024-03-09,9,706,2,C158,Hamra,Honey Pancakes,Desserts,4.5,1.5,F,26,Batroun,955,9,3,2024,Saturday,9.0,6.0,26–35
3955,2024-04-27,17,302,2,C158,Hamra,Lemonade Mint,Cold Drinks,3.5,1.0,F,26,Batroun,1649,27,4,2024,Saturday,7.0,5.0,26–35
3832,2024-02-28,7,410,1,C153,Hamra,Hummus,Appetizers,4.0,1.2,M,41,Jounieh,813,28,2,2024,Wednesday,4.0,2.8,36–50
2199,2024-02-02,8,101,1,C088,Hamra,Espresso,Coffee,2.5,0.5,F,56,Beirut,450,2,2,2024,Friday,2.5,2.0,50+
1858,2024-11-13,14,404,1,C074,Hamra,Keshek Manoushe,Manakish,4.0,0.7,M,29,Saida,4446,13,11,2024,Wednesday,4.0,3.3,26–35
3166,2024-02-19,7,704,1,C127,Hamra,Mafroukeh Dessert,Desserts,6.5,2.5,M,30,Tripoli,687,19,2,2024,Monday,6.5,4.0,26–35
4839,2024-01-19,13,104,1,C194,Hamra,Americano,Coffee,3.0,0.6,F,18,Jounieh,259,19,1,2024,Friday,3.0,2.4,16–25
2570,2024-08-01,20,308,3,C102,Hamra,Banane Avocat,Cocktails,6.5,2.5,M,29,Tripoli,2996,1,8,2024,Thursday,19.5,12.0,26–35
2408,2024-07-15,20,403,2,C096,Hamra,Cheese Manoushe,Manakish,4.5,0.8,M,46,Zahle,2758,15,7,2024,Monday,9.0,7.4,36–50
4073,2024-02-16,11,301,1,C163,Hamra,Lemonade,Cold Drinks,3.0,0.8,F,40,Beirut,649,16,2,2024,Friday,3.0,2.2,36–50
1251,2024-06-15,9,202,1,C051,Hamra,Mint Tea,Tea,2.2,0.5,F,48,Tripoli,2327,15,6,2024,Saturday,2.2,1.7000000000000002,36–50
2548,2024-10-15,18,706,2,C101,Hamra,Honey Pancakes,Desserts,4.5,1.5,M,44,Byblos,4044,15,10,2024,Tuesday,9.0,6.0,36–50
1767,2024-05-20,18,306,1,C071,Hamra,Mango Cocktail,Cocktails,6.0,2.2,F,29,Byblos,1972,20,5,2024,Monday,6.0,3.8,26–35
1764,2024-03-24,17,603,1,C071,Hamra,Fattoush,Salads,5.5,2.0,F,29,Byblos,1173,24,3,2024,Sunday,5.5,3.5,26–35
3885,2024-06-30,13,302,1,C155,Hamra,Lemonade Mint,Cold Drinks,3.5,1.0,M,24,Byblos,2541,30,6,2024,Sunday,3.5,2.5,16–25
218,2024-03-19,15,504,1,C010,Hamra,Halloumi Sandwich,Sandwiches,6.0,2.0,F,49,Tyre,1101,19,3,2024,Tuesday,6.0,4.0,36–50
2433,2024-08-02,8,203,2,C097,Hamra,Green Tea,Tea,2.2,0.5,M,45,Batroun,2998,2,8,2024,Friday,4.4,3.4000000000000004,36–50
4245,2024-01-14,14,705,1,C171,Hamra,Ice Cream 2 Scoops,Desserts,4.0,1.2,M,27,Byblos,190,14,1,2024,Sunday,4.0,2.8,26–35
4547,2024-08-02,15,407,1,C183,Hamra,Cheese Rolls,Appetizers,4.5,1.0,M,23,Saida,3005,2,8,2024,Friday,4.5,3.5,16–25
4956,2024-05-07,17,501,1,C199,Hamra,Shish Tawouk Sandwich,Sandwiches,6.5,2.5,M,46,Jounieh,1789,7,5,2024,Tuesday,6.5,4.0,36–50
3348,2024-11-05,9,703,2,C134,Hamra,Ashta W Banane,Cocktails Specials,7.0,2.5,F,60,Zahle,4329,5,11,2024,Tuesday,14.0,9.0,50+
141,2024-09-04,8,205,1,C006,Hamra,Mate,Tea,2.5,0.5,F,44,Tripoli,3460,4,9,2024,Wednesday,2.5,2.0,36–50
1913,2024-01-29,13,202,1,C077,Hamra,Mint Tea,Tea,2.2,0.5,M,30,Zahle,399,29,1,2024,Monday,2.2,1.7000000000000002,26–35
4371,2024-10-06,11,702,3,C176,Hamra,Lotus Crepe,Desserts,5.8,1.9,M,24,Jounieh,3911,6,10,2024,Sunday,17.4,11.7,16–25
1941,2024-12-03,11,205,3,C077,Hamra,Mate,Tea,2.5,0.5,M,30,Zahle,4723,3,12,2024,Tuesday,7.5,6.0,26–35
49,2024-11-14,16,409,3,C002,Hamra,Pita Chips,Appetizers,2.5,0.6,F,37,Zahle,4462,14,11,2024,Thursday,7.5,5.699999999999999,36–50
1256,2024-07-20,11,106,2,C051,Hamra,Cappuccino,Coffee,3.5,0.7,F,48,Tripoli,2819,20,7,2024,Saturday,7.0,5.6,36–50
4736,2024-12-26,10,302,1,C189,Hamra,Lemonade Mint,Cold Drinks,3.5,1.0,F,43,Tripoli,5044,26,12,2024,Thursday,3.5,2.5,36–50
3705,2024-02-26,19,701,1,C147,Hamra,Nutella Crepe,Desserts,5.5,1.8,M,31,Saida,797,26,2,2024,Monday,5.5,3.7,26–35
3050,2024-08-05,11,702,1,C121,Hamra,Lotus Crepe,Desserts,5.8,1.9,F,53,Batroun,3043,5,8,2024,Monday,5.8,3.9,50+
3179,2024-03-02,19,305,1,C128,Hamra,Avocado Shake Cocktails,Shakes,6.0,2.2,M,36,Batroun,867,2,3,2024,Saturday,6.0,3.8,36–50
39,2024-06-05,10,109,3,C002,Hamra,Hot Chocolate,Hot Drinks,3.8,0.9,F,37,Zahle,2188,5,6,2024,Wednesday,11.399999999999999,8.7,36–50
1257,2024-07-20,19,105,2,C051,Hamra,Café Latte,Coffee,4.0,0.8,F,48,Tripoli,2827,20,7,2024,Saturday,8.0,6.4,36–50
3857,2024-01-17,12,308,2,C154,Hamra,Banane Avocat,Cocktails,6.5,2.5,F,25,Tripoli,230,17,1,2024,Wednesday,13.0,8.0,16–25
1752,2024-11-17,10,408,1,C070,Hamra,Fries,Appetizers,3.0,0.7,F,27,Byblos,4498,17,11,2024,Sunday,3.0,2.3,26–35
487,2024-01-06,8,502,3,C020,Hamra,Chicken Sub Sandwich,Sandwiches,7.0,3.0,M,55,Tyre,72,6,1,2024,Saturday,21.0,12.0,50+
556,2024-02-27,15,204,2,C023,Hamra,Chamomile Tea,Tea,2.5,0.5,M,18,Saida,807,27,2,2024,Tuesday,5.0,4.0,16–25
1340,2024-11-20,8,302,1,C054,Hamra,Lemonade Mint,Cold Drinks,3.5,1.0,F,53,Byblos,4538,20,11,2024,Wednesday,3.5,2.5,50+
3608,2024-11-13,15,304,2,C143,Hamra,Carrot Juice,Cold Drinks,3.5,1.0,M,36,Saida,4447,13,11,2024,Wednesday,7.0,5.0,36–50
3331,2024-06-17,16,408,1,C134,Hamra,Fries,Appetizers,3.0,0.7,F,60,Zahle,2362,17,6,2024,Monday,3.0,2.3,50+
4075,2024-03-22,12,101,1,C163,Hamra,Espresso,Coffee,2.5,0.5,F,40,Beirut,1140,22,3,2024,Friday,2.5,2.0,36–50
3404,2024-08-06,15,203,1,C136,Hamra,Green Tea,Tea,2.2,0.5,M,42,Saida,3061,6,8,2024,Tuesday,2.2,1.7000000000000002,36–50
1410,2024-06-25,15,604,1,C057,Hamra,Tabbouleh,Salads,5.5,2.0,M,37,Batroun,2473,25,6,2024,Tuesday,5.5,3.5,36–50
4412,2024-07-22,9,402,1,C178,Hamra,Zaatar Manoushe,Manakish,3.5,0.5,F,33,Zahle,2845,22,7,2024,Monday,3.5,3.0,26–35
4380,2024-03-11,7,106,1,C177,Hamra,Cappuccino,Coffee,3.5,0.7,M,23,Saida,981,11,3,2024,Monday,3.5,2.8,16–25
2906,2024-09-22,7,106,3,C115,Hamra,Cappuccino,Coffee,3.5,0.7,F,36,Byblos,3711,22,9,2024,Sunday,10.5,8.399999999999999,36–50
3745,2024-04-07,9,408,1,C149,Hamra,Fries,Appetizers,3.0,0.7,M,40,Beirut,1361,7,4,2024,Sunday,3.0,2.3,36–50
3095,2024-12-10,11,405,2,C123,Hamra,Lahm Baajin,Manakish,5.0,1.2,F,27,Saida,4821,10,12,2024,Tuesday,10.0,7.6,26–35
879,2024-10-17,19,604,1,C036,Hamra,Tabbouleh,Salads,5.5,2.0,M,23,Beirut,4073,17,10,2024,Thursday,5.5,3.5,16–25
1771,2024-07-26,9,410,1,C071,Hamra,Hummus,Appetizers,4.0,1.2,F,29,Byblos,2901,26,7,2024,Friday,4.0,2.8,26–35
1705,2024-01-02,18,308,1,C069,Hamra,Banane Avocat,Cocktails,6.5,2.5,F,56,Zahle,26,2,1,2024,Tuesday,6.5,4.0,50+
1428,2024-05-03,15,110,1,C058,Hamra,Sahlab,Hot Drinks,4.0,1.0,F,22,Tripoli,1731,3,5,2024,Friday,4.0,3.0,16–25
1573,2024-10-06,15,704,1,C063,Hamra,Mafroukeh Dessert,Desserts,6.5,2.5,F,32,Byblos,3915,6,10,2024,Sunday,6.5,4.0,26–35
372,2024-03-14,9,304,1,C016,Hamra,Carrot Juice,Cold Drinks,3.5,1.0,M,50,Zahle,1025,14,3,2024,Thursday,3.5,2.5,36–50
3330,2024-06-14,9,704,1,C134,Hamra,Mafroukeh Dessert,Desserts,6.5,2.5,F,60,Zahle,2313,14,6,2024,Friday,6.5,4.0,50+
1944,2024-01-22,18,403,1,C078,Hamra,Cheese Manoushe,Manakish,4.5,0.8,M,23,Beirut,306,22,1,2024,Monday,4.5,3.7,16–25
3070,2024-06-02,20,308,2,C122,Hamra,Banane Avocat,Cocktails,6.5,2.5,F,41,Beirut,2156,2,6,2024,Sunday,13.0,8.0,36–50
4483,2024-10-21,11,104,1,C180,Hamra,Americano,Coffee,3.0,0.6,M,20,Jounieh,4121,21,10,2024,Monday,3.0,2.4,16–25
41,2024-08-06,8,305,1,C002,Hamra,Avocado Shake Cocktails,Shakes,6.0,2.2,F,37,Zahle,3054,6,8,2024,Tuesday,6.0,3.8,36–50
2875,2024-06-05,12,304,1,C114,Hamra,Carrot Juice,Cold Drinks,3.5,1.0,F,50,Byblos,2190,5,6,2024,Wednesday,3.5,2.5,36–50
2880,2024-08-17,13,506,1,C114,Hamra,Steak Sandwich,Sandwiches,9.0,4.0,F,50,Byblos,3213,17,8,2024,Saturday,9.0,5.0,36–50
3099,2024-01-20,19,402,1,C124,Hamra,Zaatar Manoushe,Manakish,3.5,0.5,M,52,Tyre,279,20,1,2024,Saturday,3.5,3.0,50+
3677,2024-02-10,15,409,3,C146,Hamra,Pita Chips,Appetizers,2.5,0.6,M,27,Beirut,569,10,2,2024,Saturday,7.5,5.699999999999999,26–35
4079,2024-05-27,12,104,2,C163,Hamra,Americano,Coffee,3.0,0.6,F,40,Beirut,2064,27,5,2024,Monday,6.0,4.8,36–50
2155,2024-04-17,9,502,1,C086,Hamra,Chicken Sub Sandwich,Sandwiches,7.0,3.0,M,33,Tripoli,1501,17,4,2024,Wednesday,7.0,4.0,26–35
4164,2024-03-24,18,107,1,C167,Hamra,Mocha,Coffee,4.5,0.9,F,25,Jounieh,1174,24,3,2024,Sunday,4.5,3.6,16–25
3213,2024-11-17,11,701,1,C129,Hamra,Nutella Crepe,Desserts,5.5,1.8,F,58,Byblos,4499,17,11,2024,Sunday,5.5,3.7,50+
4130,2024-11-04,10,107,2,C165,Hamra,Mocha,Coffee,4.5,0.9,M,44,Batroun,4316,4,11,2024,Monday,9.0,7.2,36–50
526,2024-10-16,11,703,1,C021,Hamra,Ashta W Banane,Cocktails Specials,7.0,2.5,F,58,Batroun,4051,16,10,2024,Wednesday,7.0,4.5,50+
24,2024-11-18,14,705,1,C001,Hamra,Ice Cream 2 Scoops,Desserts,4.0,1.2,F,18,Zahle,4516,18,11,2024,Monday,4.0,2.8,16–25
3275,2024-05-13,14,401,2,C132,Hamra,Croissant,Bakery,3.0,0.8,M,33,Tyre,1870,13,5,2024,Monday,6.0,4.4,26–35
1434,2024-07-25,12,401,2,C058,Hamra,Croissant,Bakery,3.0,0.8,F,22,Tripoli,2890,25,7,2024,Thursday,6.0,4.4,16–25
18,2024-10-09,7,304,2,C001,Hamra,Carrot Juice,Cold Drinks,3.5,1.0,F,18,Zahle,3949,9,10,2024,Wednesday,7.0,5.0,16–25
3552,2024-09-22,14,109,2,C141,Hamra,Hot Chocolate,Hot Drinks,3.8,0.9,F,21,Jounieh,3718,22,9,2024,Sunday,7.6,5.8,16–25
4315,2024-03-13,14,305,3,C174,Hamra,Avocado Shake Cocktails,Shakes,6.0,2.2,M,20,Tyre,1016,13,3,2024,Wednesday,18.0,11.399999999999999,16–25
4349,2024-12-17,8,506,1,C175,Hamra,Steak Sandwich,Sandwiches,9.0,4.0,F,39,Saida,4916,17,12,2024,Tuesday,9.0,5.0,36–50
150,2024-02-17,10,603,1,C007,Hamra,Fattoush,Salads,5.5,2.0,M,24,Batroun,662,17,2,2024,Saturday,5.5,3.5,16–25
1262,2024-11-21,18,703,2,C051,Hamra,Ashta W Banane,Cocktails Specials,7.0,2.5,F,48,Tripoli,4562,21,11,2024,Thursday,14.0,9.0,36–50
75,2024-08-20,8,301,1,C003,Hamra,Lemonade,Cold Drinks,3.0,0.8,F,51,Batroun,3250,20,8,2024,Tuesday,3.0,2.2,50+
4404,2024-04-09,10,302,3,C178,Hamra,Lemonade Mint,Cold Drinks,3.5,1.0,F,33,Zahle,1390,9,4,2024,Tuesday,10.5,7.5,26–35
3859,2024-02-28,18,307,1,C154,Hamra,Strawberry Cocktail,Cocktails,6.0,2.0,F,25,Tripoli,824,28,2,2024,Wednesday,6.0,4.0,16–25
762,2024-09-14,19,203,1,C031,Hamra,Green Tea,Tea,2.2,0.5,M,18,Jounieh,3611,14,9,2024,Saturday,2.2,1.7000000000000002,16–25
2496,2024-03-05,19,202,1,C100,Hamra,Mint Tea,Tea,2.2,0.5,F,29,Byblos,909,5,3,2024,Tuesday,2.2,1.7000000000000002,26–35
1527,2024-03-23,16,110,1,C062,Hamra,Sahlab,Hot Drinks,4.0,1.0,F,50,Tyre,1158,23,3,2024,Saturday,4.0,3.0,36–50
3867,2024-06-02,13,101,1,C154,Hamra,Espresso,Coffee,2.5,0.5,F,25,Tripoli,2149,2,6,2024,Sunday,2.5,2.0,16–25
4875,2024-09-22,15,407,2,C195,Hamra,Cheese Rolls,Appetizers,4.5,1.0,M,26,Saida,3719,22,9,2024,Sunday,9.0,7.0,26–35
2732,2024-11-04,20,405,1,C108,Hamra,Lahm Baajin,Manakish,5.0,1.2,F,21,Saida,4326,4,11,2024,Monday,5.0,3.8,16–25
1349,2024-03-19,20,108,2,C055,Hamra,Caramel Latte,Coffee,4.8,1.0,F,44,Tyre,1106,19,3,2024,Tuesday,9.6,7.6,36–50
3920,2024-11-10,14,306,1,C156,Hamra,Mango Cocktail,Cocktails,6.0,2.2,M,52,Jounieh,4404,10,11,2024,Sunday,6.0,3.8,50+
1069,2024-05-29,18,307,1,C044,Hamra,Strawberry Cocktail,Cocktails,6.0,2.0,F,20,Zahle,2098,29,5,2024,Wednesday,6.0,4.0,16–25
2017,2024-02-17,15,303,1,C081,Hamra,Fresh Orange Juice,Cold Drinks,3.5,1.0,M,55,Tripoli,667,17,2,2024,Saturday,3.5,2.5,50+
4152,2024-09-04,14,102,1,C166,Hamra,Turkish Coffee,Coffee,2.0,0.4,F,48,Beirut,3466,4,9,2024,Wednesday,2.0,1.6,36–50
735,2024-10-04,8,701,2,C030,Hamra,Nutella Crepe,Desserts,5.5,1.8,M,23,Saida,3880,4,10,2024,Friday,11.0,7.4,16–25
1646,2024-12-21,13,602,2,C066,Hamra,Greek Salad,Salads,6.5,2.8,M,22,Zahle,4977,21,12,2024,Saturday,13.0,7.4,16–25
3392,2024-04-07,8,109,2,C136,Hamra,Hot Chocolate,Hot Drinks,3.8,0.9,M,42,Saida,1360,7,4,2024,Sunday,7.6,5.8,36–50
319,2024-01-25,19,103,3,C014,Hamra,Blonde Coffee,Coffee,2.2,0.5,M,38,Saida,349,25,1,2024,Thursday,6.6000000000000005,5.1000000000000005,36–50
2547,2024-10-10,18,401,1,C101,Hamra,Croissant,Bakery,3.0,0.8,M,44,Byblos,3974,10,10,2024,Thursday,3.0,2.2,36–50
2681,2024-10-27,17,306,3,C106,Hamra,Mango Cocktail,Cocktails,6.0,2.2,F,59,Tripoli,4211,27,10,2024,Sunday,18.0,11.399999999999999,50+
2587,2024-03-08,8,405,2,C103,Hamra,Lahm Baajin,Manakish,5.0,1.2,M,21,Byblos,940,8,3,2024,Friday,10.0,7.6,16–25
1524,2024-01-07,10,403,2,C062,Hamra,Cheese Manoushe,Manakish,4.5,0.8,F,50,Tyre,88,7,1,2024,Sunday,9.0,7.4,36–50
1882,2024-10-31,7,411,1,C075,Hamra,Mutabbal,Appetizers,4.2,1.2,M,58,Saida,4257,31,10,2024,Thursday,4.2,3.0,50+
4770,2024-05-16,11,401,3,C191,Hamra,Croissant,Bakery,3.0,0.8,M,60,Byblos,1909,16,5,2024,Thursday,9.0,6.6000000000000005,50+
1975,2024-06-12,12,409,1,C079,Hamra,Pita Chips,Appetizers,2.5,0.6,M,38,Byblos,2288,12,6,2024,Wednesday,2.5,1.9,36–50
4847,2024-03-23,15,108,2,C194,Hamra,Caramel Latte,Coffee,4.8,1.0,F,18,Jounieh,1157,23,3,2024,Saturday,9.6,7.6,16–25
2691,2024-05-17,16,110,1,C107,Hamra,Sahlab,Hot Drinks,4.0,1.0,M,18,Tyre,1928,17,5,2024,Friday,4.0,3.0,16–25
2394,2024-03-13,14,701,1,C096,Hamra,Nutella Crepe,Desserts,5.5,1.8,M,46,Zahle,1016,13,3,2024,Wednesday,5.5,3.7,36–50
971,2024-08-24,8,601,1,C040,Hamra,Chicken Caesar Salad,Salads,7.5,3.2,F,26,Beirut,3306,24,8,2024,Saturday,7.5,4.3,26–35
3539,2024-02-15,7,703,1,C141,Hamra,Ashta W Banane,Cocktails Specials,7.0,2.5,F,21,Jounieh,631,15,2,2024,Thursday,7.0,4.5,16–25
2688,2024-04-15,8,204,1,C107,Hamra,Chamomile Tea,Tea,2.5,0.5,M,18,Tyre,1472,15,4,2024,Monday,2.5,2.0,16–25
421,2024-10-14,13,504,2,C017,Hamra,Halloumi Sandwich,Sandwiches,6.0,2.0,M,34,Byblos,4025,14,10,2024,Monday,12.0,8.0,26–35
362,2024-09-18,10,205,1,C015,Hamra,Mate,Tea,2.5,0.5,F,52,Zahle,3658,18,9,2024,Wednesday,2.5,2.0,50+
4026,2024-06-24,16,302,1,C161,Hamra,Lemonade Mint,Cold Drinks,3.5,1.0,F,35,Batroun,2460,24,6,2024,Monday,3.5,2.5,26–35
380,2024-06-14,11,706,1,C016,Hamra,Honey Pancakes,Desserts,4.5,1.5,M,50,Zahle,2315,14,6,2024,Friday,4.5,3.0,36–50
304,2024-05-24,18,303,1,C013,Hamra,Fresh Orange Juice,Cold Drinks,3.5,1.0,M,29,Beirut,2028,24,5,2024,Friday,3.5,2.5,26–35
3807,2024-11-25,13,407,1,C151,Hamra,Cheese Rolls,Appetizers,4.5,1.0,M,21,Saida,4613,25,11,2024,Monday,4.5,3.5,16–25
877,2024-10-09,9,502,1,C036,Hamra,Chicken Sub Sandwich,Sandwiches,7.0,3.0,M,23,Beirut,3951,9,10,2024,Wednesday,7.0,4.0,16–25
1039,2024-02-23,16,308,1,C043,Hamra,Banane Avocat,Cocktails,6.5,2.5,M,42,Tyre,752,23,2,2024,Friday,6.5,4.0,36–50
4409,2024-06-26,8,604,1,C178,Hamra,Tabbouleh,Salads,5.5,2.0,F,33,Zahle,2480,26,6,2024,Wednesday,5.5,3.5,26–35
2883,2024-08-31,19,308,1,C114,Hamra,Banane Avocat,Cocktails,6.5,2.5,F,50,Byblos,3415,31,8,2024,Saturday,6.5,4.0,36–50
1860,2024-12-06,13,410,1,C074,Hamra,Hummus,Appetizers,4.0,1.2,M,29,Saida,4767,6,12,2024,Friday,4.0,2.8,26–35
2027,2024-05-06,11,503,1,C081,Hamra,BBQ Chicken Sandwich,Sandwiches,7.5,3.2,M,55,Tripoli,1769,6,5,2024,Monday,7.5,4.3,50+
2355,2024-09-27,20,205,3,C094,Hamra,Mate,Tea,2.5,0.5,M,40,Tripoli,3794,27,9,2024,Friday,7.5,6.0,36–50
3545,2024-05-11,7,706,1,C141,Hamra,Honey Pancakes,Desserts,4.5,1.5,F,21,Jounieh,1835,11,5,2024,Saturday,4.5,3.0,16–25
722,2024-04-02,7,309,1,C030,Hamra,Chocolate Milkshake,Shakes,5.5,1.8,M,23,Saida,1289,2,4,2024,Tuesday,5.5,3.7,16–25
4590,2024-03-13,15,403,1,C185,Hamra,Cheese Manoushe,Manakish,4.5,0.8,M,39,Saida,1017,13,3,2024,Wednesday,4.5,3.7,36–50
732,2024-09-04,11,301,1,C030,Hamra,Lemonade,Cold Drinks,3.0,0.8,M,23,Saida,3463,4,9,2024,Wednesday,3.0,2.2,16–25
4971,2024-12-13,7,301,1,C199,Hamra,Lemonade,Cold Drinks,3.0,0.8,M,46,Jounieh,4859,13,12,2024,Friday,3.0,2.2,36–50
236,2024-09-29,13,504,1,C010,Hamra,Halloumi Sandwich,Sandwiches,6.0,2.0,F,49,Tyre,3815,29,9,2024,Sunday,6.0,4.0,36–50
2480,2024-02-12,15,503,1,C099,Hamra,BBQ Chicken Sandwich,Sandwiches,7.5,3.2,M,49,Zahle,597,12,2,2024,Monday,7.5,4.3,36–50
4841,2024-02-10,17,106,1,C194,Hamra,Cappuccino,Coffee,3.5,0.7,F,18,Jounieh,571,10,2,2024,Saturday,3.5,2.8,16–25
2345,2024-06-18,7,102,1,C094,Hamra,Turkish Coffee,Coffee,2.0,0.4,M,40,Tripoli,2367,18,6,2024,Tuesday,2.0,1.6,36–50
946,2024-07-30,16,203,1,C039,Hamra,Green Tea,Tea,2.2,0.5,M,49,Batroun,2964,30,7,2024,Tuesday,2.2,1.7000000000000002,36–50
894,2024-06-16,20,602,3,C037,Hamra,Greek Salad,Salads,6.5,2.8,M,28,Beirut,2352,16,6,2024,Sunday,19.5,11.100000000000001,26–35
3245,2024-02-08,19,605,1,C131,Hamra,Halloumi Salad,Salads,6.8,2.9,F,59,Byblos,545,8,2,2024,Thursday,6.8,3.9,50+
2241,2024-09-01,10,109,1,C089,Hamra,Hot Chocolate,Hot Drinks,3.8,0.9,F,21,Saida,3420,1,9,2024,Sunday,3.8,2.9,16–25
4053,2024-05-30,20,409,3,C162,Hamra,Pita Chips,Appetizers,2.5,0.6,F,37,Saida,2114,30,5,2024,Thursday,7.5,5.699999999999999,36–50
4141,2024-04-20,9,302,2,C166,Hamra,Lemonade Mint,Cold Drinks,3.5,1.0,F,48,Beirut,1543,20,4,2024,Saturday,7.0,5.0,36–50
322,2024-02-16,11,402,1,C014,Hamra,Zaatar Manoushe,Manakish,3.5,0.5,M,38,Saida,649,16,2,2024,Friday,3.5,3.0,36–50
4794,2024-03-03,13,404,2,C192,Hamra,Keshek Manoushe,Manakish,4.0,0.7,F,27,Tripoli,875,3,3,2024,Sunday,8.0,6.6,26–35
948,2024-08-12,14,501,1,C039,Hamra,Shish Tawouk Sandwich,Sandwiches,6.5,2.5,M,49,Batroun,3144,12,8,2024,Monday,6.5,4.0,36–50
4533,2024-12-31,19,601,1,C182,Hamra,Chicken Caesar Salad,Salads,7.5,3.2,F,55,Zahle,5123,31,12,2024,Tuesday,7.5,4.3,50+
3221,2024-03-09,8,307,1,C130,Hamra,Strawberry Cocktail,Cocktails,6.0,2.0,F,26,Beirut,954,9,3,2024,Saturday,6.0,4.0,26–35
1053,2024-10-25,13,704,1,C043,Hamra,Mafroukeh Dessert,Desserts,6.5,2.5,M,42,Tyre,4179,25,10,2024,Friday,6.5,4.0,36–50
4499,2024-10-16,20,309,1,C181,Hamra,Chocolate Milkshake,Shakes,5.5,1.8,F,60,Tripoli,4060,16,10,2024,Wednesday,5.5,3.7,50+
3262,2024-10-22,20,107,1,C131,Hamra,Mocha,Coffee,4.5,0.9,F,59,Byblos,4144,22,10,2024,Tuesday,4.5,3.6,50+
4215,2024-07-21,7,409,1,C169,Hamra,Pita Chips,Appetizers,2.5,0.6,M,24,Tyre,2829,21,7,2024,Sunday,2.5,1.9,16–25
172,2024-03-01,13,701,1,C008,Hamra,Nutella Crepe,Desserts,5.5,1.8,F,49,Byblos,847,1,3,2024,Friday,5.5,3.7,36–50
2416,2024-11-13,14,202,1,C096,Hamra,Mint Tea,Tea,2.2,0.5,M,46,Zahle,4446,13,11,2024,Wednesday,2.2,1.7000000000000002,36–50
4783,2024-11-09,8,308,1,C191,Hamra,Banane Avocat,Cocktails,6.5,2.5,M,60,Byblos,4384,9,11,2024,Saturday,6.5,4.0,50+
1614,2024-06-09,15,205,1,C065,Hamra,Mate,Tea,2.5,0.5,F,42,Saida,2249,9,6,2024,Sunday,2.5,2.0,36–50
1984,2024-11-26,7,408,1,C079,Hamra,Fries,Appetizers,3.0,0.7,M,38,Byblos,4621,26,11,2024,Tuesday,3.0,2.3,36–50
3267,2024-01-16,19,203,3,C132,Hamra,Green Tea,Tea,2.2,0.5,M,33,Tyre,223,16,1,2024,Tuesday,6.6000000000000005,5.1000000000000005,26–35
1701,2024-12-03,12,308,1,C068,Hamra,Banane Avocat,Cocktails,6.5,2.5,F,21,Beirut,4724,3,12,2024,Tuesday,6.5,4.0,16–25
2297,2024-04-03,7,502,1,C092,Hamra,Chicken Sub Sandwich,Sandwiches,7.0,3.0,F,32,Batroun,1303,3,4,2024,Wednesday,7.0,4.0,26–35
237,2024-10-30,9,407,2,C010,Hamra,Cheese Rolls,Appetizers,4.5,1.0,F,49,Tyre,4245,30,10,2024,Wednesday,9.0,7.0,36–50
1871,2024-05-17,17,603,1,C075,Hamra,Fattoush,Salads,5.5,2.0,M,58,Saida,1929,17,5,2024,Friday,5.5,3.5,50+
4420,2024-12-03,12,703,2,C178,Hamra,Ashta W Banane,Cocktails Specials,7.0,2.5,F,33,Zahle,4724,3,12,2024,Tuesday,14.0,9.0,26–35
3789,2024-02-07,9,410,1,C151,Hamra,Hummus,Appetizers,4.0,1.2,M,21,Saida,521,7,2,2024,Wednesday,4.0,2.8,16–25
1503,2024-05-06,14,101,1,C061,Hamra,Espresso,Coffee,2.5,0.5,F,34,Zahle,1772,6,5,2024,Monday,2.5,2.0,26–35
1159,2024-10-01,11,605,1,C047,Hamra,Halloumi Salad,Salads,6.8,2.9,M,24,Jounieh,3841,1,10,2024,Tuesday,6.8,3.9,16–25
66,2024-06-12,8,603,1,C003,Hamra,Fattoush,Salads,5.5,2.0,F,51,Batroun,2284,12,6,2024,Wednesday,5.5,3.5,50+
2610,2024-11-14,10,105,1,C103,Hamra,Café Latte,Coffee,4.0,0.8,M,21,Byblos,4456,14,11,2024,Thursday,4.0,3.2,16–25
405,2024-03-17,15,203,2,C017,Hamra,Green Tea,Tea,2.2,0.5,M,34,Byblos,1073,17,3,2024,Sunday,4.4,3.4000000000000004,26–35
539,2024-06-22,10,105,2,C022,Hamra,Café Latte,Coffee,4.0,0.8,F,32,Tyre,2426,22,6,2024,Saturday,8.0,6.4,26–35
2938,2024-12-23,16,407,1,C116,Hamra,Cheese Rolls,Appetizers,4.5,1.0,F,48,Jounieh,5008,23,12,2024,Monday,4.5,3.5,36–50
2283,2024-11-16,16,704,2,C091,Hamra,Mafroukeh Dessert,Desserts,6.5,2.5,M,47,Tyre,4490,16,11,2024,Saturday,13.0,8.0,36–50
3623,2024-03-31,14,306,1,C144,Hamra,Mango Cocktail,Cocktails,6.0,2.2,F,39,Batroun,1268,31,3,2024,Sunday,6.0,3.8,36–50
2629,2024-08-25,11,309,1,C104,Hamra,Chocolate Milkshake,Shakes,5.5,1.8,F,36,Jounieh,3323,25,8,2024,Sunday,5.5,3.7,36–50
76,2024-09-20,17,303,1,C003,Hamra,Fresh Orange Juice,Cold Drinks,3.5,1.0,F,51,Batroun,3693,20,9,2024,Friday,3.5,2.5,50+
1273,2024-06-27,17,306,2,C052,Hamra,Mango Cocktail,Cocktails,6.0,2.2,F,28,Jounieh,2503,27,6,2024,Thursday,12.0,7.6,26–35
2801,2024-07-27,16,110,1,C111,Hamra,Sahlab,Hot Drinks,4.0,1.0,M,40,Zahle,2922,27,7,2024,Saturday,4.0,3.0,36–50
4018,2024-03-13,19,309,1,C161,Hamra,Chocolate Milkshake,Shakes,5.5,1.8,F,35,Batroun,1021,13,3,2024,Wednesday,5.5,3.7,26–35
1012,2024-04-16,19,504,2,C042,Hamra,Halloumi Sandwich,Sandwiches,6.0,2.0,F,26,Tripoli,1497,16,4,2024,Tuesday,12.0,8.0,26–35
3241,2024-12-10,20,605,1,C130,Hamra,Halloumi Salad,Salads,6.8,2.9,F,26,Beirut,4830,10,12,2024,Tuesday,6.8,3.9,26–35
950,2024-10-21,7,306,1,C039,Hamra,Mango Cocktail,Cocktails,6.0,2.2,M,49,Batroun,4117,21,10,2024,Monday,6.0,3.8,36–50
1132,2024-10-10,13,310,1,C046,Hamra,Strawberry Milkshake,Shakes,5.5,1.8,F,60,Saida,3969,10,10,2024,Thursday,5.5,3.7,50+
1194,2024-12-18,9,705,1,C048,Hamra,Ice Cream 2 Scoops,Desserts,4.0,1.2,F,39,Zahle,4931,18,12,2024,Wednesday,4.0,2.8,36–50
660,2024-06-30,16,308,1,C027,Hamra,Banane Avocat,Cocktails,6.5,2.5,F,46,Byblos,2544,30,6,2024,Sunday,6.5,4.0,36–50
349,2024-02-06,14,307,3,C015,Hamra,Strawberry Cocktail,Cocktails,6.0,2.0,F,52,Zahle,512,6,2,2024,Tuesday,18.0,12.0,50+
154,2024-05-16,20,104,1,C007,Hamra,Americano,Coffee,3.0,0.6,M,24,Batroun,1918,16,5,2024,Thursday,3.0,2.4,16–25
2755,2024-12-03,18,409,1,C109,Hamra,Pita Chips,Appetizers,2.5,0.6,M,29,Jounieh,4730,3,12,2024,Tuesday,2.5,1.9,26–35
4589,2024-02-25,9,106,1,C185,Hamra,Cappuccino,Coffee,3.5,0.7,M,39,Saida,773,25,2,2024,Sunday,3.5,2.8,36–50
1022,2024-07-05,7,403,1,C042,Hamra,Cheese Manoushe,Manakish,4.5,0.8,F,26,Tripoli,2605,5,7,2024,Friday,4.5,3.7,26–35
215,2024-12-06,11,406,1,C009,Hamra,Kaak with Cheese,Bakery,3.5,0.8,M,21,Beirut,4765,6,12,2024,Friday,3.5,2.7,16–25
2653,2024-09-14,8,410,3,C105,Hamra,Hummus,Appetizers,4.0,1.2,F,27,Tripoli,3600,14,9,2024,Saturday,12.0,8.399999999999999,26–35
3326,2024-02-27,17,503,1,C134,Hamra,BBQ Chicken Sandwich,Sandwiches,7.5,3.2,F,60,Zahle,809,27,2,2024,Tuesday,7.5,4.3,50+
4616,2024-12-28,10,506,1,C185,Hamra,Steak Sandwich,Sandwiches,9.0,4.0,M,39,Saida,5072,28,12,2024,Saturday,9.0,5.0,36–50
1892,2024-05-02,7,308,1,C076,Hamra,Banane Avocat,Cocktails,6.5,2.5,M,40,Saida,1709,2,5,2024,Thursday,6.5,4.0,36–50
730,2024-07-06,15,106,1,C030,Hamra,Cappuccino,Coffee,3.5,0.7,M,23,Saida,2627,6,7,2024,Saturday,3.5,2.8,16–25
4548,2024-08-17,12,301,2,C183,Hamra,Lemonade,Cold Drinks,3.0,0.8,M,23,Saida,3212,17,8,2024,Saturday,6.0,4.4,16–25
2099,2024-06-16,14,102,2,C084,Hamra,Turkish Coffee,Coffee,2.0,0.4,M,53,Batroun,2346,16,6,2024,Sunday,4.0,3.2,50+
3147,2024-04-23,17,309,1,C126,Hamra,Chocolate Milkshake,Shakes,5.5,1.8,M,59,Jounieh,1593,23,4,2024,Tuesday,5.5,3.7,50+
2109,2024-09-08,10,302,3,C084,Hamra,Lemonade Mint,Cold Drinks,3.5,1.0,M,53,Batroun,3518,8,9,2024,Sunday,10.5,7.5,50+
1321,2024-04-16,15,603,1,C054,Hamra,Fattoush,Salads,5.5,2.0,F,53,Byblos,1493,16,4,2024,Tuesday,5.5,3.5,50+
2760,2024-02-06,8,101,1,C110,Hamra,Espresso,Coffee,2.5,0.5,M,55,Batroun,506,6,2,2024,Tuesday,2.5,2.0,50+
668,2024-11-30,15,106,1,C027,Hamra,Cappuccino,Coffee,3.5,0.7,F,46,Byblos,4685,30,11,2024,Saturday,3.5,2.8,36–50
2093,2024-04-01,18,105,1,C084,Hamra,Café Latte,Coffee,4.0,0.8,M,53,Batroun,1286,1,4,2024,Monday,4.0,3.2,50+
4651,2024-01-18,11,603,3,C187,Hamra,Fattoush,Salads,5.5,2.0,F,18,Tyre,243,18,1,2024,Thursday,16.5,10.5,16–25
166,2024-12-19,19,703,1,C007,Hamra,Ashta W Banane,Cocktails Specials,7.0,2.5,M,24,Batroun,4955,19,12,2024,Thursday,7.0,4.5,16–25
4190,2024-03-03,12,404,1,C168,Hamra,Keshek Manoushe,Manakish,4.0,0.7,F,47,Tyre,874,3,3,2024,Sunday,4.0,3.3,36–50
2621,2024-05-29,9,202,2,C104,Hamra,Mint Tea,Tea,2.2,0.5,F,36,Jounieh,2089,29,5,2024,Wednesday,4.4,3.4000000000000004,36–50
1797,2024-05-18,10,503,1,C072,Hamra,BBQ Chicken Sandwich,Sandwiches,7.5,3.2,F,59,Jounieh,1936,18,5,2024,Saturday,7.5,4.3,50+
40,2024-07-04,12,605,2,C002,Hamra,Halloumi Salad,Salads,6.8,2.9,F,37,Zahle,2596,4,7,2024,Thursday,13.6,7.8,36–50
3573,2024-07-03,13,103,1,C142,Hamra,Blonde Coffee,Coffee,2.2,0.5,F,44,Batroun,2583,3,7,2024,Wednesday,2.2,1.7000000000000002,36–50
3459,2024-07-23,7,701,1,C138,Hamra,Nutella Crepe,Desserts,5.5,1.8,F,55,Tyre,2857,23,7,2024,Tuesday,5.5,3.7,50+
1233,2024-09-16,13,101,3,C050,Hamra,Espresso,Coffee,2.5,0.5,M,38,Jounieh,3633,16,9,2024,Monday,7.5,6.0,36–50
3689,2024-08-01,7,402,1,C146,Hamra,Zaatar Manoushe,Manakish,3.5,0.5,M,27,Beirut,2983,1,8,2024,Thursday,3.5,3.0,26–35
449,2024-09-12,11,701,2,C018,Hamra,Nutella Crepe,Desserts,5.5,1.8,M,19,Tripoli,3575,12,9,2024,Thursday,11.0,7.4,16–25
375,2024-05-14,12,309,1,C016,Hamra,Chocolate Milkshake,Shakes,5.5,1.8,M,50,Zahle,1882,14,5,2024,Tuesday,5.5,3.7,36–50
1266,2024-03-01,19,602,2,C052,Hamra,Greek Salad,Salads,6.5,2.8,F,28,Jounieh,853,1,3,2024,Friday,13.0,7.4,26–35
4922,2024-12-28,8,304,1,C197,Hamra,Carrot Juice,Cold Drinks,3.5,1.0,M,57,Zahle,5070,28,12,2024,Saturday,3.5,2.5,50+
4484,2024-11-05,19,108,1,C180,Hamra,Caramel Latte,Coffee,4.8,1.0,M,20,Jounieh,4339,5,11,2024,Tuesday,4.8,3.8,16–25
3979,2024-03-28,16,602,2,C159,Hamra,Greek Salad,Salads,6.5,2.8,M,59,Tripoli,1228,28,3,2024,Thursday,13.0,7.4,50+
2113,2024-11-19,15,605,1,C084,Hamra,Halloumi Salad,Salads,6.8,2.9,M,53,Batroun,4531,19,11,2024,Tuesday,6.8,3.9,50+
3797,2024-07-25,20,102,2,C151,Hamra,Turkish Coffee,Coffee,2.0,0.4,M,21,Saida,2898,25,7,2024,Thursday,4.0,3.2,16–25
2399,2024-05-08,16,405,2,C096,Hamra,Lahm Baajin,Manakish,5.0,1.2,M,46,Zahle,1802,8,5,2024,Wednesday,10.0,7.6,36–50
1034,2024-11-06,12,405,2,C042,Hamra,Lahm Baajin,Manakish,5.0,1.2,F,26,Tripoli,4346,6,11,2024,Wednesday,10.0,7.6,26–35
4738,2024-01-03,13,702,3,C190,Hamra,Lotus Crepe,Desserts,5.8,1.9,M,30,Beirut,35,3,1,2024,Wednesday,17.4,11.7,26–35
2857,2024-08-29,20,503,1,C113,Hamra,BBQ Chicken Sandwich,Sandwiches,7.5,3.2,F,27,Beirut,3388,29,8,2024,Thursday,7.5,4.3,26–35
4407,2024-04-30,16,603,1,C178,Hamra,Fattoush,Salads,5.5,2.0,F,33,Zahle,1690,30,4,2024,Tuesday,5.5,3.5,26–35
3102,2024-04-11,14,407,1,C124,Hamra,Cheese Rolls,Appetizers,4.5,1.0,M,52,Tyre,1422,11,4,2024,Thursday,4.5,3.5,50+
350,2024-02-07,17,101,1,C015,Hamra,Espresso,Coffee,2.5,0.5,F,52,Zahle,529,7,2,2024,Wednesday,2.5,2.0,50+
2267,2024-12-06,19,502,1,C090,Hamra,Chicken Sub Sandwich,Sandwiches,7.0,3.0,F,20,Beirut,4773,6,12,2024,Friday,7.0,4.0,16–25
4269,2024-05-12,16,203,1,C172,Hamra,Green Tea,Tea,2.2,0.5,F,21,Zahle,1858,12,5,2024,Sunday,2.2,1.7000000000000002,16–25
1023,2024-07-20,7,201,1,C042,Hamra,Tea,Tea,2.0,0.4,F,26,Tripoli,2815,20,7,2024,Saturday,2.0,1.6,26–35
1102,2024-12-13,20,110,1,C045,Hamra,Sahlab,Hot Drinks,4.0,1.0,F,48,Tyre,4872,13,12,2024,Friday,4.0,3.0,36–50
2336,2024-01-21,14,701,1,C094,Hamra,Nutella Crepe,Desserts,5.5,1.8,M,40,Tripoli,288,21,1,2024,Sunday,5.5,3.7,36–50
2700,2024-08-29,10,401,2,C107,Hamra,Croissant,Bakery,3.0,0.8,M,18,Tyre,3378,29,8,2024,Thursday,6.0,4.4,16–25
4076,2024-04-18,16,305,1,C163,Hamra,Avocado Shake Cocktails,Shakes,6.0,2.2,F,40,Beirut,1522,18,4,2024,Thursday,6.0,3.8,36–50
548,2024-10-29,14,302,1,C022,Hamra,Lemonade Mint,Cold Drinks,3.5,1.0,F,32,Tyre,4236,29,10,2024,Tuesday,3.5,2.5,26–35
3182,2024-03-24,19,302,2,C128,Hamra,Lemonade Mint,Cold Drinks,3.5,1.0,M,36,Batroun,1175,24,3,2024,Sunday,7.0,5.0,36–50
915,2024-03-23,12,104,1,C038,Hamra,Americano,Coffee,3.0,0.6,F,39,Saida,1154,23,3,2024,Saturday,3.0,2.4,36–50
2444,2024-10-17,17,105,3,C097,Hamra,Café Latte,Coffee,4.0,0.8,M,45,Batroun,4071,17,10,2024,Thursday,12.0,9.600000000000001,36–50
4927,2024-03-09,15,308,1,C198,Hamra,Banane Avocat,Cocktails,6.5,2.5,F,29,Tyre,961,9,3,2024,Saturday,6.5,4.0,26–35
4802,2024-05-08,17,604,1,C192,Hamra,Tabbouleh,Salads,5.5,2.0,F,27,Tripoli,1803,8,5,2024,Wednesday,5.5,3.5,26–35
2543,2024-07-14,10,705,1,C101,Hamra,Ice Cream 2 Scoops,Desserts,4.0,1.2,M,44,Byblos,2734,14,7,2024,Sunday,4.0,2.8,36–50
155,2024-05-19,8,110,2,C007,Hamra,Sahlab,Hot Drinks,4.0,1.0,M,24,Batroun,1948,19,5,2024,Sunday,8.0,6.0,16–25
1079,2024-10-09,20,604,1,C044,Hamra,Tabbouleh,Salads,5.5,2.0,F,20,Zahle,3962,9,10,2024,Wednesday,5.5,3.5,16–25
1907,2024-11-07,8,403,2,C076,Hamra,Cheese Manoushe,Manakish,4.5,0.8,M,40,Saida,4356,7,11,2024,Thursday,9.0,7.4,36–50
158,2024-08-21,11,408,1,C007,Hamra,Fries,Appetizers,3.0,0.7,M,24,Batroun,3267,21,8,2024,Wednesday,3.0,2.3,16–25
4840,2024-01-23,16,601,1,C194,Hamra,Chicken Caesar Salad,Salads,7.5,3.2,F,18,Jounieh,318,23,1,2024,Tuesday,7.5,4.3,16–25
1477,2024-06-01,15,401,1,C060,Hamra,Croissant,Bakery,3.0,0.8,F,22,Zahle,2137,1,6,2024,Saturday,3.0,2.2,16–25
17,2024-10-03,18,703,1,C001,Hamra,Ashta W Banane,Cocktails Specials,7.0,2.5,F,18,Zahle,3876,3,10,2024,Thursday,7.0,4.5,16–25
1526,2024-03-01,9,701,1,C062,Hamra,Nutella Crepe,Desserts,5.5,1.8,F,50,Tyre,843,1,3,2024,Friday,5.5,3.7,36–50
2193,2024-11-14,14,404,3,C087,Hamra,Keshek Manoushe,Manakish,4.0,0.7,F,60,Batroun,4460,14,11,2024,Thursday,12.0,9.899999999999999,50+
2225,2024-02-21,10,402,1,C089,Hamra,Zaatar Manoushe,Manakish,3.5,0.5,F,21,Saida,718,21,2,2024,Wednesday,3.5,3.0,16–25
461,2024-12-09,12,303,1,C018,Hamra,Fresh Orange Juice,Cold Drinks,3.5,1.0,M,19,Tripoli,4808,9,12,2024,Monday,3.5,2.5,16–25
2717,2024-06-01,16,504,1,C108,Hamra,Halloumi Sandwich,Sandwiches,6.0,2.0,F,21,Saida,2138,1,6,2024,Saturday,6.0,4.0,16–25
3373,2024-08-24,12,110,2,C135,Hamra,Sahlab,Hot Drinks,4.0,1.0,F,20,Byblos,3310,24,8,2024,Saturday,8.0,6.0,16–25
2911,2024-11-06,9,506,3,C115,Hamra,Steak Sandwich,Sandwiches,9.0,4.0,F,36,Byblos,4343,6,11,2024,Wednesday,27.0,15.0,36–50
1336,2024-10-28,20,105,2,C054,Hamra,Café Latte,Coffee,4.0,0.8,F,53,Byblos,4228,28,10,2024,Monday,8.0,6.4,50+
1650,2024-02-01,11,110,3,C067,Hamra,Sahlab,Hot Drinks,4.0,1.0,M,60,Beirut,439,1,2,2024,Thursday,12.0,9.0,50+
2313,2024-02-24,18,703,2,C093,Hamra,Ashta W Banane,Cocktails Specials,7.0,2.5,F,27,Byblos,768,24,2,2024,Saturday,14.0,9.0,26–35
3476,2024-12-17,9,306,3,C138,Hamra,Mango Cocktail,Cocktails,6.0,2.2,F,55,Tyre,4917,17,12,2024,Tuesday,18.0,11.399999999999999,50+
4713,2024-02-05,17,309,2,C189,Hamra,Chocolate Milkshake,Shakes,5.5,1.8,F,43,Tripoli,501,5,2,2024,Monday,11.0,7.4,36–50
1450,2024-04-19,17,502,1,C059,Hamra,Chicken Sub Sandwich,Sandwiches,7.0,3.0,F,31,Jounieh,1537,19,4,2024,Friday,7.0,4.0,26–35
4667,2024-06-25,7,103,1,C187,Hamra,Blonde Coffee,Coffee,2.2,0.5,F,18,Tyre,2465,25,6,2024,Tuesday,2.2,1.7000000000000002,16–25
1727,2024-12-27,13,504,1,C069,Hamra,Halloumi Sandwich,Sandwiches,6.0,2.0,F,56,Zahle,5061,27,12,2024,Friday,6.0,4.0,50+
4785,2024-11-09,10,406,1,C191,Hamra,Kaak with Cheese,Bakery,3.5,0.8,M,60,Byblos,4386,9,11,2024,Saturday,3.5,2.7,50+
2471,2024-10-21,20,505,1,C098,Hamra,Turkey Sandwich,Sandwiches,5.5,2.2,M,33,Tripoli,4130,21,10,2024,Monday,5.5,3.3,26–35
185,2024-12-01,13,501,1,C008,Hamra,Shish Tawouk Sandwich,Sandwiches,6.5,2.5,F,49,Byblos,4697,1,12,2024,Sunday,6.5,4.0,36–50
1353,2024-04-06,9,102,3,C055,Hamra,Turkish Coffee,Coffee,2.0,0.4,F,44,Tyre,1347,6,4,2024,Saturday,6.0,4.800000000000001,36–50
3337,2024-07-31,18,102,1,C134,Hamra,Turkish Coffee,Coffee,2.0,0.4,F,60,Zahle,2980,31,7,2024,Wednesday,2.0,1.6,50+
3211,2024-11-12,17,503,2,C129,Hamra,BBQ Chicken Sandwich,Sandwiches,7.5,3.2,F,58,Byblos,4435,12,11,2024,Tuesday,15.0,8.6,50+
1383,2024-05-16,11,702,2,C056,Hamra,Lotus Crepe,Desserts,5.8,1.9,F,26,Batroun,1909,16,5,2024,Thursday,11.6,7.8,26–35
2614,2024-01-06,11,506,3,C104,Hamra,Steak Sandwich,Sandwiches,9.0,4.0,F,36,Jounieh,75,6,1,2024,Saturday,27.0,15.0,36–50
2872,2024-04-18,19,602,3,C114,Hamra,Greek Salad,Salads,6.5,2.8,F,50,Byblos,1525,18,4,2024,Thursday,19.5,11.100000000000001,36–50
2200,2024-02-04,8,409,2,C088,Hamra,Pita Chips,Appetizers,2.5,0.6,F,56,Beirut,478,4,2,2024,Sunday,5.0,3.8,50+
3444,2024-02-08,17,506,1,C138,Hamra,Steak Sandwich,Sandwiches,9.0,4.0,F,55,Tyre,543,8,2,2024,Thursday,9.0,5.0,50+
2716,2024-05-29,16,305,1,C108,Hamra,Avocado Shake Cocktails,Shakes,6.0,2.2,F,21,Saida,2096,29,5,2024,Wednesday,6.0,3.8,16–25
562,2024-04-27,18,408,1,C023,Hamra,Fries,Appetizers,3.0,0.7,M,18,Saida,1650,27,4,2024,Saturday,3.0,2.3,16–25
3637,2024-09-17,8,104,2,C144,Hamra,Americano,Coffee,3.0,0.6,F,39,Batroun,3642,17,9,2024,Tuesday,6.0,4.8,36–50
2529,2024-03-27,10,603,2,C101,Hamra,Fattoush,Salads,5.5,2.0,M,44,Byblos,1208,27,3,2024,Wednesday,11.0,7.0,36–50
3620,2024-03-16,10,602,2,C144,Hamra,Greek Salad,Salads,6.5,2.8,F,39,Batroun,1054,16,3,2024,Saturday,13.0,7.4,36–50
1392,2024-11-08,10,201,1,C056,Hamra,Tea,Tea,2.0,0.4,F,26,Batroun,4372,8,11,2024,Friday,2.0,1.6,26–35
2726,2024-08-01,12,506,1,C108,Hamra,Steak Sandwich,Sandwiches,9.0,4.0,F,21,Saida,2988,1,8,2024,Thursday,9.0,5.0,16–25
2377,2024-10-11,8,605,1,C095,Hamra,Halloumi Salad,Salads,6.8,2.9,M,40,Zahle,3978,11,10,2024,Friday,6.8,3.9,36–50
138,2024-08-26,12,105,1,C006,Hamra,Café Latte,Coffee,4.0,0.8,F,44,Tripoli,3338,26,8,2024,Monday,4.0,3.2,36–50
729,2024-06-13,13,310,1,C030,Hamra,Strawberry Milkshake,Shakes,5.5,1.8,M,23,Saida,2303,13,6,2024,Thursday,5.5,3.7,16–25
4763,2024-03-27,17,702,1,C191,Hamra,Lotus Crepe,Desserts,5.8,1.9,M,60,Byblos,1215,27,3,2024,Wednesday,5.8,3.9,50+
3204,2024-05-20,16,501,2,C129,Hamra,Shish Tawouk Sandwich,Sandwiches,6.5,2.5,F,58,Byblos,1970,20,5,2024,Monday,13.0,8.0,50+
1248,2024-06-08,9,409,1,C051,Hamra,Pita Chips,Appetizers,2.5,0.6,F,48,Tripoli,2229,8,6,2024,Saturday,2.5,1.9,36–50
2664,2024-02-15,17,109,1,C106,Hamra,Hot Chocolate,Hot Drinks,3.8,0.9,F,59,Tripoli,641,15,2,2024,Thursday,3.8,2.9,50+
2232,2024-04-21,18,106,3,C089,Hamra,Cappuccino,Coffee,3.5,0.7,F,21,Saida,1566,21,4,2024,Sunday,10.5,8.399999999999999,16–25
3165,2024-02-14,14,303,1,C127,Hamra,Fresh Orange Juice,Cold Drinks,3.5,1.0,M,30,Tripoli,624,14,2,2024,Wednesday,3.5,2.5,26–35
1129,2024-09-03,8,204,1,C046,Hamra,Chamomile Tea,Tea,2.5,0.5,F,60,Saida,3446,3,9,2024,Tuesday,2.5,2.0,50+
3041,2024-04-13,17,304,1,C121,Hamra,Carrot Juice,Cold Drinks,3.5,1.0,F,53,Batroun,1453,13,4,2024,Saturday,3.5,2.5,50+
3744,2024-03-25,14,204,1,C149,Hamra,Chamomile Tea,Tea,2.5,0.5,M,40,Beirut,1184,25,3,2024,Monday,2.5,2.0,36–50
2484,2024-05-13,19,504,1,C099,Hamra,Halloumi Sandwich,Sandwiches,6.0,2.0,M,49,Zahle,1875,13,5,2024,Monday,6.0,4.0,36–50
4140,2024-04-17,17,302,1,C166,Hamra,Lemonade Mint,Cold Drinks,3.5,1.0,F,48,Beirut,1509,17,4,2024,Wednesday,3.5,2.5,36–50
1706,2024-01-18,11,410,1,C069,Hamra,Hummus,Appetizers,4.0,1.2,F,56,Zahle,243,18,1,2024,Thursday,4.0,2.8,50+
1559,2024-04-03,8,404,1,C063,Hamra,Keshek Manoushe,Manakish,4.0,0.7,F,32,Byblos,1304,3,4,2024,Wednesday,4.0,3.3,26–35
1223,2024-05-29,13,506,1,C050,Hamra,Steak Sandwich,Sandwiches,9.0,4.0,M,38,Jounieh,2093,29,5,2024,Wednesday,9.0,5.0,36–50
281,2024-09-02,20,302,2,C012,Hamra,Lemonade Mint,Cold Drinks,3.5,1.0,F,60,Beirut,3444,2,9,2024,Monday,7.0,5.0,50+
1723,2024-10-15,8,601,1,C069,Hamra,Chicken Caesar Salad,Salads,7.5,3.2,F,56,Zahle,4034,15,10,2024,Tuesday,7.5,4.3,50+
1819,2024-07-27,20,108,3,C073,Hamra,Caramel Latte,Coffee,4.8,1.0,F,54,Saida,2926,27,7,2024,Saturday,14.399999999999999,11.399999999999999,50+
1064,2024-05-05,12,101,1,C044,Hamra,Espresso,Coffee,2.5,0.5,F,20,Zahle,1756,5,5,2024,Sunday,2.5,2.0,16–25
1280,2024-08-22,16,603,1,C052,Hamra,Fattoush,Salads,5.5,2.0,F,28,Jounieh,3286,22,8,2024,Thursday,5.5,3.5,26–35
198,2024-05-01,9,706,2,C009,Hamra,Honey Pancakes,Desserts,4.5,1.5,M,21,Beirut,1697,1,5,2024,Wednesday,9.0,6.0,16–25
4819,2024-05-17,15,411,1,C193,Hamra,Mutabbal,Appetizers,4.2,1.2,M,48,Byblos,1927,17,5,2024,Friday,4.2,3.0,36–50
2965,2024-04-24,9,107,1,C118,Hamra,Mocha,Coffee,4.5,0.9,F,48,Jounieh,1599,24,4,2024,Wednesday,4.5,3.6,36–50
222,2024-06-10,17,604,1,C010,Hamra,Tabbouleh,Salads,5.5,2.0,F,49,Tyre,2265,10,6,2024,Monday,5.5,3.5,36–50
1122,2024-07-19,18,105,1,C046,Hamra,Café Latte,Coffee,4.0,0.8,F,60,Saida,2812,19,7,2024,Friday,4.0,3.2,50+
2600,2024-08-21,18,309,2,C103,Hamra,Chocolate Milkshake,Shakes,5.5,1.8,M,21,Byblos,3274,21,8,2024,Wednesday,11.0,7.4,16–25
4620,2024-01-28,9,403,3,C186,Hamra,Cheese Manoushe,Manakish,4.5,0.8,F,34,Beirut,381,28,1,2024,Sunday,13.5,11.100000000000001,26–35
883,2024-01-11,11,601,1,C037,Hamra,Chicken Caesar Salad,Salads,7.5,3.2,M,28,Beirut,145,11,1,2024,Thursday,7.5,4.3,26–35
1276,2024-07-24,13,302,1,C052,Hamra,Lemonade Mint,Cold Drinks,3.5,1.0,F,28,Jounieh,2877,24,7,2024,Wednesday,3.5,2.5,26–35
2485,2024-06-15,20,501,1,C099,Hamra,Shish Tawouk Sandwich,Sandwiches,6.5,2.5,M,49,Zahle,2338,15,6,2024,Saturday,6.5,4.0,36–50
2039,2024-09-03,14,305,3,C081,Hamra,Avocado Shake Cocktails,Shakes,6.0,2.2,M,55,Tripoli,3452,3,9,2024,Tuesday,18.0,11.399999999999999,50+
295,2024-02-16,18,103,2,C013,Hamra,Blonde Coffee,Coffee,2.2,0.5,M,29,Beirut,656,16,2,2024,Friday,4.4,3.4000000000000004,26–35
3342,2024-09-02,17,501,3,C134,Hamra,Shish Tawouk Sandwich,Sandwiches,6.5,2.5,F,60,Zahle,3441,2,9,2024,Monday,19.5,12.0,50+
4629,2024-05-06,13,401,1,C186,Hamra,Croissant,Bakery,3.0,0.8,F,34,Beirut,1771,6,5,2024,Monday,3.0,2.2,26–35
2536,2024-05-26,15,205,2,C101,Hamra,Mate,Tea,2.5,0.5,M,44,Byblos,2053,26,5,2024,Sunday,5.0,4.0,36–50
3184,2024-04-27,11,704,1,C128,Hamra,Mafroukeh Dessert,Desserts,6.5,2.5,M,36,Batroun,1643,27,4,2024,Saturday,6.5,4.0,36–50
1178,2024-05-31,16,701,1,C048,Hamra,Nutella Crepe,Desserts,5.5,1.8,F,39,Zahle,2124,31,5,2024,Friday,5.5,3.7,36–50
3995,2024-03-12,17,108,3,C160,Hamra,Caramel Latte,Coffee,4.8,1.0,M,20,Beirut,1005,12,3,2024,Tuesday,14.399999999999999,11.399999999999999,16–25
266,2024-12-28,9,203,1,C011,Hamra,Green Tea,Tea,2.2,0.5,M,23,Batroun,5071,28,12,2024,Saturday,2.2,1.7000000000000002,16–25
2028,2024-05-16,12,701,3,C081,Hamra,Nutella Crepe,Desserts,5.5,1.8,M,55,Tripoli,1910,16,5,2024,Thursday,16.5,11.100000000000001,50+
108,2024-06-23,11,103,1,C005,Hamra,Blonde Coffee,Coffee,2.2,0.5,M,33,Beirut,2441,23,6,2024,Sunday,2.2,1.7000000000000002,26–35
143,2024-10-15,18,101,2,C006,Hamra,Espresso,Coffee,2.5,0.5,F,44,Tripoli,4044,15,10,2024,Tuesday,5.0,4.0,36–50
2939,2024-01-19,10,109,1,C117,Hamra,Hot Chocolate,Hot Drinks,3.8,0.9,F,49,Zahle,256,19,1,2024,Friday,3.8,2.9,36–50
3750,2024-07-13,18,406,1,C149,Hamra,Kaak with Cheese,Bakery,3.5,0.8,M,40,Beirut,2728,13,7,2024,Saturday,3.5,2.7,36–50
1036,2024-11-25,8,505,1,C042,Hamra,Turkey Sandwich,Sandwiches,5.5,2.2,F,26,Tripoli,4608,25,11,2024,Monday,5.5,3.3,26–35
2032,2024-06-23,13,401,1,C081,Hamra,Croissant,Bakery,3.0,0.8,M,55,Tripoli,2443,23,6,2024,Sunday,3.0,2.2,50+
3897,2024-12-19,19,302,1,C155,Hamra,Lemonade Mint,Cold Drinks,3.5,1.0,M,24,Byblos,4955,19,12,2024,Thursday,3.5,2.5,16–25
63,2024-05-20,11,409,1,C003,Hamra,Pita Chips,Appetizers,2.5,0.6,F,51,Batroun,1965,20,5,2024,Monday,2.5,1.9,50+
1484,2024-09-02,10,109,1,C060,Hamra,Hot Chocolate,Hot Drinks,3.8,0.9,F,22,Zahle,3434,2,9,2024,Monday,3.8,2.9,16–25
4848,2024-04-02,18,704,1,C194,Hamra,Mafroukeh Dessert,Desserts,6.5,2.5,F,18,Jounieh,1300,2,4,2024,Tuesday,6.5,4.0,16–25
2325,2024-08-26,20,203,1,C093,Hamra,Green Tea,Tea,2.2,0.5,F,27,Byblos,3346,26,8,2024,Monday,2.2,1.7000000000000002,26–35
1205,2024-07-23,14,105,1,C049,Hamra,Café Latte,Coffee,4.0,0.8,F,35,Tyre,2864,23,7,2024,Tuesday,4.0,3.2,26–35
811,2024-02-17,15,505,2,C034,Hamra,Turkey Sandwich,Sandwiches,5.5,2.2,F,50,Byblos,667,17,2,2024,Saturday,11.0,6.6,36–50
900,2024-09-01,15,203,2,C037,Hamra,Green Tea,Tea,2.2,0.5,M,28,Beirut,3425,1,9,2024,Sunday,4.4,3.4000000000000004,26–35
1035,2024-11-15,9,101,1,C042,Hamra,Espresso,Coffee,2.5,0.5,F,26,Tripoli,4469,15,11,2024,Friday,2.5,2.0,26–35
4833,2024-11-12,9,310,1,C193,Hamra,Strawberry Milkshake,Shakes,5.5,1.8,M,48,Byblos,4427,12,11,2024,Tuesday,5.5,3.7,36–50
4698,2024-10-21,11,605,2,C188,Hamra,Halloumi Salad,Salads,6.8,2.9,M,26,Jounieh,4121,21,10,2024,Monday,13.6,7.8,26–35
8,2024-05-07,11,104,1,C001,Hamra,Americano,Coffee,3.0,0.6,F,18,Zahle,1783,7,5,2024,Tuesday,3.0,2.4,16–25
4679,2024-12-09,16,411,1,C187,Hamra,Mutabbal,Appetizers,4.2,1.2,F,18,Tyre,4812,9,12,2024,Monday,4.2,3.0,16–25
3286,2024-10-08,8,705,1,C132,Hamra,Ice Cream 2 Scoops,Desserts,4.0,1.2,M,33,Tyre,3936,8,10,2024,Tuesday,4.0,2.8,26–35
2584,2024-01-17,7,110,1,C103,Hamra,Sahlab,Hot Drinks,4.0,1.0,M,21,Byblos,225,17,1,2024,Wednesday,4.0,3.0,16–25
3561,2024-03-11,14,403,1,C142,Hamra,Cheese Manoushe,Manakish,4.5,0.8,F,44,Batroun,988,11,3,2024,Monday,4.5,3.7,36–50
2780,2024-09-25,9,106,1,C110,Hamra,Cappuccino,Coffee,3.5,0.7,M,55,Batroun,3755,25,9,2024,Wednesday,3.5,2.8,50+
3697,2024-11-20,7,402,1,C146,Hamra,Zaatar Manoushe,Manakish,3.5,0.5,M,27,Beirut,4537,20,11,2024,Wednesday,3.5,3.0,26–35
829,2024-10-08,7,202,1,C034,Hamra,Mint Tea,Tea,2.2,0.5,F,50,Byblos,3935,8,10,2024,Tuesday,2.2,1.7000000000000002,36–50
20,2024-10-31,17,705,1,C001,Hamra,Ice Cream 2 Scoops,Desserts,4.0,1.2,F,18,Zahle,4267,31,10,2024,Thursday,4.0,2.8,16–25
1288,2024-01-07,8,701,1,C053,Hamra,Nutella Crepe,Desserts,5.5,1.8,F,46,Batroun,86,7,1,2024,Sunday,5.5,3.7,36–50
550,2024-11-09,12,103,1,C022,Hamra,Blonde Coffee,Coffee,2.2,0.5,F,32,Tyre,4388,9,11,2024,Saturday,2.2,1.7000000000000002,26–35
4733,2024-10-31,12,604,1,C189,Hamra,Tabbouleh,Salads,5.5,2.0,F,43,Tripoli,4262,31,10,2024,Thursday,5.5,3.5,36–50
3765,2024-04-12,20,408,3,C150,Hamra,Fries,Appetizers,3.0,0.7,M,46,Zahle,1442,12,4,2024,Friday,9.0,6.8999999999999995,36–50
4416,2024-11-04,9,110,1,C178,Hamra,Sahlab,Hot Drinks,4.0,1.0,F,33,Zahle,4315,4,11,2024,Monday,4.0,3.0,26–35
383,2024-07-11,18,406,1,C016,Hamra,Kaak with Cheese,Bakery,3.5,0.8,M,50,Zahle,2700,11,7,2024,Thursday,3.5,2.7,36–50
3916,2024-08-28,10,205,1,C156,Hamra,Mate,Tea,2.5,0.5,M,52,Jounieh,3364,28,8,2024,Wednesday,2.5,2.0,50+
2985,2024-03-02,18,107,1,C119,Hamra,Mocha,Coffee,4.5,0.9,F,42,Tyre,866,2,3,2024,Saturday,4.5,3.6,36–50
2147,2024-01-17,19,411,1,C086,Hamra,Mutabbal,Appetizers,4.2,1.2,M,33,Tripoli,237,17,1,2024,Wednesday,4.2,3.0,26–35
4935,2024-06-19,8,204,1,C198,Hamra,Chamomile Tea,Tea,2.5,0.5,F,29,Tyre,2382,19,6,2024,Wednesday,2.5,2.0,26–35
1002,2024-01-25,8,701,2,C042,Hamra,Nutella Crepe,Desserts,5.5,1.8,F,26,Tripoli,338,25,1,2024,Thursday,11.0,7.4,26–35
4859,2024-09-07,13,204,1,C194,Hamra,Chamomile Tea,Tea,2.5,0.5,F,18,Jounieh,3507,7,9,2024,Saturday,2.5,2.0,16–25
1777,2024-09-09,19,103,2,C071,Hamra,Blonde Coffee,Coffee,2.2,0.5,F,29,Byblos,3541,9,9,2024,Monday,4.4,3.4000000000000004,26–35
2948,2024-07-25,7,702,1,C117,Hamra,Lotus Crepe,Desserts,5.8,1.9,F,49,Zahle,2885,25,7,2024,Thursday,5.8,3.9,36–50
4071,2024-01-29,13,706,3,C163,Hamra,Honey Pancakes,Desserts,4.5,1.5,F,40,Beirut,399,29,1,2024,Monday,13.5,9.0,36–50
495,2024-04-26,20,604,2,C020,Hamra,Tabbouleh,Salads,5.5,2.0,M,55,Tyre,1638,26,4,2024,Friday,11.0,7.0,50+
2729,2024-10-08,18,703,3,C108,Hamra,Ashta W Banane,Cocktails Specials,7.0,2.5,F,21,Saida,3946,8,10,2024,Tuesday,21.0,13.5,16–25
3229,2024-05-23,20,103,1,C130,Hamra,Blonde Coffee,Coffee,2.2,0.5,F,26,Beirut,2016,23,5,2024,Thursday,2.2,1.7000000000000002,26–35
148,2024-01-25,18,307,1,C007,Hamra,Strawberry Cocktail,Cocktails,6.0,2.0,M,24,Batroun,348,25,1,2024,Thursday,6.0,4.0,16–25
4397,2024-11-05,20,304,2,C177,Hamra,Carrot Juice,Cold Drinks,3.5,1.0,M,23,Saida,4340,5,11,2024,Tuesday,7.0,5.0,16–25
201,2024-06-04,7,410,2,C009,Hamra,Hummus,Appetizers,4.0,1.2,M,21,Beirut,2171,4,6,2024,Tuesday,8.0,5.6,16–25
649,2024-03-13,20,202,3,C027,Hamra,Mint Tea,Tea,2.2,0.5,F,46,Byblos,1022,13,3,2024,Wednesday,6.6000000000000005,5.1000000000000005,36–50
3227,2024-04-29,12,105,1,C130,Hamra,Café Latte,Coffee,4.0,0.8,F,26,Beirut,1672,29,4,2024,Monday,4.0,3.2,26–35
2143,2024-11-07,9,110,2,C085,Hamra,Sahlab,Hot Drinks,4.0,1.0,F,40,Saida,4357,7,11,2024,Thursday,8.0,6.0,36–50
4900,2024-11-16,14,505,1,C196,Hamra,Turkey Sandwich,Sandwiches,5.5,2.2,F,44,Zahle,4488,16,11,2024,Saturday,5.5,3.3,36–50
1472,2024-04-02,12,408,1,C060,Hamra,Fries,Appetizers,3.0,0.7,F,22,Zahle,1294,2,4,2024,Tuesday,3.0,2.3,16–25
2817,2024-03-26,17,203,1,C112,Hamra,Green Tea,Tea,2.2,0.5,F,46,Tripoli,1201,26,3,2024,Tuesday,2.2,1.7000000000000002,36–50
2167,2024-12-01,8,410,1,C086,Hamra,Hummus,Appetizers,4.0,1.2,M,33,Tripoli,4692,1,12,2024,Sunday,4.0,2.8,26–35
4398,2024-12-29,14,704,3,C177,Hamra,Mafroukeh Dessert,Desserts,6.5,2.5,M,23,Saida,5090,29,12,2024,Sunday,19.5,12.0,16–25
3226,2024-04-27,11,407,1,C130,Hamra,Cheese Rolls,Appetizers,4.5,1.0,F,26,Beirut,1643,27,4,2024,Saturday,4.5,3.5,26–35
3667,2024-08-20,14,201,1,C145,Hamra,Tea,Tea,2.0,0.4,F,55,Saida,3256,20,8,2024,Tuesday,2.0,1.6,50+
2074,2024-07-17,14,701,1,C083,Hamra,Nutella Crepe,Desserts,5.5,1.8,M,47,Byblos,2780,17,7,2024,Wednesday,5.5,3.7,36–50
2624,2024-07-24,12,502,1,C104,Hamra,Chicken Sub Sandwich,Sandwiches,7.0,3.0,F,36,Jounieh,2876,24,7,2024,Wednesday,7.0,4.0,36–50
2217,2024-12-04,8,309,1,C088,Hamra,Chocolate Milkshake,Shakes,5.5,1.8,F,56,Beirut,4734,4,12,2024,Wednesday,5.5,3.7,50+
496,2024-05-26,14,410,1,C020,Hamra,Hummus,Appetizers,4.0,1.2,M,55,Tyre,2052,26,5,2024,Sunday,4.0,2.8,50+
3157,2024-09-27,17,304,1,C126,Hamra,Carrot Juice,Cold Drinks,3.5,1.0,M,59,Jounieh,3791,27,9,2024,Friday,3.5,2.5,50+
2458,2024-05-18,12,106,2,C098,Hamra,Cappuccino,Coffee,3.5,0.7,M,33,Tripoli,1938,18,5,2024,Saturday,7.0,5.6,26–35
4006,2024-06-29,12,504,3,C160,Hamra,Halloumi Sandwich,Sandwiches,6.0,2.0,M,20,Beirut,2526,29,6,2024,Saturday,18.0,12.0,16–25
1242,2024-01-30,14,603,1,C051,Hamra,Fattoush,Salads,5.5,2.0,F,48,Tripoli,414,30,1,2024,Tuesday,5.5,3.5,36–50
2203,2024-02-26,7,602,1,C088,Hamra,Greek Salad,Salads,6.5,2.8,F,56,Beirut,785,26,2,2024,Monday,6.5,3.7,50+
4237,2024-08-19,8,506,1,C170,Hamra,Steak Sandwich,Sandwiches,9.0,4.0,F,23,Tripoli,3236,19,8,2024,Monday,9.0,5.0,16–25
1562,2024-05-25,18,410,2,C063,Hamra,Hummus,Appetizers,4.0,1.2,F,32,Byblos,2042,25,5,2024,Saturday,8.0,5.6,26–35
2224,2024-02-17,18,104,1,C089,Hamra,Americano,Coffee,3.0,0.6,F,21,Saida,670,17,2,2024,Saturday,3.0,2.4,16–25
4726,2024-07-12,15,408,1,C189,Hamra,Fries,Appetizers,3.0,0.7,F,43,Tripoli,2711,12,7,2024,Friday,3.0,2.3,36–50
4752,2024-08-11,17,203,1,C190,Hamra,Green Tea,Tea,2.2,0.5,M,30,Beirut,3133,11,8,2024,Sunday,2.2,1.7000000000000002,26–35
3250,2024-05-15,18,411,3,C131,Hamra,Mutabbal,Appetizers,4.2,1.2,F,59,Byblos,1902,15,5,2024,Wednesday,12.600000000000001,9.0,50+
2222,2024-01-22,14,601,1,C089,Hamra,Chicken Caesar Salad,Salads,7.5,3.2,F,21,Saida,302,22,1,2024,Monday,7.5,4.3,16–25
2290,2024-01-06,18,304,1,C092,Hamra,Carrot Juice,Cold Drinks,3.5,1.0,F,32,Batroun,82,6,1,2024,Saturday,3.5,2.5,26–35
1898,2024-07-22,13,601,3,C076,Hamra,Chicken Caesar Salad,Salads,7.5,3.2,M,40,Saida,2849,22,7,2024,Monday,22.5,12.899999999999999,36–50
639,2024-08-26,13,202,1,C026,Hamra,Mint Tea,Tea,2.2,0.5,M,28,Beirut,3339,26,8,2024,Monday,2.2,1.7000000000000002,26–35
4365,2024-07-03,11,201,2,C176,Hamra,Tea,Tea,2.0,0.4,M,24,Jounieh,2581,3,7,2024,Wednesday,4.0,3.2,16–25
2735,2024-12-25,8,106,1,C108,Hamra,Cappuccino,Coffee,3.5,0.7,F,21,Saida,5028,25,12,2024,Wednesday,3.5,2.8,16–25
182,2024-10-18,17,202,3,C008,Hamra,Mint Tea,Tea,2.2,0.5,F,49,Byblos,4085,18,10,2024,Friday,6.6000000000000005,5.1000000000000005,36–50
3322,2024-11-30,12,402,1,C133,Hamra,Zaatar Manoushe,Manakish,3.5,0.5,M,41,Beirut,4682,30,11,2024,Saturday,3.5,3.0,36–50
3495,2024-08-07,16,505,2,C139,Hamra,Turkey Sandwich,Sandwiches,5.5,2.2,M,33,Saida,3076,7,8,2024,Wednesday,11.0,6.6,26–35
1014,2024-04-25,9,310,1,C042,Hamra,Strawberry Milkshake,Shakes,5.5,1.8,F,26,Tripoli,1613,25,4,2024,Thursday,5.5,3.7,26–35
3003,2024-11-08,10,506,2,C119,Hamra,Steak Sandwich,Sandwiches,9.0,4.0,F,42,Tyre,4372,8,11,2024,Friday,18.0,10.0,36–50
4207,2024-02-18,19,103,1,C169,Hamra,Blonde Coffee,Coffee,2.2,0.5,M,24,Tyre,685,18,2,2024,Sunday,2.2,1.7000000000000002,16–25
2719,2024-06-21,16,103,1,C108,Hamra,Blonde Coffee,Coffee,2.2,0.5,F,21,Saida,2418,21,6,2024,Friday,2.2,1.7000000000000002,16–25
3708,2024-03-22,18,305,2,C147,Hamra,Avocado Shake Cocktails,Shakes,6.0,2.2,M,31,Saida,1146,22,3,2024,Friday,12.0,7.6,26–35
4374,2024-11-17,17,403,1,C176,Hamra,Cheese Manoushe,Manakish,4.5,0.8,M,24,Jounieh,4505,17,11,2024,Sunday,4.5,3.7,16–25
4502,2024-11-28,8,308,1,C181,Hamra,Banane Avocat,Cocktails,6.5,2.5,F,60,Tripoli,4650,28,11,2024,Thursday,6.5,4.0,50+
4538,2024-02-14,20,701,1,C183,Hamra,Nutella Crepe,Desserts,5.5,1.8,M,23,Saida,630,14,2,2024,Wednesday,5.5,3.7,16–25
3025,2024-11-30,8,103,2,C120,Hamra,Blonde Coffee,Coffee,2.2,0.5,F,50,Zahle,4678,30,11,2024,Saturday,4.4,3.4000000000000004,36–50
4711,2024-01-20,18,506,1,C189,Hamra,Steak Sandwich,Sandwiches,9.0,4.0,F,43,Tripoli,278,20,1,2024,Saturday,9.0,5.0,36–50
4007,2024-08-08,14,309,2,C160,Hamra,Chocolate Milkshake,Shakes,5.5,1.8,M,20,Beirut,3088,8,8,2024,Thursday,11.0,7.4,16–25
1115,2024-05-02,14,601,1,C046,Hamra,Chicken Caesar Salad,Salads,7.5,3.2,F,60,Saida,1716,2,5,2024,Thursday,7.5,4.3,50+
2303,2024-08-21,16,504,1,C092,Hamra,Halloumi Sandwich,Sandwiches,6.0,2.0,F,32,Batroun,3272,21,8,2024,Wednesday,6.0,4.0,26–35
4107,2024-08-08,12,106,1,C164,Hamra,Cappuccino,Coffee,3.5,0.7,F,53,Batroun,3086,8,8,2024,Thursday,3.5,2.8,50+
3696,2024-11-18,19,305,1,C146,Hamra,Avocado Shake Cocktails,Shakes,6.0,2.2,M,27,Beirut,4521,18,11,2024,Monday,6.0,3.8,26–35
1859,2024-12-04,11,201,1,C074,Hamra,Tea,Tea,2.0,0.4,M,29,Saida,4737,4,12,2024,Wednesday,2.0,1.6,26–35
2385,2024-01-03,14,407,1,C096,Hamra,Cheese Rolls,Appetizers,4.5,1.0,M,46,Zahle,36,3,1,2024,Wednesday,4.5,3.5,36–50
436,2024-06-30,10,402,1,C018,Hamra,Zaatar Manoushe,Manakish,3.5,0.5,M,19,Tripoli,2538,30,6,2024,Sunday,3.5,3.0,16–25
3529,2024-07-24,17,306,3,C140,Hamra,Mango Cocktail,Cocktails,6.0,2.2,F,50,Tripoli,2881,24,7,2024,Wednesday,18.0,11.399999999999999,36–50
2912,2024-11-15,10,602,1,C115,Hamra,Greek Salad,Salads,6.5,2.8,F,36,Byblos,4470,15,11,2024,Friday,6.5,3.7,36–50
1789,2024-02-09,11,701,1,C072,Hamra,Nutella Crepe,Desserts,5.5,1.8,F,59,Jounieh,551,9,2,2024,Friday,5.5,3.7,50+
1111,2024-02-28,7,703,1,C046,Hamra,Ashta W Banane,Cocktails Specials,7.0,2.5,F,60,Saida,813,28,2,2024,Wednesday,7.0,4.5,50+
4539,2024-03-02,7,203,1,C183,Hamra,Green Tea,Tea,2.2,0.5,M,23,Saida,855,2,3,2024,Saturday,2.2,1.7000000000000002,16–25
921,2024-05-11,8,307,1,C038,Hamra,Strawberry Cocktail,Cocktails,6.0,2.0,F,39,Saida,1836,11,5,2024,Saturday,6.0,4.0,36–50
3218,2024-02-29,20,410,1,C130,Hamra,Hummus,Appetizers,4.0,1.2,F,26,Beirut,840,29,2,2024,Thursday,4.0,2.8,26–35
214,2024-11-26,14,605,2,C009,Hamra,Halloumi Salad,Salads,6.8,2.9,M,21,Beirut,4628,26,11,2024,Tuesday,13.6,7.8,16–25
2714,2024-05-01,13,307,1,C108,Hamra,Strawberry Cocktail,Cocktails,6.0,2.0,F,21,Saida,1701,1,5,2024,Wednesday,6.0,4.0,16–25
3300,2024-04-16,16,403,1,C133,Hamra,Cheese Manoushe,Manakish,4.5,0.8,M,41,Beirut,1494,16,4,2024,Tuesday,4.5,3.7,36–50
2454,2024-04-05,15,306,1,C098,Hamra,Mango Cocktail,Cocktails,6.0,2.2,M,33,Tripoli,1339,5,4,2024,Friday,6.0,3.8,26–35
485,2024-12-12,11,604,1,C019,Hamra,Tabbouleh,Salads,5.5,2.0,M,43,Tripoli,4849,12,12,2024,Thursday,5.5,3.5,36–50
1773,2024-08-22,8,303,1,C071,Hamra,Fresh Orange Juice,Cold Drinks,3.5,1.0,F,29,Byblos,3278,22,8,2024,Thursday,3.5,2.5,26–35
939,2024-03-02,13,406,1,C039,Hamra,Kaak with Cheese,Bakery,3.5,0.8,M,49,Batroun,861,2,3,2024,Saturday,3.5,2.7,36–50
1029,2024-09-12,14,604,1,C042,Hamra,Tabbouleh,Salads,5.5,2.0,F,26,Tripoli,3578,12,9,2024,Thursday,5.5,3.5,26–35
3653,2024-02-18,18,501,1,C145,Hamra,Shish Tawouk Sandwich,Sandwiches,6.5,2.5,F,55,Saida,684,18,2,2024,Sunday,6.5,4.0,50+
4789,2024-12-13,13,306,2,C191,Hamra,Mango Cocktail,Cocktails,6.0,2.2,M,60,Byblos,4865,13,12,2024,Friday,12.0,7.6,50+
2258,2024-06-07,20,204,1,C090,Hamra,Chamomile Tea,Tea,2.5,0.5,F,20,Beirut,2226,7,6,2024,Friday,2.5,2.0,16–25
4318,2024-05-03,13,310,1,C174,Hamra,Strawberry Milkshake,Shakes,5.5,1.8,M,20,Tyre,1729,3,5,2024,Friday,5.5,3.7,16–25
2705,2024-11-12,18,402,1,C107,Hamra,Zaatar Manoushe,Manakish,3.5,0.5,M,18,Tyre,4436,12,11,2024,Tuesday,3.5,3.0,16–25
3731,2024-07-25,20,504,1,C148,Hamra,Halloumi Sandwich,Sandwiches,6.0,2.0,M,19,Beirut,2898,25,7,2024,Thursday,6.0,4.0,16–25
4925,2024-02-17,11,308,1,C198,Hamra,Banane Avocat,Cocktails,6.5,2.5,F,29,Tyre,663,17,2,2024,Saturday,6.5,4.0,26–35
3397,2024-05-15,8,406,1,C136,Hamra,Kaak with Cheese,Bakery,3.5,0.8,M,42,Saida,1892,15,5,2024,Wednesday,3.5,2.7,36–50
2409,2024-07-19,12,605,2,C096,Hamra,Halloumi Salad,Salads,6.8,2.9,M,46,Zahle,2806,19,7,2024,Friday,13.6,7.8,36–50
3715,2024-09-06,10,404,1,C147,Hamra,Keshek Manoushe,Manakish,4.0,0.7,M,31,Saida,3490,6,9,2024,Friday,4.0,3.3,26–35
783,2024-11-09,16,605,1,C032,Hamra,Halloumi Salad,Salads,6.8,2.9,M,49,Beirut,4392,9,11,2024,Saturday,6.8,3.9,36–50
3161,2024-12-22,8,405,1,C126,Hamra,Lahm Baajin,Manakish,5.0,1.2,M,59,Jounieh,4986,22,12,2024,Sunday,5.0,3.8,50+
3718,2024-11-13,18,704,1,C147,Hamra,Mafroukeh Dessert,Desserts,6.5,2.5,M,31,Saida,4450,13,11,2024,Wednesday,6.5,4.0,26–35
598,2024-10-21,15,401,1,C024,Hamra,Croissant,Bakery,3.0,0.8,M,18,Tripoli,4125,21,10,2024,Monday,3.0,2.2,16–25
599,2024-11-09,13,305,1,C024,Hamra,Avocado Shake Cocktails,Shakes,6.0,2.2,M,18,Tripoli,4389,9,11,2024,Saturday,6.0,3.8,16–25
4574,2024-07-27,12,502,1,C184,Hamra,Chicken Sub Sandwich,Sandwiches,7.0,3.0,M,25,Batroun,2918,27,7,2024,Saturday,7.0,4.0,16–25
3031,2024-12-20,18,304,1,C120,Hamra,Carrot Juice,Cold Drinks,3.5,1.0,F,50,Zahle,4968,20,12,2024,Friday,3.5,2.5,36–50
443,2024-07-29,11,402,1,C018,Hamra,Zaatar Manoushe,Manakish,3.5,0.5,M,19,Tripoli,2945,29,7,2024,Monday,3.5,3.0,16–25
3528,2024-07-10,9,310,2,C140,Hamra,Strawberry Milkshake,Shakes,5.5,1.8,F,50,Tripoli,2677,10,7,2024,Wednesday,11.0,7.4,36–50
981,2024-02-13,18,504,1,C041,Hamra,Halloumi Sandwich,Sandwiches,6.0,2.0,M,42,Tyre,614,13,2,2024,Tuesday,6.0,4.0,36–50
2172,2024-01-29,16,502,1,C087,Hamra,Chicken Sub Sandwich,Sandwiches,7.0,3.0,F,60,Batroun,402,29,1,2024,Monday,7.0,4.0,50+
4355,2024-02-28,16,705,2,C176,Hamra,Ice Cream 2 Scoops,Desserts,4.0,1.2,M,24,Jounieh,822,28,2,2024,Wednesday,8.0,5.6,16–25
2049,2024-03-11,10,308,2,C082,Hamra,Banane Avocat,Cocktails,6.5,2.5,M,37,Tripoli,984,11,3,2024,Monday,13.0,8.0,36–50
4797,2024-04-01,9,404,2,C192,Hamra,Keshek Manoushe,Manakish,4.0,0.7,F,27,Tripoli,1277,1,4,2024,Monday,8.0,6.6,26–35
3638,2024-09-21,18,205,1,C144,Hamra,Mate,Tea,2.5,0.5,F,39,Batroun,3708,21,9,2024,Saturday,2.5,2.0,36–50
3798,2024-08-07,17,103,2,C151,Hamra,Blonde Coffee,Coffee,2.2,0.5,M,21,Saida,3077,7,8,2024,Wednesday,4.4,3.4000000000000004,16–25
4170,2024-08-02,14,110,1,C167,Hamra,Sahlab,Hot Drinks,4.0,1.0,F,25,Jounieh,3004,2,8,2024,Friday,4.0,3.0,16–25
803,2024-10-03,9,205,1,C033,Hamra,Mate,Tea,2.5,0.5,M,33,Batroun,3867,3,10,2024,Thursday,2.5,2.0,26–35
582,2024-03-04,13,301,1,C024,Hamra,Lemonade,Cold Drinks,3.0,0.8,M,18,Tripoli,889,4,3,2024,Monday,3.0,2.2,16–25
1522,2024-12-11,13,302,2,C061,Hamra,Lemonade Mint,Cold Drinks,3.5,1.0,F,34,Zahle,4837,11,12,2024,Wednesday,7.0,5.0,26–35
1369,2024-10-18,13,304,1,C055,Hamra,Carrot Juice,Cold Drinks,3.5,1.0,F,44,Tyre,4081,18,10,2024,Friday,3.5,2.5,36–50
4730,2024-09-01,19,201,1,C189,Hamra,Tea,Tea,2.0,0.4,F,43,Tripoli,3429,1,9,2024,Sunday,2.0,1.6,36–50
2090,2024-03-02,13,701,1,C084,Hamra,Nutella Crepe,Desserts,5.5,1.8,M,53,Batroun,861,2,3,2024,Saturday,5.5,3.7,50+
4201,2024-11-27,20,105,1,C168,Hamra,Café Latte,Coffee,4.0,0.8,F,47,Tyre,4648,27,11,2024,Wednesday,4.0,3.2,36–50
4635,2024-06-18,8,105,2,C186,Hamra,Café Latte,Coffee,4.0,0.8,F,34,Beirut,2368,18,6,2024,Tuesday,8.0,6.4,26–35
2998,2024-09-25,16,204,1,C119,Hamra,Chamomile Tea,Tea,2.5,0.5,F,42,Tyre,3762,25,9,2024,Wednesday,2.5,2.0,36–50
1805,2024-09-23,9,703,1,C072,Hamra,Ashta W Banane,Cocktails Specials,7.0,2.5,F,59,Jounieh,3727,23,9,2024,Monday,7.0,4.5,50+
1841,2024-02-23,16,401,2,C074,Hamra,Croissant,Bakery,3.0,0.8,M,29,Saida,752,23,2,2024,Friday,6.0,4.4,26–35
3197,2024-01-16,15,108,1,C129,Hamra,Caramel Latte,Coffee,4.8,1.0,F,58,Byblos,219,16,1,2024,Tuesday,4.8,3.8,50+
2123,2024-01-08,9,105,1,C085,Hamra,Café Latte,Coffee,4.0,0.8,F,40,Saida,101,8,1,2024,Monday,4.0,3.2,36–50
3834,2024-04-13,8,107,2,C153,Hamra,Mocha,Coffee,4.5,0.9,M,41,Jounieh,1444,13,4,2024,Saturday,9.0,7.2,36–50
2393,2024-02-28,15,301,3,C096,Hamra,Lemonade,Cold Drinks,3.0,0.8,M,46,Zahle,821,28,2,2024,Wednesday,9.0,6.6000000000000005,36–50
1309,2024-11-08,19,204,2,C053,Hamra,Chamomile Tea,Tea,2.5,0.5,F,46,Batroun,4381,8,11,2024,Friday,5.0,4.0,36–50
4714,2024-02-09,16,501,1,C189,Hamra,Shish Tawouk Sandwich,Sandwiches,6.5,2.5,F,43,Tripoli,556,9,2,2024,Friday,6.5,4.0,36–50
4324,2024-08-24,15,505,1,C174,Hamra,Turkey Sandwich,Sandwiches,5.5,2.2,M,20,Tyre,3313,24,8,2024,Saturday,5.5,3.3,16–25
2764,2024-04-03,10,104,1,C110,Hamra,Americano,Coffee,3.0,0.6,M,55,Batroun,1306,3,4,2024,Wednesday,3.0,2.4,50+
1483,2024-08-09,20,411,1,C060,Hamra,Mutabbal,Appetizers,4.2,1.2,F,22,Zahle,3108,9,8,2024,Friday,4.2,3.0,16–25
1258,2024-07-22,18,701,1,C051,Hamra,Nutella Crepe,Desserts,5.5,1.8,F,48,Tripoli,2854,22,7,2024,Monday,5.5,3.7,36–50
3044,2024-05-17,15,302,1,C121,Hamra,Lemonade Mint,Cold Drinks,3.5,1.0,F,53,Batroun,1927,17,5,2024,Friday,3.5,2.5,50+
1829,2024-10-26,9,605,2,C073,Hamra,Halloumi Salad,Salads,6.8,2.9,F,54,Saida,4189,26,10,2024,Saturday,13.6,7.8,50+
4367,2024-07-25,13,411,1,C176,Hamra,Mutabbal,Appetizers,4.2,1.2,M,24,Jounieh,2891,25,7,2024,Thursday,4.2,3.0,16–25
4202,2024-12-01,13,106,1,C168,Hamra,Cappuccino,Coffee,3.5,0.7,F,47,Tyre,4697,1,12,2024,Sunday,3.5,2.8,36–50
151,2024-03-21,17,301,1,C007,Hamra,Lemonade,Cold Drinks,3.0,0.8,M,24,Batroun,1131,21,3,2024,Thursday,3.0,2.2,16–25
1877,2024-08-05,14,404,1,C075,Hamra,Keshek Manoushe,Manakish,4.0,0.7,M,58,Saida,3046,5,8,2024,Monday,4.0,3.3,50+
463,2024-01-02,16,411,3,C019,Hamra,Mutabbal,Appetizers,4.2,1.2,M,43,Tripoli,24,2,1,2024,Tuesday,12.600000000000001,9.0,36–50
3596,2024-06-26,10,502,1,C143,Hamra,Chicken Sub Sandwich,Sandwiches,7.0,3.0,M,36,Saida,2482,26,6,2024,Wednesday,7.0,4.0,36–50
1754,2024-12-11,9,501,1,C070,Hamra,Shish Tawouk Sandwich,Sandwiches,6.5,2.5,F,27,Byblos,4833,11,12,2024,Wednesday,6.5,4.0,26–35
4732,2024-10-05,9,701,1,C189,Hamra,Nutella Crepe,Desserts,5.5,1.8,F,43,Tripoli,3895,5,10,2024,Saturday,5.5,3.7,36–50
1384,2024-05-25,18,701,1,C056,Hamra,Nutella Crepe,Desserts,5.5,1.8,F,26,Batroun,2042,25,5,2024,Saturday,5.5,3.7,26–35
3473,2024-11-13,11,110,1,C138,Hamra,Sahlab,Hot Drinks,4.0,1.0,F,55,Tyre,4443,13,11,2024,Wednesday,4.0,3.0,50+
4322,2024-08-11,17,505,2,C174,Hamra,Turkey Sandwich,Sandwiches,5.5,2.2,M,20,Tyre,3133,11,8,2024,Sunday,11.0,6.6,16–25
1992,2024-03-02,20,411,1,C080,Hamra,Mutabbal,Appetizers,4.2,1.2,F,40,Saida,868,2,3,2024,Saturday,4.2,3.0,36–50
2750,2024-10-20,7,404,1,C109,Hamra,Keshek Manoushe,Manakish,4.0,0.7,M,29,Jounieh,4103,20,10,2024,Sunday,4.0,3.3,26–35
4603,2024-08-26,16,204,1,C185,Hamra,Chamomile Tea,Tea,2.5,0.5,M,39,Saida,3342,26,8,2024,Monday,2.5,2.0,36–50
844,2024-07-13,9,104,2,C035,Hamra,Americano,Coffee,3.0,0.6,M,33,Byblos,2719,13,7,2024,Saturday,6.0,4.8,26–35
1798,2024-06-14,20,602,2,C072,Hamra,Greek Salad,Salads,6.5,2.8,F,59,Jounieh,2324,14,6,2024,Friday,13.0,7.4,50+
2301,2024-08-09,12,506,1,C092,Hamra,Steak Sandwich,Sandwiches,9.0,4.0,F,32,Batroun,3100,9,8,2024,Friday,9.0,5.0,26–35
57,2024-03-01,9,411,1,C003,Hamra,Mutabbal,Appetizers,4.2,1.2,F,51,Batroun,843,1,3,2024,Friday,4.2,3.0,50+
1629,2024-05-08,11,703,2,C066,Hamra,Ashta W Banane,Cocktails Specials,7.0,2.5,M,22,Zahle,1797,8,5,2024,Wednesday,14.0,9.0,16–25
4491,2024-06-21,15,603,2,C181,Hamra,Fattoush,Salads,5.5,2.0,F,60,Tripoli,2417,21,6,2024,Friday,11.0,7.0,50+
1270,2024-06-04,8,203,2,C052,Hamra,Green Tea,Tea,2.2,0.5,F,28,Jounieh,2172,4,6,2024,Tuesday,4.4,3.4000000000000004,26–35
2317,2024-04-19,17,604,2,C093,Hamra,Tabbouleh,Salads,5.5,2.0,F,27,Byblos,1537,19,4,2024,Friday,11.0,7.0,26–35
4498,2024-09-25,8,303,1,C181,Hamra,Fresh Orange Juice,Cold Drinks,3.5,1.0,F,60,Tripoli,3754,25,9,2024,Wednesday,3.5,2.5,50+
4531,2024-12-21,18,408,1,C182,Hamra,Fries,Appetizers,3.0,0.7,F,55,Zahle,4982,21,12,2024,Saturday,3.0,2.3,50+
1160,2024-10-04,12,306,2,C047,Hamra,Mango Cocktail,Cocktails,6.0,2.2,M,24,Jounieh,3884,4,10,2024,Friday,12.0,7.6,16–25
58,2024-03-14,12,301,3,C003,Hamra,Lemonade,Cold Drinks,3.0,0.8,F,51,Batroun,1028,14,3,2024,Thursday,9.0,6.6000000000000005,50+
4824,2024-07-25,17,205,1,C193,Hamra,Mate,Tea,2.5,0.5,M,48,Byblos,2895,25,7,2024,Thursday,2.5,2.0,36–50
3604,2024-10-05,17,105,1,C143,Hamra,Café Latte,Coffee,4.0,0.8,M,36,Saida,3903,5,10,2024,Saturday,4.0,3.2,36–50
2114,2024-11-21,14,106,3,C084,Hamra,Cappuccino,Coffee,3.5,0.7,M,53,Batroun,4558,21,11,2024,Thursday,10.5,8.399999999999999,50+
832,2024-12-05,18,502,1,C034,Hamra,Chicken Sub Sandwich,Sandwiches,7.0,3.0,F,50,Byblos,4758,5,12,2024,Thursday,7.0,4.0,36–50
1239,2024-12-22,19,103,2,C050,Hamra,Blonde Coffee,Coffee,2.2,0.5,M,38,Jounieh,4997,22,12,2024,Sunday,4.4,3.4000000000000004,36–50
805,2024-12-05,17,701,1,C033,Hamra,Nutella Crepe,Desserts,5.5,1.8,M,33,Batroun,4757,5,12,2024,Thursday,5.5,3.7,26–35
1818,2024-07-22,20,202,1,C073,Hamra,Mint Tea,Tea,2.2,0.5,F,54,Saida,2856,22,7,2024,Monday,2.2,1.7000000000000002,50+
65,2024-06-09,8,411,1,C003,Hamra,Mutabbal,Appetizers,4.2,1.2,F,51,Batroun,2242,9,6,2024,Sunday,4.2,3.0,50+
28,2024-01-28,15,408,1,C002,Hamra,Fries,Appetizers,3.0,0.7,F,37,Zahle,387,28,1,2024,Sunday,3.0,2.3,36–50
3283,2024-09-13,8,411,1,C132,Hamra,Mutabbal,Appetizers,4.2,1.2,M,33,Tyre,3586,13,9,2024,Friday,4.2,3.0,26–35
379,2024-06-13,19,408,1,C016,Hamra,Fries,Appetizers,3.0,0.7,M,50,Zahle,2309,13,6,2024,Thursday,3.0,2.3,36–50
4509,2024-03-03,7,406,2,C182,Hamra,Kaak with Cheese,Bakery,3.5,0.8,F,55,Zahle,869,3,3,2024,Sunday,7.0,5.4,50+
788,2024-01-22,16,306,3,C033,Hamra,Mango Cocktail,Cocktails,6.0,2.2,M,33,Batroun,304,22,1,2024,Monday,18.0,11.399999999999999,26–35
194,2024-03-10,8,402,1,C009,Hamra,Zaatar Manoushe,Manakish,3.5,0.5,M,21,Beirut,968,10,3,2024,Sunday,3.5,3.0,16–25
1404,2024-04-05,18,402,1,C057,Hamra,Zaatar Manoushe,Manakish,3.5,0.5,M,37,Batroun,1342,5,4,2024,Friday,3.5,3.0,36–50
968,2024-06-11,13,108,1,C040,Hamra,Caramel Latte,Coffee,4.8,1.0,F,26,Beirut,2275,11,6,2024,Tuesday,4.8,3.8,26–35
1267,2024-03-19,14,501,1,C052,Hamra,Shish Tawouk Sandwich,Sandwiches,6.5,2.5,F,28,Jounieh,1100,19,3,2024,Tuesday,6.5,4.0,26–35
366,2024-01-05,11,407,1,C016,Hamra,Cheese Rolls,Appetizers,4.5,1.0,M,50,Zahle,61,5,1,2024,Friday,4.5,3.5,36–50
3414,2024-11-11,12,401,1,C136,Hamra,Croissant,Bakery,3.0,0.8,M,42,Saida,4416,11,11,2024,Monday,3.0,2.2,36–50
2180,2024-04-29,18,102,1,C087,Hamra,Turkish Coffee,Coffee,2.0,0.4,F,60,Batroun,1678,29,4,2024,Monday,2.0,1.6,50+
1489,2024-10-28,7,202,1,C060,Hamra,Mint Tea,Tea,2.2,0.5,F,22,Zahle,4215,28,10,2024,Monday,2.2,1.7000000000000002,16–25
4104,2024-06-26,12,307,1,C164,Hamra,Strawberry Cocktail,Cocktails,6.0,2.0,F,53,Batroun,2484,26,6,2024,Wednesday,6.0,4.0,50+
68,2024-06-24,18,302,2,C003,Hamra,Lemonade Mint,Cold Drinks,3.5,1.0,F,51,Batroun,2462,24,6,2024,Monday,7.0,5.0,50+
358,2024-08-04,14,107,1,C015,Hamra,Mocha,Coffee,4.5,0.9,F,52,Zahle,3032,4,8,2024,Sunday,4.5,3.6,50+
2557,2024-02-25,19,601,2,C102,Hamra,Chicken Caesar Salad,Salads,7.5,3.2,M,29,Tripoli,783,25,2,2024,Sunday,15.0,8.6,26–35
579,2024-12-31,9,104,3,C023,Hamra,Americano,Coffee,3.0,0.6,M,18,Saida,5113,31,12,2024,Tuesday,9.0,7.199999999999999,16–25
3257,2024-07-05,17,501,3,C131,Hamra,Shish Tawouk Sandwich,Sandwiches,6.5,2.5,F,59,Byblos,2615,5,7,2024,Friday,19.5,12.0,50+
3965,2024-08-19,7,502,3,C158,Hamra,Chicken Sub Sandwich,Sandwiches,7.0,3.0,F,26,Batroun,3235,19,8,2024,Monday,21.0,12.0,26–35
4301,2024-09-11,17,407,1,C173,Hamra,Cheese Rolls,Appetizers,4.5,1.0,F,31,Tripoli,3567,11,9,2024,Wednesday,4.5,3.5,26–35
408,2024-04-13,10,201,1,C017,Hamra,Tea,Tea,2.0,0.4,M,34,Byblos,1446,13,4,2024,Saturday,2.0,1.6,26–35
2867,2024-03-17,7,101,1,C114,Hamra,Espresso,Coffee,2.5,0.5,F,50,Byblos,1065,17,3,2024,Sunday,2.5,2.0,36–50
4641,2024-08-17,20,310,2,C186,Hamra,Strawberry Milkshake,Shakes,5.5,1.8,F,34,Beirut,3220,17,8,2024,Saturday,11.0,7.4,26–35
1439,2024-09-14,14,506,2,C058,Hamra,Steak Sandwich,Sandwiches,9.0,4.0,F,22,Tripoli,3606,14,9,2024,Saturday,18.0,10.0,16–25
2778,2024-09-20,11,705,2,C110,Hamra,Ice Cream 2 Scoops,Desserts,4.0,1.2,M,55,Batroun,3687,20,9,2024,Friday,8.0,5.6,50+
4614,2024-11-26,7,309,1,C185,Hamra,Chocolate Milkshake,Shakes,5.5,1.8,M,39,Saida,4621,26,11,2024,Tuesday,5.5,3.7,36–50
3370,2024-06-30,20,706,2,C135,Hamra,Honey Pancakes,Desserts,4.5,1.5,F,20,Byblos,2548,30,6,2024,Sunday,9.0,6.0,16–25
4175,2024-09-12,14,601,1,C167,Hamra,Chicken Caesar Salad,Salads,7.5,3.2,F,25,Jounieh,3578,12,9,2024,Thursday,7.5,4.3,16–25
1946,2024-02-07,15,302,1,C078,Hamra,Lemonade Mint,Cold Drinks,3.5,1.0,M,23,Beirut,527,7,2,2024,Wednesday,3.5,2.5,16–25
4636,2024-06-24,16,108,2,C186,Hamra,Caramel Latte,Coffee,4.8,1.0,F,34,Beirut,2460,24,6,2024,Monday,9.6,7.6,26–35
4558,2024-01-27,8,603,1,C184,Hamra,Fattoush,Salads,5.5,2.0,M,25,Batroun,366,27,1,2024,Saturday,5.5,3.5,16–25
3603,2024-10-02,15,402,3,C143,Hamra,Zaatar Manoushe,Manakish,3.5,0.5,M,36,Saida,3859,2,10,2024,Wednesday,10.5,9.0,36–50
1066,2024-05-19,14,705,1,C044,Hamra,Ice Cream 2 Scoops,Desserts,4.0,1.2,F,20,Zahle,1954,19,5,2024,Sunday,4.0,2.8,16–25
283,2024-10-25,13,303,2,C012,Hamra,Fresh Orange Juice,Cold Drinks,3.5,1.0,F,60,Beirut,4179,25,10,2024,Friday,7.0,5.0,50+
181,2024-10-13,9,402,1,C008,Hamra,Zaatar Manoushe,Manakish,3.5,0.5,F,49,Byblos,4007,13,10,2024,Sunday,3.5,3.0,36–50
1995,2024-03-31,8,307,2,C080,Hamra,Strawberry Cocktail,Cocktails,6.0,2.0,F,40,Saida,1262,31,3,2024,Sunday,12.0,8.0,36–50
983,2024-03-01,13,301,2,C041,Hamra,Lemonade,Cold Drinks,3.0,0.8,M,42,Tyre,847,1,3,2024,Friday,6.0,4.4,36–50
4067,2024-12-30,11,102,3,C162,Hamra,Turkish Coffee,Coffee,2.0,0.4,F,37,Saida,5101,30,12,2024,Monday,6.0,4.800000000000001,36–50
1138,2024-12-12,12,105,1,C046,Hamra,Café Latte,Coffee,4.0,0.8,F,60,Saida,4850,12,12,2024,Thursday,4.0,3.2,50+
706,2024-06-11,10,303,3,C029,Hamra,Fresh Orange Juice,Cold Drinks,3.5,1.0,F,24,Tripoli,2272,11,6,2024,Tuesday,10.5,7.5,16–25
396,2024-12-16,8,103,1,C016,Hamra,Blonde Coffee,Coffee,2.2,0.5,M,50,Zahle,4902,16,12,2024,Monday,2.2,1.7000000000000002,36–50
3304,2024-05-22,15,402,1,C133,Hamra,Zaatar Manoushe,Manakish,3.5,0.5,M,41,Beirut,1997,22,5,2024,Wednesday,3.5,3.0,36–50
113,2024-09-09,9,302,1,C005,Hamra,Lemonade Mint,Cold Drinks,3.5,1.0,M,33,Beirut,3531,9,9,2024,Monday,3.5,2.5,26–35
734,2024-09-25,18,301,2,C030,Hamra,Lemonade,Cold Drinks,3.0,0.8,M,23,Saida,3764,25,9,2024,Wednesday,6.0,4.4,16–25
2951,2024-10-17,20,106,1,C117,Hamra,Cappuccino,Coffee,3.5,0.7,F,49,Zahle,4074,17,10,2024,Thursday,3.5,2.8,36–50
4410,2024-07-05,13,704,2,C178,Hamra,Mafroukeh Dessert,Desserts,6.5,2.5,F,33,Zahle,2611,5,7,2024,Friday,13.0,8.0,26–35
119,2024-10-30,20,107,2,C005,Hamra,Mocha,Coffee,4.5,0.9,M,33,Beirut,4256,30,10,2024,Wednesday,9.0,7.2,26–35
3555,2024-10-17,14,703,1,C141,Hamra,Ashta W Banane,Cocktails Specials,7.0,2.5,F,21,Jounieh,4068,17,10,2024,Thursday,7.0,4.5,16–25
1199,2024-03-26,8,204,3,C049,Hamra,Chamomile Tea,Tea,2.5,0.5,F,35,Tyre,1192,26,3,2024,Tuesday,7.5,6.0,26–35
2235,2024-06-14,20,502,1,C089,Hamra,Chicken Sub Sandwich,Sandwiches,7.0,3.0,F,21,Saida,2324,14,6,2024,Friday,7.0,4.0,16–25
1219,2024-04-23,12,504,2,C050,Hamra,Halloumi Sandwich,Sandwiches,6.0,2.0,M,38,Jounieh,1588,23,4,2024,Tuesday,12.0,8.0,36–50
345,2024-12-21,17,205,1,C014,Hamra,Mate,Tea,2.5,0.5,M,38,Saida,4981,21,12,2024,Saturday,2.5,2.0,36–50
2721,2024-07-01,14,605,1,C108,Hamra,Halloumi Salad,Salads,6.8,2.9,F,21,Saida,2556,1,7,2024,Monday,6.8,3.9,16–25
1123,2024-07-25,13,605,1,C046,Hamra,Halloumi Salad,Salads,6.8,2.9,F,60,Saida,2891,25,7,2024,Thursday,6.8,3.9,50+
2057,2024-09-12,17,701,1,C082,Hamra,Nutella Crepe,Desserts,5.5,1.8,M,37,Tripoli,3581,12,9,2024,Thursday,5.5,3.7,36–50
3152,2024-08-22,9,408,1,C126,Hamra,Fries,Appetizers,3.0,0.7,M,59,Jounieh,3279,22,8,2024,Thursday,3.0,2.3,50+
2119,2024-12-20,7,601,1,C084,Hamra,Chicken Caesar Salad,Salads,7.5,3.2,M,53,Batroun,4957,20,12,2024,Friday,7.5,4.3,50+
809,2024-01-03,20,402,1,C034,Hamra,Zaatar Manoushe,Manakish,3.5,0.5,F,50,Byblos,42,3,1,2024,Wednesday,3.5,3.0,36–50
1772,2024-07-26,12,404,1,C071,Hamra,Keshek Manoushe,Manakish,4.0,0.7,F,29,Byblos,2904,26,7,2024,Friday,4.0,3.3,26–35
4337,2024-07-15,14,501,1,C175,Hamra,Shish Tawouk Sandwich,Sandwiches,6.5,2.5,F,39,Saida,2752,15,7,2024,Monday,6.5,4.0,36–50
1496,2024-12-06,12,105,2,C060,Hamra,Café Latte,Coffee,4.0,0.8,F,22,Zahle,4766,6,12,2024,Friday,8.0,6.4,16–25
1848,2024-05-04,11,404,1,C074,Hamra,Keshek Manoushe,Manakish,4.0,0.7,M,29,Saida,1741,4,5,2024,Saturday,4.0,3.3,26–35
2029,2024-05-17,17,407,2,C081,Hamra,Cheese Rolls,Appetizers,4.5,1.0,M,55,Tripoli,1929,17,5,2024,Friday,9.0,7.0,50+
3504,2024-12-04,18,706,1,C139,Hamra,Honey Pancakes,Desserts,4.5,1.5,M,33,Saida,4744,4,12,2024,Wednesday,4.5,3.0,26–35
2447,2024-01-25,14,106,1,C098,Hamra,Cappuccino,Coffee,3.5,0.7,M,33,Tripoli,344,25,1,2024,Thursday,3.5,2.8,26–35
2269,2024-03-08,8,102,1,C091,Hamra,Turkish Coffee,Coffee,2.0,0.4,M,47,Tyre,940,8,3,2024,Friday,2.0,1.6,36–50
2361,2024-03-01,18,106,1,C095,Hamra,Cappuccino,Coffee,3.5,0.7,M,40,Zahle,852,1,3,2024,Friday,3.5,2.8,36–50
4400,2024-01-29,7,604,1,C178,Hamra,Tabbouleh,Salads,5.5,2.0,F,33,Zahle,393,29,1,2024,Monday,5.5,3.5,26–35
3268,2024-01-19,7,601,1,C132,Hamra,Chicken Caesar Salad,Salads,7.5,3.2,M,33,Tyre,253,19,1,2024,Friday,7.5,4.3,26–35
4213,2024-06-19,20,104,2,C169,Hamra,Americano,Coffee,3.0,0.6,M,24,Tyre,2394,19,6,2024,Wednesday,6.0,4.8,16–25
4658,2024-03-14,10,404,2,C187,Hamra,Keshek Manoushe,Manakish,4.0,0.7,F,18,Tyre,1026,14,3,2024,Thursday,8.0,6.6,16–25
1469,2024-03-01,12,310,1,C060,Hamra,Strawberry Milkshake,Shakes,5.5,1.8,F,22,Zahle,846,1,3,2024,Friday,5.5,3.7,16–25
2851,2024-06-01,19,109,2,C113,Hamra,Hot Chocolate,Hot Drinks,3.8,0.9,F,27,Beirut,2141,1,6,2024,Saturday,7.6,5.8,26–35
2042,2024-10-02,15,103,1,C081,Hamra,Blonde Coffee,Coffee,2.2,0.5,M,55,Tripoli,3859,2,10,2024,Wednesday,2.2,1.7000000000000002,50+
4742,2024-02-17,7,401,1,C190,Hamra,Croissant,Bakery,3.0,0.8,M,30,Beirut,659,17,2,2024,Saturday,3.0,2.2,26–35
2104,2024-07-29,18,701,1,C084,Hamra,Nutella Crepe,Desserts,5.5,1.8,M,53,Batroun,2952,29,7,2024,Monday,5.5,3.7,50+
623,2024-12-08,7,601,2,C025,Hamra,Chicken Caesar Salad,Salads,7.5,3.2,F,25,Beirut,4789,8,12,2024,Sunday,15.0,8.6,16–25
797,2024-05-18,19,402,2,C033,Hamra,Zaatar Manoushe,Manakish,3.5,0.5,M,33,Batroun,1945,18,5,2024,Saturday,7.0,6.0,26–35
472,2024-04-19,19,411,2,C019,Hamra,Mutabbal,Appetizers,4.2,1.2,M,43,Tripoli,1539,19,4,2024,Friday,8.4,6.0,36–50
1411,2024-07-01,11,407,1,C057,Hamra,Cheese Rolls,Appetizers,4.5,1.0,M,37,Batroun,2553,1,7,2024,Monday,4.5,3.5,36–50
348,2024-01-28,16,101,1,C015,Hamra,Espresso,Coffee,2.5,0.5,F,52,Zahle,388,28,1,2024,Sunday,2.5,2.0,50+
992,2024-07-15,11,706,2,C041,Hamra,Honey Pancakes,Desserts,4.5,1.5,M,42,Tyre,2749,15,7,2024,Monday,9.0,6.0,36–50
4910,2024-07-09,11,301,1,C197,Hamra,Lemonade,Cold Drinks,3.0,0.8,M,57,Zahle,2665,9,7,2024,Tuesday,3.0,2.2,50+
1492,2024-11-10,16,704,1,C060,Hamra,Mafroukeh Dessert,Desserts,6.5,2.5,F,22,Zahle,4406,10,11,2024,Sunday,6.5,4.0,16–25
2737,2024-02-20,12,701,1,C109,Hamra,Nutella Crepe,Desserts,5.5,1.8,M,29,Jounieh,706,20,2,2024,Tuesday,5.5,3.7,26–35
2402,2024-05-28,14,201,1,C096,Hamra,Tea,Tea,2.0,0.4,M,46,Zahle,2080,28,5,2024,Tuesday,2.0,1.6,36–50
543,2024-09-24,9,401,1,C022,Hamra,Croissant,Bakery,3.0,0.8,F,32,Tyre,3741,24,9,2024,Tuesday,3.0,2.2,26–35
4248,2024-02-19,15,504,1,C171,Hamra,Halloumi Sandwich,Sandwiches,6.0,2.0,M,27,Byblos,695,19,2,2024,Monday,6.0,4.0,26–35
4010,2024-09-02,19,101,1,C160,Hamra,Espresso,Coffee,2.5,0.5,M,20,Beirut,3443,2,9,2024,Monday,2.5,2.0,16–25
3543,2024-04-22,7,401,1,C141,Hamra,Croissant,Bakery,3.0,0.8,F,21,Jounieh,1569,22,4,2024,Monday,3.0,2.2,16–25
4148,2024-06-18,10,403,1,C166,Hamra,Cheese Manoushe,Manakish,4.5,0.8,F,48,Beirut,2370,18,6,2024,Tuesday,4.5,3.7,36–50
634,2024-06-14,15,706,1,C026,Hamra,Honey Pancakes,Desserts,4.5,1.5,M,28,Beirut,2319,14,6,2024,Friday,4.5,3.0,26–35
3291,2024-01-14,20,109,1,C133,Hamra,Hot Chocolate,Hot Drinks,3.8,0.9,M,41,Beirut,196,14,1,2024,Sunday,3.8,2.9,36–50
3125,2024-07-21,14,602,1,C125,Hamra,Greek Salad,Salads,6.5,2.8,F,37,Batroun,2836,21,7,2024,Sunday,6.5,3.7,36–50
4395,2024-10-14,16,307,1,C177,Hamra,Strawberry Cocktail,Cocktails,6.0,2.0,M,23,Saida,4028,14,10,2024,Monday,6.0,4.0,16–25
2429,2024-07-07,15,108,1,C097,Hamra,Caramel Latte,Coffee,4.8,1.0,M,45,Batroun,2641,7,7,2024,Sunday,4.8,3.8,36–50
3307,2024-06-03,7,702,2,C133,Hamra,Lotus Crepe,Desserts,5.8,1.9,M,41,Beirut,2157,3,6,2024,Monday,11.6,7.8,36–50
1762,2024-02-24,15,506,2,C071,Hamra,Steak Sandwich,Sandwiches,9.0,4.0,F,29,Byblos,765,24,2,2024,Saturday,18.0,10.0,26–35
4364,2024-06-30,9,402,1,C176,Hamra,Zaatar Manoushe,Manakish,3.5,0.5,M,24,Jounieh,2537,30,6,2024,Sunday,3.5,3.0,16–25
442,2024-07-28,17,503,1,C018,Hamra,BBQ Chicken Sandwich,Sandwiches,7.5,3.2,M,19,Tripoli,2937,28,7,2024,Sunday,7.5,4.3,16–25
2362,2024-03-15,18,304,2,C095,Hamra,Carrot Juice,Cold Drinks,3.5,1.0,M,40,Zahle,1048,15,3,2024,Friday,7.0,5.0,36–50
3344,2024-10-03,16,310,1,C134,Hamra,Strawberry Milkshake,Shakes,5.5,1.8,F,60,Zahle,3874,3,10,2024,Thursday,5.5,3.7,50+
1631,2024-05-12,15,502,1,C066,Hamra,Chicken Sub Sandwich,Sandwiches,7.0,3.0,M,22,Zahle,1857,12,5,2024,Sunday,7.0,4.0,16–25
3176,2024-12-08,7,306,1,C127,Hamra,Mango Cocktail,Cocktails,6.0,2.2,M,30,Tripoli,4789,8,12,2024,Sunday,6.0,3.8,26–35
1007,2024-02-28,7,309,1,C042,Hamra,Chocolate Milkshake,Shakes,5.5,1.8,F,26,Tripoli,813,28,2,2024,Wednesday,5.5,3.7,26–35
2954,2024-12-10,15,309,1,C117,Hamra,Chocolate Milkshake,Shakes,5.5,1.8,F,49,Zahle,4825,10,12,2024,Tuesday,5.5,3.7,36–50
4468,2024-06-30,17,304,3,C180,Hamra,Carrot Juice,Cold Drinks,3.5,1.0,M,20,Jounieh,2545,30,6,2024,Sunday,10.5,7.5,16–25
264,2024-12-04,20,703,2,C011,Hamra,Ashta W Banane,Cocktails Specials,7.0,2.5,M,23,Batroun,4746,4,12,2024,Wednesday,14.0,9.0,16–25
646,2024-11-16,12,605,1,C026,Hamra,Halloumi Salad,Salads,6.8,2.9,M,28,Beirut,4486,16,11,2024,Saturday,6.8,3.9,26–35
3741,2024-03-04,10,102,1,C149,Hamra,Turkish Coffee,Coffee,2.0,0.4,M,40,Beirut,886,4,3,2024,Monday,2.0,1.6,36–50
4863,2024-11-22,13,204,1,C194,Hamra,Chamomile Tea,Tea,2.5,0.5,F,18,Jounieh,4571,22,11,2024,Friday,2.5,2.0,16–25
4199,2024-09-16,11,706,1,C168,Hamra,Honey Pancakes,Desserts,4.5,1.5,F,47,Tyre,3631,16,9,2024,Monday,4.5,3.0,36–50
1388,2024-07-11,16,407,1,C056,Hamra,Cheese Rolls,Appetizers,4.5,1.0,F,26,Batroun,2698,11,7,2024,Thursday,4.5,3.5,26–35
2968,2024-05-22,20,506,1,C118,Hamra,Steak Sandwich,Sandwiches,9.0,4.0,F,48,Jounieh,2002,22,5,2024,Wednesday,9.0,5.0,36–50
4433,2024-04-13,13,407,1,C179,Hamra,Cheese Rolls,Appetizers,4.5,1.0,F,43,Zahle,1449,13,4,2024,Saturday,4.5,3.5,36–50
3732,2024-08-01,14,403,1,C148,Hamra,Cheese Manoushe,Manakish,4.5,0.8,M,19,Beirut,2990,1,8,2024,Thursday,4.5,3.7,16–25
1414,2024-08-29,14,701,1,C057,Hamra,Nutella Crepe,Desserts,5.5,1.8,M,37,Batroun,3382,29,8,2024,Thursday,5.5,3.7,36–50
109,2024-07-27,7,503,3,C005,Hamra,BBQ Chicken Sandwich,Sandwiches,7.5,3.2,M,33,Beirut,2913,27,7,2024,Saturday,22.5,12.899999999999999,26–35
327,2024-04-02,14,504,1,C014,Hamra,Halloumi Sandwich,Sandwiches,6.0,2.0,M,38,Saida,1296,2,4,2024,Tuesday,6.0,4.0,36–50
589,2024-05-21,12,506,3,C024,Hamra,Steak Sandwich,Sandwiches,9.0,4.0,M,18,Tripoli,1980,21,5,2024,Tuesday,27.0,15.0,16–25
1683,2024-04-21,10,605,1,C068,Hamra,Halloumi Salad,Salads,6.8,2.9,F,21,Beirut,1558,21,4,2024,Sunday,6.8,3.9,16–25
4456,2024-02-28,19,504,1,C180,Hamra,Halloumi Sandwich,Sandwiches,6.0,2.0,M,20,Jounieh,825,28,2,2024,Wednesday,6.0,4.0,16–25
1165,2024-02-12,20,203,1,C048,Hamra,Green Tea,Tea,2.2,0.5,F,39,Zahle,602,12,2,2024,Monday,2.2,1.7000000000000002,36–50
4339,2024-07-25,18,202,1,C175,Hamra,Mint Tea,Tea,2.2,0.5,F,39,Saida,2896,25,7,2024,Thursday,2.2,1.7000000000000002,36–50
1486,2024-09-24,14,108,1,C060,Hamra,Caramel Latte,Coffee,4.8,1.0,F,22,Zahle,3746,24,9,2024,Tuesday,4.8,3.8,16–25
79,2024-10-22,9,205,3,C003,Hamra,Mate,Tea,2.5,0.5,F,51,Batroun,4133,22,10,2024,Tuesday,7.5,6.0,50+
2989,2024-04-27,19,401,3,C119,Hamra,Croissant,Bakery,3.0,0.8,F,42,Tyre,1651,27,4,2024,Saturday,9.0,6.6000000000000005,36–50
3419,2024-01-20,10,202,1,C137,Hamra,Mint Tea,Tea,2.2,0.5,F,30,Saida,270,20,1,2024,Saturday,2.2,1.7000000000000002,26–35
2511,2024-08-09,12,601,1,C100,Hamra,Chicken Caesar Salad,Salads,7.5,3.2,F,29,Byblos,3100,9,8,2024,Friday,7.5,4.3,26–35
2071,2024-06-14,17,704,1,C083,Hamra,Mafroukeh Dessert,Desserts,6.5,2.5,M,47,Byblos,2321,14,6,2024,Friday,6.5,4.0,36–50
588,2024-05-10,13,604,1,C024,Hamra,Tabbouleh,Salads,5.5,2.0,M,18,Tripoli,1827,10,5,2024,Friday,5.5,3.5,16–25
3277,2024-06-04,10,402,1,C132,Hamra,Zaatar Manoushe,Manakish,3.5,0.5,M,33,Tyre,2174,4,6,2024,Tuesday,3.5,3.0,26–35
3428,2024-07-02,10,303,1,C137,Hamra,Fresh Orange Juice,Cold Drinks,3.5,1.0,F,30,Saida,2566,2,7,2024,Tuesday,3.5,2.5,26–35
5,2024-03-30,13,603,1,C001,Hamra,Fattoush,Salads,5.5,2.0,F,18,Zahle,1253,30,3,2024,Saturday,5.5,3.5,16–25
2919,2024-04-03,12,411,1,C116,Hamra,Mutabbal,Appetizers,4.2,1.2,F,48,Jounieh,1308,3,4,2024,Wednesday,4.2,3.0,36–50
4069,2024-01-13,19,702,1,C163,Hamra,Lotus Crepe,Desserts,5.8,1.9,F,40,Beirut,181,13,1,2024,Saturday,5.8,3.9,36–50
3535,2024-11-17,17,704,1,C140,Hamra,Mafroukeh Dessert,Desserts,6.5,2.5,F,50,Tripoli,4505,17,11,2024,Sunday,6.5,4.0,36–50
3691,2024-10-19,14,402,1,C146,Hamra,Zaatar Manoushe,Manakish,3.5,0.5,M,27,Beirut,4096,19,10,2024,Saturday,3.5,3.0,26–35
229,2024-08-17,7,109,3,C010,Hamra,Hot Chocolate,Hot Drinks,3.8,0.9,F,49,Tyre,3207,17,8,2024,Saturday,11.399999999999999,8.7,36–50
3695,2024-11-17,16,503,1,C146,Hamra,BBQ Chicken Sandwich,Sandwiches,7.5,3.2,M,27,Beirut,4504,17,11,2024,Sunday,7.5,4.3,26–35
3826,2024-10-18,19,101,2,C152,Hamra,Espresso,Coffee,2.5,0.5,F,39,Tripoli,4087,18,10,2024,Friday,5.0,4.0,36–50
3198,2024-01-26,17,107,2,C129,Hamra,Mocha,Coffee,4.5,0.9,F,58,Byblos,361,26,1,2024,Friday,9.0,7.2,50+
1968,2024-03-15,13,401,3,C079,Hamra,Croissant,Bakery,3.0,0.8,M,38,Byblos,1043,15,3,2024,Friday,9.0,6.6000000000000005,36–50
4991,2024-12-29,18,107,2,C200,Hamra,Mocha,Coffee,4.5,0.9,M,40,Byblos,5094,29,12,2024,Sunday,9.0,7.2,36–50
2491,2024-10-25,13,705,1,C099,Hamra,Ice Cream 2 Scoops,Desserts,4.0,1.2,M,49,Zahle,4179,25,10,2024,Friday,4.0,2.8,36–50
3628,2024-05-29,17,107,2,C144,Hamra,Mocha,Coffee,4.5,0.9,F,39,Batroun,2097,29,5,2024,Wednesday,9.0,7.2,36–50
3594,2024-05-27,13,108,1,C143,Hamra,Caramel Latte,Coffee,4.8,1.0,M,36,Saida,2065,27,5,2024,Monday,4.8,3.8,36–50
4740,2024-01-08,13,301,1,C190,Hamra,Lemonade,Cold Drinks,3.0,0.8,M,30,Beirut,105,8,1,2024,Monday,3.0,2.2,26–35
3295,2024-01-29,16,103,3,C133,Hamra,Blonde Coffee,Coffee,2.2,0.5,M,41,Beirut,402,29,1,2024,Monday,6.6000000000000005,5.1000000000000005,36–50
1097,2024-10-22,20,603,2,C045,Hamra,Fattoush,Salads,5.5,2.0,F,48,Tyre,4144,22,10,2024,Tuesday,11.0,7.0,36–50
2971,2024-07-27,16,110,3,C118,Hamra,Sahlab,Hot Drinks,4.0,1.0,F,48,Jounieh,2922,27,7,2024,Saturday,12.0,9.0,36–50
1269,2024-05-07,14,703,2,C052,Hamra,Ashta W Banane,Cocktails Specials,7.0,2.5,F,28,Jounieh,1786,7,5,2024,Tuesday,14.0,9.0,26–35
4970,2024-12-05,15,107,2,C199,Hamra,Mocha,Coffee,4.5,0.9,M,46,Jounieh,4755,5,12,2024,Thursday,9.0,7.2,36–50
2823,2024-04-25,15,306,2,C112,Hamra,Mango Cocktail,Cocktails,6.0,2.2,F,46,Tripoli,1619,25,4,2024,Thursday,12.0,7.6,36–50
3364,2024-05-23,8,706,2,C135,Hamra,Honey Pancakes,Desserts,4.5,1.5,F,20,Byblos,2004,23,5,2024,Thursday,9.0,6.0,16–25
3896,2024-11-13,19,501,1,C155,Hamra,Shish Tawouk Sandwich,Sandwiches,6.5,2.5,M,24,Byblos,4451,13,11,2024,Wednesday,6.5,4.0,16–25
2830,2024-08-22,19,406,3,C112,Hamra,Kaak with Cheese,Bakery,3.5,0.8,F,46,Tripoli,3289,22,8,2024,Thursday,10.5,8.100000000000001,36–50
290,2024-01-07,13,308,2,C013,Hamra,Banane Avocat,Cocktails,6.5,2.5,M,29,Beirut,91,7,1,2024,Sunday,13.0,8.0,26–35
402,2024-02-14,13,402,2,C017,Hamra,Zaatar Manoushe,Manakish,3.5,0.5,M,34,Byblos,623,14,2,2024,Wednesday,7.0,6.0,26–35
1075,2024-08-26,10,307,1,C044,Hamra,Strawberry Cocktail,Cocktails,6.0,2.0,F,20,Zahle,3336,26,8,2024,Monday,6.0,4.0,16–25
3547,2024-06-03,15,503,1,C141,Hamra,BBQ Chicken Sandwich,Sandwiches,7.5,3.2,F,21,Jounieh,2165,3,6,2024,Monday,7.5,4.3,16–25
1816,2024-06-29,14,402,1,C073,Hamra,Zaatar Manoushe,Manakish,3.5,0.5,F,54,Saida,2528,29,6,2024,Saturday,3.5,3.0,50+
111,2024-08-02,18,702,3,C005,Hamra,Lotus Crepe,Desserts,5.8,1.9,M,33,Beirut,3008,2,8,2024,Friday,17.4,11.7,26–35
792,2024-03-28,7,104,1,C033,Hamra,Americano,Coffee,3.0,0.6,M,33,Batroun,1219,28,3,2024,Thursday,3.0,2.4,26–35
3282,2024-09-12,8,309,1,C132,Hamra,Chocolate Milkshake,Shakes,5.5,1.8,M,33,Tyre,3572,12,9,2024,Thursday,5.5,3.7,26–35
3860,2024-03-13,19,308,1,C154,Hamra,Banane Avocat,Cocktails,6.5,2.5,F,25,Tripoli,1021,13,3,2024,Wednesday,6.5,4.0,16–25
1691,2024-06-27,19,701,2,C068,Hamra,Nutella Crepe,Desserts,5.5,1.8,F,21,Beirut,2505,27,6,2024,Thursday,11.0,7.4,16–25
385,2024-07-30,8,304,2,C016,Hamra,Carrot Juice,Cold Drinks,3.5,1.0,M,50,Zahle,2956,30,7,2024,Tuesday,7.0,5.0,36–50
3786,2024-10-19,18,506,2,C150,Hamra,Steak Sandwich,Sandwiches,9.0,4.0,M,46,Zahle,4100,19,10,2024,Saturday,18.0,10.0,36–50
872,2024-08-21,18,103,1,C036,Hamra,Blonde Coffee,Coffee,2.2,0.5,M,23,Beirut,3274,21,8,2024,Wednesday,2.2,1.7000000000000002,16–25
2572,2024-08-26,17,402,1,C102,Hamra,Zaatar Manoushe,Manakish,3.5,0.5,M,29,Tripoli,3343,26,8,2024,Monday,3.5,3.0,26–35
4640,2024-08-10,14,103,1,C186,Hamra,Blonde Coffee,Coffee,2.2,0.5,F,34,Beirut,3116,10,8,2024,Saturday,2.2,1.7000000000000002,26–35
4544,2024-04-28,7,403,1,C183,Hamra,Cheese Manoushe,Manakish,4.5,0.8,M,23,Saida,1653,28,4,2024,Sunday,4.5,3.7,16–25
4088,2024-11-08,10,302,2,C163,Hamra,Lemonade Mint,Cold Drinks,3.5,1.0,F,40,Beirut,4372,8,11,2024,Friday,7.0,5.0,36–50
620,2024-09-20,16,406,1,C025,Hamra,Kaak with Cheese,Bakery,3.5,0.8,F,25,Beirut,3692,20,9,2024,Friday,3.5,2.7,16–25
1802,2024-07-25,18,110,1,C072,Hamra,Sahlab,Hot Drinks,4.0,1.0,F,59,Jounieh,2896,25,7,2024,Thursday,4.0,3.0,50+
2023,2024-04-04,11,702,1,C081,Hamra,Lotus Crepe,Desserts,5.8,1.9,M,55,Tripoli,1321,4,4,2024,Thursday,5.8,3.9,50+
1512,2024-08-09,15,307,1,C061,Hamra,Strawberry Cocktail,Cocktails,6.0,2.0,F,34,Zahle,3103,9,8,2024,Friday,6.0,4.0,26–35
462,2024-12-31,13,405,3,C018,Hamra,Lahm Baajin,Manakish,5.0,1.2,M,19,Tripoli,5117,31,12,2024,Tuesday,15.0,11.399999999999999,16–25
1440,2024-10-02,14,702,1,C058,Hamra,Lotus Crepe,Desserts,5.8,1.9,F,22,Tripoli,3858,2,10,2024,Wednesday,5.8,3.9,16–25
1902,2024-08-18,20,306,2,C076,Hamra,Mango Cocktail,Cocktails,6.0,2.2,M,40,Saida,3234,18,8,2024,Sunday,12.0,7.6,36–50
3057,2024-11-04,17,411,1,C121,Hamra,Mutabbal,Appetizers,4.2,1.2,F,53,Batroun,4323,4,11,2024,Monday,4.2,3.0,50+
1406,2024-04-28,15,706,1,C057,Hamra,Honey Pancakes,Desserts,4.5,1.5,M,37,Batroun,1661,28,4,2024,Sunday,4.5,3.0,36–50
2441,2024-09-24,19,308,1,C097,Hamra,Banane Avocat,Cocktails,6.5,2.5,M,45,Batroun,3751,24,9,2024,Tuesday,6.5,4.0,36–50
1572,2024-09-29,13,502,1,C063,Hamra,Chicken Sub Sandwich,Sandwiches,7.0,3.0,F,32,Byblos,3815,29,9,2024,Sunday,7.0,4.0,26–35
267,2024-03-04,11,202,2,C012,Hamra,Mint Tea,Tea,2.2,0.5,F,60,Beirut,887,4,3,2024,Monday,4.4,3.4000000000000004,50+
261,2024-10-24,19,310,1,C011,Hamra,Strawberry Milkshake,Shakes,5.5,1.8,M,23,Batroun,4171,24,10,2024,Thursday,5.5,3.7,16–25
3557,2024-12-15,11,305,1,C141,Hamra,Avocado Shake Cocktails,Shakes,6.0,2.2,F,21,Jounieh,4891,15,12,2024,Sunday,6.0,3.8,16–25
4068,2024-01-11,16,702,1,C163,Hamra,Lotus Crepe,Desserts,5.8,1.9,F,40,Beirut,150,11,1,2024,Thursday,5.8,3.9,36–50
653,2024-04-07,17,702,1,C027,Hamra,Lotus Crepe,Desserts,5.8,1.9,F,46,Byblos,1369,7,4,2024,Sunday,5.8,3.9,36–50
2617,2024-03-11,12,506,2,C104,Hamra,Steak Sandwich,Sandwiches,9.0,4.0,F,36,Jounieh,986,11,3,2024,Monday,18.0,10.0,36–50
1676,2024-12-29,11,107,1,C067,Hamra,Mocha,Coffee,4.5,0.9,M,60,Beirut,5087,29,12,2024,Sunday,4.5,3.6,50+
2226,2024-02-27,19,404,1,C089,Hamra,Keshek Manoushe,Manakish,4.0,0.7,F,21,Saida,811,27,2,2024,Tuesday,4.0,3.3,16–25
1096,2024-10-16,18,701,2,C045,Hamra,Nutella Crepe,Desserts,5.5,1.8,F,48,Tyre,4058,16,10,2024,Wednesday,11.0,7.4,36–50
2041,2024-09-07,17,404,1,C081,Hamra,Keshek Manoushe,Manakish,4.0,0.7,M,55,Tripoli,3511,7,9,2024,Saturday,4.0,3.3,50+
1671,2024-10-02,15,203,1,C067,Hamra,Green Tea,Tea,2.2,0.5,M,60,Beirut,3859,2,10,2024,Wednesday,2.2,1.7000000000000002,50+
3758,2024-02-19,9,103,1,C150,Hamra,Blonde Coffee,Coffee,2.2,0.5,M,46,Zahle,689,19,2,2024,Monday,2.2,1.7000000000000002,36–50
2580,2024-12-23,9,102,1,C102,Hamra,Turkish Coffee,Coffee,2.0,0.4,M,29,Tripoli,5001,23,12,2024,Monday,2.0,1.6,26–35
2280,2024-08-03,13,301,2,C091,Hamra,Lemonade,Cold Drinks,3.0,0.8,M,47,Tyre,3017,3,8,2024,Saturday,6.0,4.4,36–50
1006,2024-02-21,13,405,1,C042,Hamra,Lahm Baajin,Manakish,5.0,1.2,F,26,Tripoli,721,21,2,2024,Wednesday,5.0,3.8,26–35
