Order_ID,Date,Hour,Product_ID,Quantity,Customer_ID,Branch
3764,2024-04-12,11,502,1,C150,Hamra
3475,2024-12-14,10,407,1,C138,Hamra
3374,2024-09-27,9,103,3,C135,Hamra
2231,2024-04-16,11,603,1,C089,Hamra
353,2024-03-12,20,503,1,C015,Hamra
1927,2024-07-07,15,501,1,C077,Hamra
2662,2024-01-21,14,703,3,C106,Hamra
4316,2024-04-12,14,307,2,C174,Hamra
2257,2024-05-01,14,108,1,C090,Hamra
2189,2024-08-02,18,302,2,C087,Hamra
1520,2024-11-26,14,705,1,C061,Hamra
2711,2024-03-28,13,402,2,C108,Hamra
1500,2024-04-09,14,408,2,C061,Hamra
1263,2024-12-25,17,604,1,C051,Hamra
4145,2024-05-31,20,302,2,C166,Hamra
273,2024-05-10,14,506,1,C012,Hamra
1923,2024-05-29,19,202,1,C077,Hamra
2838,2024-11-04,20,701,1,C112,Hamra
1636,2024-09-14,14,604,2,C066,Hamra
4529,2024-12-09,18,402,1,C182,Hamra
4180,2024-10-20,16,701,1,C167,Hamra
4167,2024-07-10,13,108,2,C167,Hamra
2907,2024-10-03,18,308,1,C115,Hamra
728,2024-06-09,7,506,1,C030,Hamra
2657,2024-11-09,10,702,1,C105,Hamra
4351,2024-01-22,19,404,1,C176,Hamra
760,2024-09-09,19,703,1,C031,Hamra
3846,2024-08-23,10,305,1,C153,Hamra
4903,2024-12-10,11,301,3,C196,Hamra
4424,2024-02-18,16,302,2,C179,Hamra
297,2024-02-28,12,301,1,C013,Hamra
4772,2024-06-18,10,304,1,C191,Hamra
3190,2024-07-06,8,108,1,C128,Hamra
4239,2024-09-27,12,502,1,C170,Hamra
4516,2024-07-08,14,502,1,C182,Hamra
2541,2024-06-23,14,706,1,C101,Hamra
1653,2024-02-20,13,404,2,C067,Hamra
2013,2024-12-29,12,505,1,C080,Hamra
4562,2024-02-24,8,411,1,C184,Hamra
2601,2024-08-31,13,401,2,C103,Hamra
481,2024-11-15,17,406,1,C019,Hamra
4319,2024-05-10,18,602,1,C174,Hamra
3606,2024-11-02,20,202,1,C143,Hamra
775,2024-05-14,20,302,1,C032,Hamra
4377,2024-01-21,11,205,2,C177,Hamra
3754,2024-11-24,12,109,1,C149,Hamra
1615,2024-06-15,16,503,2,C065,Hamra
4944,2024-09-30,14,506,3,C198,Hamra
651,2024-03-29,20,701,3,C027,Hamra
3804,2024-11-11,14,202,3,C151,Hamra
1139,2024-01-14,9,407,1,C047,Hamra
280,2024-08-29,18,310,1,C012,Hamra
2140,2024-09-21,18,503,1,C085,Hamra
1642,2024-12-11,20,303,1,C066,Hamra
3297,2024-02-22,13,205,2,C133,Hamra
3440,2024-12-05,7,407,1,C137,Hamra
3724,2024-04-01,7,106,3,C148,Hamra
2779,2024-09-20,13,602,2,C110,Hamra
2047,2024-02-04,16,601,3,C082,Hamra
3127,2024-07-24,15,705,2,C125,Hamra
1558,2024-03-21,13,410,1,C063,Hamra
1790,2024-02-19,16,409,1,C072,Hamra
2473,2024-12-25,11,502,1,C098,Hamra
1811,2024-01-02,14,105,1,C073,Hamra
1760,2024-02-23,8,303,1,C071,Hamra
724,2024-04-15,15,301,2,C030,Hamra
3133,2024-09-16,12,108,2,C125,Hamra
391,2024-11-05,19,310,1,C016,Hamra
3310,2024-07-09,15,407,1,C133,Hamra
3937,2024-08-05,8,401,1,C157,Hamra
1144,2024-02-13,9,705,1,C047,Hamra
2538,2024-06-10,18,307,1,C101,Hamra
2698,2024-07-20,14,406,1,C107,Hamra
3156,2024-09-26,7,601,1,C126,Hamra
552,2024-12-16,16,110,1,C022,Hamra
4609,2024-10-30,13,202,1,C185,Hamra
2079,2024-09-27,13,706,1,C083,Hamra
4082,2024-08-02,19,403,1,C163,Hamra
1485,2024-09-08,7,106,1,C060,Hamra
4936,2024-07-08,15,305,1,C198,Hamra
4699,2024-10-22,14,105,3,C188,Hamra
1435,2024-07-31,10,308,1,C058,Hamra
71,2024-07-26,16,109,1,C003,Hamra
4059,2024-08-24,17,404,2,C162,Hamra
1101,2024-12-03,11,301,1,C045,Hamra
1217,2024-02-22,8,604,3,C050,Hamra
46,2024-10-06,19,307,1,C002,Hamra
359,2024-08-04,15,108,1,C015,Hamra
4127,2024-09-08,18,305,1,C165,Hamra
3597,2024-07-06,18,704,1,C143,Hamra
4685,2024-02-10,12,204,1,C188,Hamra
2404,2024-06-05,9,503,1,C096,Hamra
2125,2024-01-15,18,501,1,C085,Hamra
4805,2024-10-27,13,703,1,C192,Hamra
2791,2024-03-05,15,409,1,C111,Hamra
4485,2024-12-10,9,201,1,C180,Hamra
576,2024-11-22,8,504,1,C023,Hamra
2478,2024-01-09,13,408,1,C099,Hamra
910,2024-12-09,13,406,1,C037,Hamra
2690,2024-05-08,10,602,2,C107,Hamra
987,2024-05-15,17,409,1,C041,Hamra
1399,2024-03-03,15,703,1,C057,Hamra
2428,2024-05-18,20,107,1,C097,Hamra
609,2024-03-21,14,702,1,C025,Hamra
2769,2024-06-11,19,308,3,C110,Hamra
905,2024-10-15,19,604,1,C037,Hamra
973,2024-09-17,7,107,1,C040,Hamra
2138,2024-08-18,7,310,1,C085,Hamra
1109,2024-02-10,11,103,2,C046,Hamra
4682,2024-01-28,12,502,1,C188,Hamra
2563,2024-05-14,9,305,3,C102,Hamra
2461,2024-07-19,19,409,3,C098,Hamra
483,2024-11-23,15,702,1,C019,Hamra
2282,2024-09-24,18,602,3,C091,Hamra
3420,2024-02-02,16,602,1,C137,Hamra
1708,2024-02-17,20,405,2,C069,Hamra
103,2024-03-02,12,302,1,C005,Hamra
3871,2024-08-03,10,110,1,C154,Hamra
3717,2024-10-19,18,410,1,C147,Hamra
3953,2024-04-08,13,305,2,C158,Hamra
1182,2024-06-20,14,303,1,C048,Hamra
2842,2024-12-25,15,603,1,C112,Hamra
3635,2024-08-01,19,602,1,C144,Hamra
4953,2024-02-04,17,402,1,C199,Hamra
444,2024-08-14,12,702,1,C018,Hamra
4565,2024-04-10,12,411,1,C184,Hamra
3747,2024-05-10,14,308,1,C149,Hamra
761,2024-09-13,18,407,1,C031,Hamra
3196,2024-01-05,11,110,1,C129,Hamra
3258,2024-08-05,20,201,1,C131,Hamra
619,2024-09-11,9,502,1,C025,Hamra
190,2024-12-24,18,106,3,C008,Hamra
4831,2024-10-09,9,505,1,C193,Hamra
1536,2024-07-25,19,605,3,C062,Hamra
3356,2024-01-15,12,409,2,C135,Hamra
165,2024-12-11,8,411,1,C007,Hamra
3386,2024-02-11,12,501,1,C136,Hamra
475,2024-06-27,19,302,2,C019,Hamra
3656,2024-03-03,12,504,1,C145,Hamra
3506,2024-12-17,14,504,1,C139,Hamra
2806,2024-08-18,13,202,1,C111,Hamra
4391,2024-08-28,14,306,1,C177,Hamra
247,2024-02-21,20,504,2,C011,Hamra
985,2024-04-05,15,304,1,C041,Hamra
4751,2024-08-09,12,103,1,C190,Hamra
2881,2024-08-18,20,303,1,C114,Hamra
4474,2024-08-24,9,706,1,C180,Hamra
4854,2024-05-22,16,704,1,C194,Hamra
4892,2024-06-19,9,304,1,C196,Hamra
2295,2024-01-29,17,605,2,C092,Hamra
1865,2024-02-05,18,106,1,C075,Hamra
1648,2024-01-13,7,301,2,C067,Hamra
4197,2024-06-08,17,108,1,C168,Hamra
121,2024-11-22,19,701,1,C005,Hamra
2926,2024-07-05,11,303,1,C116,Hamra
3780,2024-08-30,20,705,1,C150,Hamra
2963,2024-03-26,10,701,1,C118,Hamra
4129,2024-10-10,15,601,1,C165,Hamra
248,2024-03-06,15,503,2,C011,Hamra
1070,2024-06-18,20,702,2,C044,Hamra
4489,2024-02-14,11,702,1,C181,Hamra
1917,2024-03-02,16,202,1,C077,Hamra
2967,2024-05-13,10,603,1,C118,Hamra
2931,2024-10-10,13,110,1,C116,Hamra
4712,2024-01-28,12,107,1,C189,Hamra
1657,2024-04-17,10,604,1,C067,Hamra
293,2024-02-13,19,101,3,C013,Hamra
2309,2024-12-05,19,702,2,C092,Hamra
260,2024-10-12,16,411,1,C011,Hamra
3503,2024-11-26,8,306,1,C139,Hamra
2133,2024-05-07,7,501,1,C085,Hamra
2145,2024-12-13,10,705,2,C085,Hamra
3371,2024-08-18,10,309,1,C135,Hamra
414,2024-07-08,19,310,1,C017,Hamra
1185,2024-08-12,7,107,2,C048,Hamra
3580,2024-10-09,12,506,1,C142,Hamra
4768,2024-04-30,10,302,1,C191,Hamra
4800,2024-04-25,7,404,1,C192,Hamra
2438,2024-08-20,7,405,1,C097,Hamra
1881,2024-09-15,19,107,1,C075,Hamra
4836,2024-12-24,7,408,1,C193,Hamra
4056,2024-07-16,14,107,1,C162,Hamra
3426,2024-05-16,16,309,1,C137,Hamra
1939,2024-11-13,14,201,2,C077,Hamra
3188,2024-06-13,8,109,1,C128,Hamra
898,2024-08-12,17,202,1,C037,Hamra
738,2024-11-02,19,410,1,C030,Hamra
4219,2024-08-21,13,104,2,C169,Hamra
4297,2024-06-20,20,411,2,C173,Hamra
1151,2024-05-31,14,403,1,C047,Hamra
3380,2024-11-10,14,203,1,C135,Hamra
3570,2024-06-08,17,308,2,C142,Hamra
1171,2024-04-05,16,304,1,C048,Hamra
3341,2024-08-20,17,506,1,C134,Hamra
822,2024-06-28,19,501,3,C034,Hamra
2532,2024-04-22,13,503,1,C101,Hamra
1136,2024-11-13,11,309,3,C046,Hamra
4656,2024-02-21,7,301,2,C187,Hamra
1745,2024-09-24,18,408,1,C070,Hamra
3411,2024-10-21,15,202,3,C136,Hamra
586,2024-04-22,19,409,2,C024,Hamra
1656,2024-04-10,13,107,1,C067,Hamra
87,2024-04-22,8,201,1,C004,Hamra
3,2024-03-21,12,406,1,C001,Hamra
823,2024-07-05,8,404,1,C034,Hamra
2741,2024-04-22,7,203,2,C109,Hamra
191,2024-01-02,20,406,1,C009,Hamra
1561,2024-05-09,13,102,1,C063,Hamra
227,2024-08-07,19,503,1,C010,Hamra
3445,2024-02-23,8,205,2,C138,Hamra
4421,2024-12-08,19,201,1,C178,Hamra
1074,2024-08-11,20,409,1,C044,Hamra
2972,2024-08-12,20,503,1,C118,Hamra
4360,2024-05-05,8,104,1,C176,Hamra
131,2024-05-09,19,201,1,C006,Hamra
3036,2024-02-22,17,404,1,C121,Hamra
3823,2024-06-20,11,102,1,C152,Hamra
2373,2024-08-05,20,301,1,C095,Hamra
2798,2024-06-08,11,503,3,C111,Hamra
4638,2024-07-16,13,203,1,C186,Hamra
2652,2024-09-03,7,501,1,C105,Hamra
1602,2024-11-19,14,302,1,C064,Hamra
4573,2024-07-21,9,306,1,C184,Hamra
3526,2024-07-02,10,602,1,C140,Hamra
4077,2024-05-02,15,304,1,C163,Hamra
1778,2024-09-11,10,107,1,C071,Hamra
2632,2024-10-20,16,502,1,C104,Hamra
2242,2024-10-06,18,108,1,C089,Hamra
145,2024-11-20,11,203,2,C006,Hamra
4816,2024-04-07,13,501,1,C193,Hamra
2772,2024-07-16,10,102,1,C110,Hamra
4696,2024-08-27,20,505,1,C188,Hamra
2825,2024-05-23,7,201,1,C112,Hamra
4887,2024-04-06,15,309,1,C196,Hamra
3936,2024-07-19,10,106,1,C157,Hamra
4143,2024-05-03,15,401,1,C166,Hamra
3778,2024-07-05,12,107,1,C150,Hamra
3175,2024-11-21,7,503,1,C127,Hamra
3416,2024-12-14,18,304,3,C136,Hamra
1570,2024-09-15,9,106,1,C063,Hamra
3546,2024-05-27,17,601,1,C141,Hamra
3890,2024-09-08,8,404,2,C155,Hamra
3698,2024-12-11,15,601,1,C146,Hamra
434,2024-05-26,18,503,1,C018,Hamra
1922,2024-05-27,7,102,1,C077,Hamra
4759,2024-12-17,19,304,1,C190,Hamra
3575,2024-07-17,20,104,1,C142,Hamra
3500,2024-11-03,15,106,2,C139,Hamra
2592,2024-05-07,15,702,1,C103,Hamra
2941,2024-02-08,14,501,1,C117,Hamra
425,2024-12-03,14,403,2,C017,Hamra
4452,2024-12-25,17,405,2,C179,Hamra
330,2024-05-08,20,107,1,C014,Hamra
1415,2024-09-23,18,109,1,C057,Hamra
2320,2024-05-30,7,310,1,C093,Hamra
3346,2024-10-24,17,408,1,C134,Hamra
2870,2024-04-08,14,101,1,C114,Hamra
4606,2024-09-19,16,704,1,C185,Hamra
3281,2024-09-08,20,106,3,C132,Hamra
3491,2024-05-23,9,303,1,C139,Hamra
2756,2024-12-11,17,110,1,C109,Hamra
2987,2024-04-21,13,403,1,C119,Hamra
2296,2024-02-29,17,201,1,C092,Hamra
244,2024-01-02,7,408,1,C011,Hamra
2492,2024-10-30,7,101,1,C099,Hamra
180,2024-09-10,16,203,2,C008,Hamra
2873,2024-05-19,19,501,1,C114,Hamra
4653,2024-02-06,11,305,1,C187,Hamra
3748,2024-06-08,11,101,1,C149,Hamra
1604,2024-01-09,14,705,1,C065,Hamra
2324,2024-08-20,13,103,1,C093,Hamra
3815,2024-04-08,14,303,2,C152,Hamra
3959,2024-05-26,12,505,3,C158,Hamra
2634,2024-10-30,12,204,1,C104,Hamra
2487,2024-07-26,8,406,1,C099,Hamra
2095,2024-05-10,12,402,2,C084,Hamra
4595,2024-05-31,11,302,1,C185,Hamra
1812,2024-02-23,19,604,1,C073,Hamra
3661,2024-04-29,9,404,1,C145,Hamra
1453,2024-06-09,12,411,2,C059,Hamra
751,2024-04-25,14,501,1,C031,Hamra
1585,2024-03-15,15,401,2,C064,Hamra
1173,2024-04-22,7,706,2,C048,Hamra
561,2024-04-13,9,302,1,C023,Hamra
4947,2024-12-05,9,307,2,C198,Hamra
3968,2024-09-10,17,310,2,C158,Hamra
1363,2024-08-14,14,102,1,C055,Hamra
153,2024-04-21,7,307,1,C007,Hamra
2820,2024-04-08,11,105,1,C112,Hamra
2670,2024-06-01,9,104,1,C106,Hamra
2472,2024-12-14,8,411,1,C098,Hamra
289,2024-12-31,14,106,1,C012,Hamra
1495,2024-12-03,9,705,1,C060,Hamra
1275,2024-07-12,13,306,2,C052,Hamra
3893,2024-11-05,18,203,1,C155,Hamra
3524,2024-06-11,17,501,1,C140,Hamra
3550,2024-07-26,7,310,1,C141,Hamra
1799,2024-06-17,12,401,1,C072,Hamra
4748,2024-06-09,9,503,1,C190,Hamra
3121,2024-03-08,14,305,1,C125,Hamra
3941,2024-10-15,12,408,1,C157,Hamra
4087,2024-10-03,18,204,2,C163,Hamra
1491,2024-10-30,8,411,2,C060,Hamra
3933,2024-05-14,12,302,1,C157,Hamra
755,2024-07-13,13,306,2,C031,Hamra
1921,2024-05-07,11,604,2,C077,Hamra
1887,2024-02-02,9,301,1,C076,Hamra
1509,2024-06-24,10,604,3,C061,Hamra
27,2024-01-22,10,301,2,C002,Hamra
4034,2024-08-25,12,305,1,C161,Hamra
4979,2024-06-06,16,404,1,C200,Hamra
4741,2024-02-07,7,403,1,C190,Hamra
3051,2024-08-17,17,108,1,C121,Hamra
1466,2024-12-30,10,309,2,C059,Hamra
963,2024-02-20,16,103,1,C040,Hamra
4394,2024-09-20,19,310,2,C177,Hamra
781,2024-10-09,10,304,2,C032,Hamra
911,2024-01-27,16,408,1,C038,Hamra
2302,2024-08-13,7,102,1,C092,Hamra
2213,2024-10-03,15,205,1,C088,Hamra
3554,2024-10-12,10,307,1,C141,Hamra
2129,2024-04-06,13,110,1,C085,Hamra
4526,2024-10-10,18,303,1,C182,Hamra
1908,2024-11-12,20,307,1,C076,Hamra
3193,2024-10-30,9,604,2,C128,Hamra
305,2024-05-26,16,702,1,C013,Hamra
935,2024-01-04,18,402,1,C039,Hamra
554,2024-02-04,9,203,1,C023,Hamra
2771,2024-07-10,20,408,2,C110,Hamra
2685,2024-02-18,14,105,1,C107,Hamra
2294,2024-01-17,14,401,1,C092,Hamra
3572,2024-06-20,17,203,3,C142,Hamra
3665,2024-08-07,18,402,1,C145,Hamra
591,2024-06-06,7,204,1,C024,Hamra
4624,2024-02-15,16,309,1,C186,Hamra
4760,2024-01-06,8,103,2,C191,Hamra
817,2024-04-08,14,605,1,C034,Hamra
4442,2024-08-20,7,704,1,C179,Hamra
2813,2024-02-06,18,702,1,C112,Hamra
3470,2024-10-06,14,405,3,C138,Hamra
2980,2024-12-14,14,410,1,C118,Hamra
4985,2024-10-28,8,701,1,C200,Hamra
3749,2024-06-29,10,204,3,C149,Hamra
4122,2024-04-04,12,202,1,C165,Hamra
152,2024-04-08,18,403,3,C007,Hamra
2261,2024-07-06,17,602,3,C090,Hamra
301,2024-04-25,15,404,2,C013,Hamra
2002,2024-07-09,14,601,1,C080,Hamra
733,2024-09-09,18,302,1,C030,Hamra
3983,2024-06-09,14,504,2,C159,Hamra
3315,2024-09-12,13,702,3,C133,Hamra
4014,2024-11-18,20,306,1,C160,Hamra
374,2024-05-07,19,308,2,C016,Hamra
3756,2024-01-18,15,305,1,C150,Hamra
4804,2024-10-07,8,201,1,C192,Hamra
4275,2024-08-10,9,409,1,C172,Hamra
964,2024-02-23,16,110,2,C040,Hamra
886,2024-02-27,14,110,1,C037,Hamra
1961,2024-11-18,20,601,1,C078,Hamra
398,2024-12-25,12,106,3,C016,Hamra
1048,2024-06-22,16,411,1,C043,Hamra
1573,2024-10-06,15,309,1,C063,Hamra
355,2024-04-23,16,202,1,C015,Hamra
4280,2024-10-14,10,601,1,C172,Hamra
3441,2024-12-07,14,308,1,C137,Hamra
1613,2024-05-30,16,402,3,C065,Hamra
1065,2024-05-06,9,603,1,C044,Hamra
497,2024-06-03,9,501,2,C020,Hamra
3000,2024-09-29,14,106,1,C119,Hamra
4929,2024-04-13,11,101,1,C198,Hamra
2836,2024-10-25,9,106,1,C112,Hamra
3087,2024-09-02,16,703,1,C123,Hamra
4027,2024-06-24,17,307,1,C161,Hamra
1990,2024-02-08,7,505,1,C080,Hamra
2504,2024-06-18,9,309,1,C100,Hamra
140,2024-09-03,18,310,1,C006,Hamra
2063,2024-01-26,15,205,1,C083,Hamra
767,2024-12-20,11,401,1,C031,Hamra
1638,2024-11-01,18,108,3,C066,Hamra
428,2024-01-13,16,704,1,C018,Hamra
693,2024-11-11,8,309,1,C028,Hamra
1698,2024-11-08,13,701,3,C068,Hamra
4810,2024-02-05,8,502,2,C193,Hamra
2878,2024-06-21,10,106,1,C114,Hamra
4288,2024-01-20,18,410,1,C173,Hamra
1441,2024-11-16,13,506,1,C058,Hamra
4343,2024-09-20,10,101,1,C175,Hamra
4852,2024-05-21,13,604,2,C194,Hamra
4465,2024-05-22,13,411,2,C180,Hamra
4098,2024-04-01,7,202,1,C164,Hamra
3215,2024-12-19,12,502,3,C129,Hamra
952,2024-11-17,15,201,1,C039,Hamra
2679,2024-10-14,8,202,1,C106,Hamra
15,2024-08-02,20,506,2,C001,Hamra
1884,2024-12-07,9,703,1,C075,Hamra
2202,2024-02-20,16,503,2,C088,Hamra
3568,2024-06-01,11,107,3,C142,Hamra
4960,2024-07-04,15,201,1,C199,Hamra
3790,2024-03-03,10,411,1,C151,Hamra
4257,2024-07-08,7,705,1,C171,Hamra
3771,2024-05-04,10,406,1,C150,Hamra
1476,2024-05-29,12,408,1,C060,Hamra
3894,2024-11-09,11,203,1,C155,Hamra
4564,2024-02-27,20,303,2,C184,Hamra
3240,2024-12-07,19,505,1,C130,Hamra
4181,2024-10-31,7,309,1,C167,Hamra
4439,2024-06-28,10,109,1,C179,Hamra
2770,2024-06-18,12,406,2,C110,Hamra
482,2024-11-21,19,505,1,C019,Hamra
1542,2024-09-27,16,110,1,C062,Hamra
1761,2024-02-23,16,102,2,C071,Hamra
4866,2024-04-10,20,502,1,C195,Hamra
4777,2024-09-20,10,205,1,C191,Hamra
2789,2024-02-22,20,103,2,C111,Hamra
3298,2024-02-29,15,601,1,C133,Hamra
1793,2024-04-17,11,406,3,C072,Hamra
1942,2024-01-05,14,106,1,C078,Hamra
4718,2024-04-12,15,103,1,C189,Hamra
2507,2024-07-14,16,201,2,C100,Hamra
1779,2024-09-18,11,205,1,C071,Hamra
167,2024-12-30,12,603,2,C007,Hamra
1237,2024-12-15,7,705,2,C050,Hamra
1110,2024-02-16,17,403,2,C046,Hamra
1809,2024-12-20,18,110,3,C072,Hamra
1906,2024-11-06,13,502,1,C076,Hamra
1857,2024-11-03,10,605,2,C074,Hamra
3565,2024-05-23,17,703,1,C142,Hamra
1824,2024-09-25,8,703,1,C073,Hamra
2561,2024-05-03,11,107,2,C102,Hamra
2343,2024-04-15,18,205,1,C094,Hamra
1714,2024-06-06,9,303,1,C069,Hamra
1612,2024-05-26,12,303,1,C065,Hamra
4820,2024-05-24,14,705,1,C193,Hamra
4592,2024-04-29,13,505,3,C185,Hamra
1546,2024-11-14,9,309,1,C062,Hamra
503,2024-10-01,14,102,1,C020,Hamra
3863,2024-04-01,8,504,2,C154,Hamra
1059,2024-02-27,16,305,1,C044,Hamra
4879,2024-12-11,15,409,1,C195,Hamra
4941,2024-08-16,10,601,1,C198,Hamra
1530,2024-04-26,7,401,1,C062,Hamra
2706,2024-11-13,14,107,1,C107,Hamra
3135,2024-10-05,13,502,2,C125,Hamra
1093,2024-05-06,17,405,1,C045,Hamra
254,2024-05-08,19,506,3,C011,Hamra
4977,2024-02-27,11,105,2,C200,Hamra
4049,2024-05-01,16,201,1,C162,Hamra
2196,2024-01-01,19,101,1,C088,Hamra
1128,2024-08-26,11,409,1,C046,Hamra
2835,2024-10-16,13,101,1,C112,Hamra
2024,2024-04-05,11,304,3,C081,Hamra
774,2024-05-05,14,102,1,C032,Hamra
2456,2024-04-27,17,306,1,C098,Hamra
102,2024-02-17,19,305,1,C005,Hamra
4764,2024-03-29,12,308,1,C191,Hamra
710,2024-08-24,19,306,1,C029,Hamra
1187,2024-09-28,11,309,1,C048,Hamra
382,2024-07-07,15,104,1,C016,Hamra
3841,2024-07-10,17,202,1,C153,Hamra
1791,2024-03-09,8,307,1,C072,Hamra
713,2024-10-04,7,305,2,C029,Hamra
4486,2024-12-14,14,303,1,C180,Hamra
1130,2024-09-03,18,101,1,C046,Hamra
3833,2024-03-16,9,405,1,C153,Hamra
565,2024-06-02,20,408,1,C023,Hamra
4052,2024-05-23,17,309,3,C162,Hamra
4865,2024-03-26,18,204,1,C195,Hamra
2347,2024-07-03,18,411,1,C094,Hamra
2886,2024-10-11,18,105,2,C114,Hamra
825,2024-08-07,13,201,2,C034,Hamra
3994,2024-03-09,16,309,1,C160,Hamra
2942,2024-02-16,19,406,1,C117,Hamra
700,2024-04-03,17,203,2,C029,Hamra
205,2024-08-25,14,301,1,C009,Hamra
4858,2024-07-22,19,309,2,C194,Hamra
4600,2024-08-05,19,203,2,C185,Hamra
955,2024-12-06,12,309,2,C039,Hamra
3360,2024-02-08,18,401,1,C135,Hamra
2765,2024-04-09,16,102,2,C110,Hamra
1725,2024-10-15,20,301,1,C069,Hamra
3406,2024-09-10,15,502,2,C136,Hamra
2410,2024-08-09,13,604,1,C096,Hamra
3006,2024-12-22,16,101,1,C119,Hamra
2959,2024-01-23,11,702,1,C118,Hamra
446,2024-09-06,14,201,1,C018,Hamra
2553,2024-01-10,8,704,1,C102,Hamra
2776,2024-09-02,13,410,3,C110,Hamra
2060,2024-11-20,10,601,1,C082,Hamra
4384,2024-04-09,15,404,2,C177,Hamra
2656,2024-10-16,18,501,1,C105,Hamra
381,2024-06-28,7,302,1,C016,Hamra
520,2024-08-10,13,503,1,C021,Hamra
3466,2024-09-06,12,506,1,C138,Hamra
2669,2024-05-26,14,403,3,C106,Hamra
3273,2024-04-05,11,404,1,C132,Hamra
1077,2024-09-13,7,601,1,C044,Hamra
3091,2024-11-20,7,103,1,C123,Hamra
3383,2024-01-04,15,705,3,C136,Hamra
2788,2024-01-16,16,110,1,C111,Hamra
2949,2024-10-06,12,506,1,C117,Hamra
3159,2024-12-01,16,204,1,C126,Hamra
4549,2024-09-03,11,202,1,C183,Hamra
478,2024-09-14,7,605,1,C019,Hamra
1594,2024-06-08,12,506,2,C064,Hamra
976,2024-12-05,12,405,1,C040,Hamra
1247,2024-05-31,9,407,1,C051,Hamra
3427,2024-06-26,19,407,1,C137,Hamra
3961,2024-06-11,14,506,1,C158,Hamra
1377,2024-02-02,20,407,1,C056,Hamra
2033,2024-06-27,7,401,3,C081,Hamra
4267,2024-04-10,7,704,2,C172,Hamra
4672,2024-09-24,12,101,2,C187,Hamra
3609,2024-11-18,16,506,2,C143,Hamra
4885,2024-03-05,19,102,1,C196,Hamra
1739,2024-06-16,7,302,1,C070,Hamra
3194,2024-11-25,12,405,1,C128,Hamra
3141,2024-02-12,7,503,1,C126,Hamra
1497,2024-02-13,20,107,1,C061,Hamra
2009,2024-10-11,19,705,1,C080,Hamra
3034,2024-01-12,12,402,1,C121,Hamra
2530,2024-04-04,9,109,2,C101,Hamra
3802,2024-10-28,20,307,2,C151,Hamra
1933,2024-09-09,20,409,3,C077,Hamra
4341,2024-08-29,14,604,1,C175,Hamra
3651,2024-02-04,19,702,1,C145,Hamra
4598,2024-08-02,12,101,1,C185,Hamra
3160,2024-12-02,19,109,1,C126,Hamra
4511,2024-03-30,17,305,1,C182,Hamra
4479,2024-09-20,19,706,1,C180,Hamra
534,2024-04-02,7,304,1,C022,Hamra
2066,2024-03-30,11,411,1,C083,Hamra
4165,2024-04-24,14,504,1,C167,Hamra
3542,2024-04-14,9,603,1,C141,Hamra
1955,2024-07-14,18,104,1,C078,Hamra
2382,2024-11-09,12,109,1,C095,Hamra
2743,2024-04-23,11,505,1,C109,Hamra
4846,2024-03-15,12,307,1,C194,Hamra
2774,2024-08-04,16,303,1,C110,Hamra
1281,2024-10-03,7,202,2,C052,Hamra
2602,2024-09-05,13,506,2,C103,Hamra
2540,2024-06-12,15,601,1,C101,Hamra
3583,2024-12-22,8,503,1,C142,Hamra
1567,2024-07-10,16,109,1,C063,Hamra
4962,2024-08-14,11,106,1,C199,Hamra
684,2024-06-25,16,304,1,C028,Hamra
1112,2024-04-08,10,701,1,C046,Hamra
672,2024-02-05,12,605,1,C028,Hamra
32,2024-04-05,12,107,1,C002,Hamra
3170,2024-05-31,17,301,2,C127,Hamra
410,2024-05-30,8,105,1,C017,Hamra
1455,2024-07-08,8,301,2,C059,Hamra
4473,2024-08-11,10,101,1,C180,Hamra
3269,2024-02-06,7,704,1,C132,Hamra
1935,2024-09-24,15,501,3,C077,Hamra
3255,2024-07-01,20,503,3,C131,Hamra
2893,2024-01-13,20,304,1,C115,Hamra
4128,2024-10-05,19,501,1,C165,Hamra
2435,2024-08-04,13,302,1,C097,Hamra
2659,2024-12-20,18,401,1,C105,Hamra
604,2024-12-26,13,307,2,C024,Hamra
4984,2024-10-12,9,108,3,C200,Hamra
847,2024-09-29,17,408,1,C035,Hamra
31,2024-03-02,18,102,1,C002,Hamra
791,2024-03-24,9,405,1,C033,Hamra
1899,2024-08-04,7,605,1,C076,Hamra
2168,2024-12-07,9,305,3,C086,Hamra
3458,2024-07-05,9,303,2,C138,Hamra
2015,2024-01-19,10,601,1,C081,Hamra
1533,2024-06-25,10,110,1,C062,Hamra
1042,2024-04-09,9,309,1,C043,Hamra
4914,2024-08-20,16,104,1,C197,Hamra
3040,2024-03-16,18,501,2,C121,Hamra
1459,2024-09-21,14,104,1,C059,Hamra
210,2024-10-10,14,203,1,C009,Hamra
1929,2024-07-24,19,310,1,C077,Hamra
4695,2024-08-10,19,203,2,C188,Hamra
1554,2024-02-21,7,303,1,C063,Hamra
1284,2024-12-04,13,309,2,C052,Hamra
564,2024-05-23,17,102,2,C023,Hamra
720,2024-03-09,8,701,3,C030,Hamra
4254,2024-04-08,7,408,1,C171,Hamra
4883,2024-01-25,9,304,1,C196,Hamra
511,2024-02-22,10,109,1,C021,Hamra
1047,2024-05-30,19,403,1,C043,Hamra
3365,2024-05-23,12,410,1,C135,Hamra
370,2024-02-26,16,503,1,C016,Hamra
555,2024-02-08,20,110,1,C023,Hamra
4628,2024-04-18,11,101,2,C186,Hamra
2185,2024-06-29,20,506,1,C087,Hamra
746,2024-02-11,10,306,1,C031,Hamra
3047,2024-07-04,14,109,2,C121,Hamra
1716,2024-08-10,17,605,2,C069,Hamra
3328,2024-05-01,18,205,2,C134,Hamra
2901,2024-05-12,20,410,2,C115,Hamra
4821,2024-06-11,10,105,3,C193,Hamra
1457,2024-08-02,19,505,1,C059,Hamra
3914,2024-08-08,16,307,1,C156,Hamra
3690,2024-08-22,18,505,1,C146,Hamra
1940,2024-11-26,19,308,1,C077,Hamra
3456,2024-05-25,8,107,1,C138,Hamra
159,2024-08-26,9,308,1,C007,Hamra
888,2024-03-16,12,602,1,C037,Hamra
4285,2024-01-09,14,310,1,C173,Hamra
2152,2024-03-14,14,402,1,C086,Hamra
388,2024-09-09,17,505,3,C016,Hamra
2928,2024-08-17,15,106,1,C116,Hamra
2958,2024-01-07,13,409,2,C118,Hamra
332,2024-06-22,19,109,1,C014,Hamra
3488,2024-05-20,8,702,3,C139,Hamra
2184,2024-06-16,14,408,2,C087,Hamra
4054,2024-06-18,13,704,1,C162,Hamra
4697,2024-10-09,14,106,1,C188,Hamra
2620,2024-05-01,18,501,1,C104,Hamra
3549,2024-07-12,9,406,3,C141,Hamra
4158,2024-01-05,13,409,2,C167,Hamra
1058,2024-01-29,16,505,2,C044,Hamra
683,2024-06-13,19,404,1,C028,Hamra
4203,2024-12-04,15,204,1,C168,Hamra
376,2024-05-15,9,411,2,C016,Hamra
1240,2024-12-30,20,411,1,C050,Hamra
2914,2024-11-16,16,706,1,C115,Hamra
3923,2024-12-07,12,205,1,C156,Hamra
1686,2024-05-24,8,108,3,C068,Hamra
2308,2024-11-22,8,401,1,C092,Hamra
3049,2024-08-04,11,411,1,C121,Hamra
4700,2024-10-27,11,701,1,C188,Hamra
3522,2024-05-11,19,306,2,C140,Hamra
389,2024-10-18,13,403,1,C016,Hamra
1295,2024-03-10,18,104,1,C053,Hamra
4522,2024-09-08,8,301,1,C182,Hamra
1210,2024-10-01,17,307,2,C049,Hamra
4118,2024-12-29,20,202,3,C164,Hamra
1535,2024-06-30,19,301,2,C062,Hamra
2098,2024-06-15,13,704,1,C084,Hamra
3862,2024-03-31,11,504,3,C154,Hamra
1390,2024-07-20,20,502,1,C056,Hamra
3028,2024-12-11,12,506,1,C120,Hamra
2252,2024-01-19,14,501,1,C090,Hamra
3757,2024-02-08,16,404,1,C150,Hamra
3012,2024-05-05,19,303,2,C120,Hamra
1815,2024-06-21,20,110,1,C073,Hamra
1713,2024-05-20,18,506,1,C069,Hamra
4392,2024-08-29,10,503,1,C177,Hamra
2464,2024-08-07,19,303,1,C098,Hamra
37,2024-05-05,13,101,1,C002,Hamra
1294,2024-02-27,12,503,1,C053,Hamra
2991,2024-05-27,16,306,1,C119,Hamra
162,2024-11-12,8,101,1,C007,Hamra
3736,2024-12-26,14,205,1,C148,Hamra
3945,2024-01-01,16,104,2,C158,Hamra
1885,2024-12-13,15,305,1,C075,Hamra
2369,2024-07-08,11,110,2,C095,Hamra
4869,2024-07-09,16,308,3,C195,Hamra
4675,2024-11-07,10,505,2,C187,Hamra
4849,2024-04-26,12,409,1,C194,Hamra
62,2024-05-13,14,604,1,C003,Hamra
4563,2024-02-27,17,701,3,C184,Hamra
1964,2024-02-13,9,408,1,C079,Hamra
412,2024-06-21,16,409,1,C017,Hamra
2828,2024-06-08,17,503,1,C112,Hamra
1272,2024-06-21,17,110,1,C052,Hamra
161,2024-11-12,7,305,3,C007,Hamra
2837,2024-10-29,10,101,1,C112,Hamra
3305,2024-05-28,10,203,1,C133,Hamra
1317,2024-03-20,7,101,1,C054,Hamra
1511,2024-07-31,15,105,1,C061,Hamra
2748,2024-07-21,9,301,1,C109,Hamra
387,2024-09-08,11,205,1,C016,Hamra
4873,2024-08-16,12,702,2,C195,Hamra
4665,2024-06-12,14,403,1,C187,Hamra
1155,2024-08-14,12,406,2,C047,Hamra
1176,2024-05-26,9,308,1,C048,Hamra
3035,2024-01-20,12,701,1,C121,Hamra
1583,2024-02-16,7,603,1,C064,Hamra
1230,2024-08-20,10,601,1,C050,Hamra
999,2024-10-31,12,302,2,C041,Hamra
4972,2024-01-14,13,702,2,C200,Hamra
537,2024-05-22,17,409,1,C022,Hamra
2891,2024-01-01,19,203,1,C115,Hamra
4508,2024-02-23,17,204,2,C182,Hamra
114,2024-09-15,16,201,1,C005,Hamra
3663,2024-05-23,9,403,1,C145,Hamra
2526,2024-01-12,15,506,3,C101,Hamra
1962,2024-11-25,18,407,1,C078,Hamra
993,2024-08-11,18,410,3,C041,Hamra
2305,2024-09-28,13,406,1,C092,Hamra
4091,2024-12-23,20,302,2,C163,Hamra
4195,2024-06-04,7,605,1,C168,Hamra
532,2024-01-08,8,109,1,C022,Hamra
4359,2024-05-01,7,110,1,C176,Hamra
1311,2024-12-13,17,108,1,C053,Hamra
2322,2024-06-12,15,306,1,C093,Hamra
220,2024-03-30,15,203,1,C010,Hamra
3686,2024-05-15,13,703,1,C146,Hamra
1204,2024-07-04,16,105,2,C049,Hamra
1783,2024-11-11,9,106,1,C071,Hamra
3963,2024-06-26,19,405,1,C158,Hamra
467,2024-01-28,11,406,1,C019,Hamra
1362,2024-08-07,10,302,1,C055,Hamra
4708,2024-12-22,13,201,1,C188,Hamra
4974,2024-02-10,20,305,1,C200,Hamra
521,2024-08-15,15,701,2,C021,Hamra
635,2024-07-10,18,109,1,C026,Hamra
681,2024-05-24,8,102,1,C028,Hamra
4168,2024-07-19,19,501,2,C167,Hamra
4031,2024-07-30,14,101,2,C161,Hamra
970,2024-08-07,15,104,1,C040,Hamra
711,2024-08-27,16,411,2,C029,Hamra
490,2024-02-15,20,310,1,C020,Hamra
489,2024-02-04,16,103,2,C020,Hamra
1855,2024-09-09,15,109,1,C074,Hamra
3514,2024-03-22,20,307,1,C140,Hamra
3017,2024-09-12,16,308,3,C120,Hamra
2430,2024-07-15,20,202,1,C097,Hamra
3022,2024-10-29,13,110,1,C120,Hamra
605,2024-01-10,15,409,1,C025,Hamra
3853,2024-11-07,15,601,1,C153,Hamra
94,2024-10-12,20,110,1,C004,Hamra
92,2024-08-29,9,405,1,C004,Hamra
3433,2024-09-07,10,307,1,C137,Hamra
3613,2024-12-30,8,106,1,C143,Hamra
626,2024-01-05,16,703,1,C026,Hamra
1971,2024-04-28,9,102,1,C079,Hamra
2265,2024-10-15,17,405,1,C090,Hamra
1763,2024-03-05,17,102,3,C071,Hamra
4002,2024-05-25,11,407,1,C160,Hamra
1901,2024-08-11,11,506,1,C076,Hamra
2488,2024-08-26,12,301,2,C099,Hamra
4466,2024-06-25,19,202,2,C180,Hamra
3173,2024-09-23,13,101,1,C127,Hamra
785,2024-12-06,13,706,2,C032,Hamra
209,2024-10-08,7,108,1,C009,Hamra
1947,2024-03-03,20,701,2,C078,Hamra
309,2024-08-04,8,703,1,C013,Hamra
4582,2024-12-07,18,203,1,C184,Hamra
3111,2024-11-10,15,205,1,C124,Hamra
4279,2024-10-09,16,706,2,C172,Hamra
2406,2024-06-25,8,602,1,C096,Hamra
2068,2024-04-07,12,108,1,C083,Hamra
3954,2024-04-14,17,110,1,C158,Hamra
3624,2024-04-08,17,604,3,C144,Hamra
3534,2024-11-06,7,105,2,C140,Hamra
4838,2024-01-06,9,703,1,C194,Hamra
439,2024-07-15,8,304,1,C018,Hamra
3558,2024-12-16,9,605,1,C141,Hamra
2319,2024-05-12,11,502,1,C093,Hamra
602,2024-12-23,17,201,3,C024,Hamra
2576,2024-09-15,16,706,1,C102,Hamra
3511,2024-01-23,12,601,1,C140,Hamra
1468,2024-02-22,15,305,1,C060,Hamra
1479,2024-06-13,18,305,1,C060,Hamra
2509,2024-07-20,17,306,1,C100,Hamra
4,2024-03-23,16,303,1,C001,Hamra
1046,2024-05-24,18,703,1,C043,Hamra
1351,2024-03-25,18,110,1,C055,Hamra
4192,2024-03-18,19,409,1,C168,Hamra
4807,2024-12-31,10,401,1,C192,Hamra
808,2024-01-01,13,405,1,C034,Hamra
813,2024-02-20,12,109,2,C034,Hamra
4362,2024-06-21,8,604,1,C176,Hamra
4030,2024-07-23,16,704,1,C161,Hamra
4897,2024-09-16,17,406,2,C196,Hamra
3969,2024-10-14,17,506,1,C158,Hamra
2759,2024-02-03,17,104,1,C110,Hamra
2118,2024-12-13,14,106,1,C084,Hamra
2256,2024-04-04,13,204,1,C090,Hamra
1967,2024-03-12,13,104,1,C079,Hamra
1758,2024-02-08,20,401,1,C071,Hamra
1768,2024-06-02,14,605,2,C071,Hamra
2884,2024-09-06,18,701,2,C114,Hamra
705,2024-06-10,18,503,1,C029,Hamra
3794,2024-04-27,19,302,1,C151,Hamra
4060,2024-09-15,20,304,1,C162,Hamra
3605,2024-11-01,17,704,1,C143,Hamra
2440,2024-09-24,7,702,1,C097,Hamra
1293,2024-02-23,19,106,2,C053,Hamra
3668,2024-08-23,7,404,1,C145,Hamra
1597,2024-08-09,14,201,3,C064,Hamra
1516,2024-09-07,10,301,2,C061,Hamra
4611,2024-11-08,11,405,2,C185,Hamra
2713,2024-04-21,14,310,1,C108,Hamra
902,2024-09-11,11,504,1,C037,Hamra
3377,2024-10-29,16,201,1,C135,Hamra
177,2024-07-25,10,107,1,C008,Hamra
1956,2024-08-16,18,401,1,C078,Hamra
1702,2024-12-06,12,307,1,C068,Hamra
513,2024-03-06,19,310,1,C021,Hamra
4715,2024-03-15,18,304,1,C189,Hamra
2342,2024-04-12,11,406,2,C094,Hamra
1874,2024-07-10,20,401,1,C075,Hamra
3938,2024-09-08,13,506,1,C157,Hamra
3845,2024-08-13,20,505,1,C153,Hamra
4646,2024-10-20,16,411,3,C186,Hamra
3581,2024-11-01,13,308,1,C142,Hamra
1951,2024-04-07,19,605,1,C078,Hamra
1640,2024-12-03,10,203,1,C066,Hamra
4527,2024-10-12,18,310,3,C182,Hamra
4878,2024-11-30,19,102,2,C195,Hamra
3973,2024-12-12,11,102,1,C158,Hamra
3693,2024-11-03,19,301,1,C146,Hamra
1331,2024-09-05,9,109,1,C054,Hamra
2503,2024-06-14,10,403,1,C100,Hamra
530,2024-11-30,20,203,1,C021,Hamra
1290,2024-01-30,10,410,2,C053,Hamra
2076,2024-09-03,9,505,3,C083,Hamra
3625,2024-04-15,19,203,1,C144,Hamra
3903,2024-02-20,16,406,1,C156,Hamra
83,2024-03-21,11,306,1,C004,Hamra
1355,2024-05-12,11,407,2,C055,Hamra
363,2024-10-11,17,409,2,C015,Hamra
1591,2024-05-17,13,108,1,C064,Hamra
4822,2024-07-02,10,505,1,C193,Hamra
2840,2024-11-25,19,701,1,C112,Hamra
3640,2024-09-29,10,102,1,C144,Hamra
2978,2024-12-05,15,502,2,C118,Hamra
491,2024-03-09,12,407,1,C020,Hamra
1582,2024-02-03,10,504,2,C064,Hamra
802,2024-09-18,8,403,1,C033,Hamra
2018,2024-02-22,12,501,2,C081,Hamra
4912,2024-07-23,8,505,1,C197,Hamra
3148,2024-05-05,11,101,2,C126,Hamra
1719,2024-08-22,12,505,1,C069,Hamra
4622,2024-02-12,10,110,1,C186,Hamra
4172,2024-08-27,20,104,1,C167,Hamra
4099,2024-04-20,19,410,1,C164,Hamra
2353,2024-09-05,9,110,1,C094,Hamra
1687,2024-05-30,13,605,1,C068,Hamra
2186,2024-07-01,8,201,3,C087,Hamra
531,2024-12-01,19,204,1,C021,Hamra
1560,2024-04-04,17,502,2,C063,Hamra
2124,2024-01-08,20,202,3,C085,Hamra
3351,2024-12-25,12,603,1,C134,Hamra
592,2024-07-02,19,302,1,C024,Hamra
2807,2024-10-07,10,301,1,C111,Hamra
4492,2024-07-13,12,410,1,C181,Hamra
2384,2024-12-17,10,102,1,C095,Hamra
2073,2024-07-13,10,201,3,C083,Hamra
2566,2024-06-03,10,505,1,C102,Hamra
1950,2024-04-02,15,103,1,C078,Hamra
4408,2024-06-08,13,404,1,C178,Hamra
3100,2024-03-01,9,303,2,C124,Hamra
3520,2024-05-01,9,305,1,C140,Hamra
4561,2024-02-20,12,605,1,C184,Hamra
3019,2024-10-03,12,204,1,C120,Hamra
346,2024-01-05,10,409,1,C015,Hamra
2067,2024-04-01,15,702,3,C083,Hamra
4198,2024-06-18,10,406,2,C168,Hamra
4221,2024-11-12,15,504,1,C169,Hamra
4905,2024-01-22,10,506,1,C197,Hamra
4920,2024-11-21,8,303,1,C197,Hamra
123,2024-01-01,8,405,1,C006,Hamra
1660,2024-05-12,11,310,1,C067,Hamra
4033,2024-08-20,10,304,1,C161,Hamra
4244,2024-01-12,13,108,1,C171,Hamra
3077,2024-12-11,20,403,3,C122,Hamra
3739,2024-02-15,17,108,1,C149,Hamra
2088,2024-02-03,11,406,3,C084,Hamra
4814,2024-03-18,12,103,1,C193,Hamra
2803,2024-08-05,16,103,1,C111,Hamra
3671,2024-10-27,10,602,2,C145,Hamra
3391,2024-03-13,19,307,1,C136,Hamra
1600,2024-10-08,18,302,1,C064,Hamra
3154,2024-09-05,8,411,1,C126,Hamra
673,2024-02-16,19,302,1,C028,Hamra
2457,2024-04-30,16,204,3,C098,Hamra
3551,2024-08-01,15,704,2,C141,Hamra
312,2024-08-26,16,109,1,C013,Hamra
4137,2024-02-25,13,405,1,C166,Hamra
3856,2024-12-15,10,306,1,C153,Hamra
4743,2024-04-16,9,202,1,C190,Hamra
3805,2024-11-14,16,501,1,C151,Hamra
2150,2024-02-17,20,407,1,C086,Hamra
512,2024-03-01,9,201,1,C021,Hamra
4528,2024-12-02,15,305,1,C182,Hamra
1550,2024-01-26,11,410,1,C063,Hamra
3970,2024-10-18,19,706,1,C158,Hamra
4896,2024-09-13,9,605,1,C196,Hamra
2787,2024-01-08,11,604,3,C111,Hamra
1891,2024-04-22,8,201,2,C076,Hamra
1836,2024-12-20,17,705,1,C073,Hamra
4012,2024-09-09,10,108,1,C160,Hamra
3824,2024-06-28,16,104,2,C152,Hamra
156,2024-07-25,8,402,3,C007,Hamra
1807,2024-10-29,8,602,2,C072,Hamra
3203,2024-05-06,18,504,1,C129,Hamra
3247,2024-02-25,14,502,3,C131,Hamra
2625,2024-08-01,7,605,1,C104,Hamra
671,2024-01-14,20,405,2,C028,Hamra
1038,2024-01-28,13,602,3,C043,Hamra
2424,2024-03-18,11,701,1,C097,Hamra
1126,2024-08-03,17,701,3,C046,Hamra
26,2024-12-30,14,402,1,C001,Hamra
4146,2024-06-02,7,306,3,C166,Hamra
2554,2024-01-14,17,705,1,C102,Hamra
843,2024-07-05,13,305,3,C035,Hamra
1338,2024-11-07,11,104,1,C054,Hamra
580,2024-01-07,10,201,2,C024,Hamra
3898,2024-01-03,13,203,1,C156,Hamra
535,2024-04-20,16,109,1,C022,Hamra
386,2024-08-25,8,104,1,C016,Hamra
315,2024-12-28,18,202,2,C013,Hamra
2514,2024-08-26,7,109,1,C100,Hamra
2519,2024-09-30,7,203,1,C100,Hamra
1544,2024-10-20,17,701,1,C062,Hamra
4259,2024-08-14,18,401,3,C171,Hamra
2171,2024-01-15,7,502,1,C087,Hamra
1954,2024-07-10,18,506,1,C078,Hamra
3999,2024-04-28,11,203,1,C160,Hamra
1649,2024-01-28,16,503,1,C067,Hamra
2277,2024-07-20,13,403,1,C091,Hamra
4587,2024-02-08,8,304,1,C185,Hamra
4828,2024-09-29,16,309,2,C193,Hamra
4913,2024-08-18,14,304,2,C197,Hamra
4382,2024-03-26,10,702,1,C177,Hamra
795,2024-05-05,18,203,1,C033,Hamra
2910,2024-10-26,9,203,1,C115,Hamra
466,2024-01-25,16,403,1,C019,Hamra
4103,2024-05-24,17,706,2,C164,Hamra
4924,2024-01-13,14,102,1,C198,Hamra
3109,2024-07-30,8,110,1,C124,Hamra
3587,2024-01-25,17,307,1,C143,Hamra
3009,2024-03-08,17,203,2,C120,Hamra
2422,2024-03-07,19,109,1,C097,Hamra
593,2024-08-20,9,408,1,C024,Hamra
654,2024-04-18,18,204,1,C027,Hamra
4387,2024-05-25,9,701,2,C177,Hamra
1868,2024-04-20,16,305,3,C075,Hamra
570,2024-08-15,17,205,1,C023,Hamra
4020,2024-04-20,7,407,1,C161,Hamra
978,2024-02-03,12,408,3,C041,Hamra
1382,2024-04-20,8,302,1,C056,Hamra
3939,2024-09-20,7,309,1,C157,Hamra
3987,2024-08-23,8,405,1,C159,Hamra
4815,2024-03-23,18,203,1,C193,Hamra
2448,2024-02-11,12,605,1,C098,Hamra
3682,2024-04-10,20,701,2,C146,Hamra
124,2024-01-06,10,301,1,C006,Hamra
4467,2024-06-28,12,102,1,C180,Hamra
975,2024-10-08,18,302,2,C040,Hamra
4834,2024-11-15,15,407,1,C193,Hamra
1027,2024-08-13,19,601,1,C042,Hamra
4899,2024-11-10,16,108,1,C196,Hamra
786,2024-12-30,18,705,2,C032,Hamra
228,2024-08-16,16,103,2,C010,Hamra
1724,2024-10-15,14,202,3,C069,Hamra
200,2024-05-29,7,305,2,C009,Hamra
1722,2024-10-03,19,301,1,C069,Hamra
4727,2024-07-16,14,204,1,C189,Hamra
3484,2024-03-10,15,301,2,C139,Hamra
2482,2024-04-21,12,706,1,C099,Hamra
4882,2024-01-04,16,702,1,C196,Hamra
1861,2024-12-15,11,601,1,C074,Hamra
2612,2024-11-26,12,702,1,C103,Hamra
3090,2024-11-13,19,704,3,C123,Hamra
2579,2024-12-15,12,408,1,C102,Hamra
173,2024-04-04,15,405,1,C008,Hamra
4389,2024-05-31,10,202,3,C177,Hamra
3827,2024-11-06,8,205,1,C152,Hamra
4022,2024-05-16,17,303,1,C161,Hamra
477,2024-09-03,17,403,1,C019,Hamra
42,2024-08-30,15,308,2,C002,Hamra
1346,2024-01-31,8,204,2,C055,Hamra
3481,2024-02-09,16,405,2,C139,Hamra
417,2024-08-16,15,408,2,C017,Hamra
4229,2024-02-05,8,603,1,C170,Hamra
1514,2024-08-10,18,205,2,C061,Hamra
3243,2024-01-06,14,107,2,C131,Hamra
2164,2024-11-17,15,205,1,C086,Hamra
845,2024-08-07,18,705,1,C035,Hamra
2588,2024-03-15,16,506,3,C103,Hamra
1624,2024-01-04,15,604,2,C066,Hamra
25,2024-11-30,16,502,2,C001,Hamra
3363,2024-05-13,15,604,2,C135,Hamra
3725,2024-04-27,8,602,1,C148,Hamra
4253,2024-04-03,10,201,1,C171,Hamra
2984,2024-03-02,13,404,1,C119,Hamra
3336,2024-07-12,18,406,1,C134,Hamra
1372,2024-11-30,8,310,2,C055,Hamra
2510,2024-07-21,7,705,1,C100,Hamra
510,2024-01-26,9,309,1,C021,Hamra
1253,2024-06-21,18,304,1,C051,Hamra
4329,2024-10-26,10,102,1,C174,Hamra
4078,2024-05-12,14,307,1,C163,Hamra
2522,2024-11-21,12,305,1,C100,Hamra
174,2024-04-27,17,408,1,C008,Hamra
1700,2024-11-19,8,108,1,C068,Hamra
2703,2024-10-01,15,310,3,C107,Hamra
3634,2024-07-30,20,604,1,C144,Hamra
1666,2024-08-12,8,109,1,C067,Hamra
4951,2024-01-20,19,409,1,C199,Hamra
4799,2024-04-22,18,308,1,C192,Hamra
38,2024-05-19,11,105,1,C002,Hamra
1,2024-02-16,18,310,2,C001,Hamra
4618,2024-01-01,10,108,2,C186,Hamra
6,2024-03-30,19,301,1,C001,Hamra
2564,2024-05-21,13,701,1,C102,Hamra
2913,2024-11-15,14,603,3,C115,Hamra
3359,2024-02-07,11,705,2,C135,Hamra
2215,2024-10-19,16,205,1,C088,Hamra
4909,2024-05-18,20,101,1,C197,Hamra
2310,2024-12-21,20,307,1,C092,Hamra
458,2024-11-28,11,103,1,C018,Hamra
2210,2024-09-15,8,502,1,C088,Hamra
4004,2024-06-09,14,204,1,C160,Hamra
4298,2024-06-26,20,411,1,C173,Hamra
787,2024-01-10,8,303,1,C033,Hamra
1823,2024-09-17,16,605,2,C073,Hamra
4386,2024-05-17,18,505,2,C177,Hamra
4025,2024-06-20,12,303,1,C161,Hamra
4949,2024-01-13,14,103,2,C199,Hamra
4891,2024-06-16,12,110,1,C196,Hamra
679,2024-05-09,10,702,2,C028,Hamra
2177,2024-03-24,19,503,1,C087,Hamra
1310,2024-11-16,10,605,1,C053,Hamra
1081,2024-11-14,12,101,1,C044,Hamra
1998,2024-04-10,20,402,1,C080,Hamra
4554,2024-11-24,19,402,3,C183,Hamra
3469,2024-09-29,10,201,1,C138,Hamra
338,2024-09-21,14,702,1,C014,Hamra
2585,2024-02-07,15,105,1,C103,Hamra
863,2024-04-03,7,107,1,C036,Hamra
816,2024-04-04,19,304,1,C034,Hamra
2216,2024-10-31,10,404,1,C088,Hamra
3679,2024-03-09,10,205,2,C146,Hamra
393,2024-11-13,8,410,2,C016,Hamra
4126,2024-08-23,12,605,3,C165,Hamra
1000,2024-11-29,9,501,1,C041,Hamra
614,2024-05-16,13,202,2,C025,Hamra
3143,2024-03-16,19,405,1,C126,Hamra
170,2024-02-04,17,305,1,C008,Hamra
2811,2024-01-01,17,501,1,C112,Hamra
2357,2024-10-22,11,103,3,C094,Hamra
2112,2024-11-15,10,109,2,C084,Hamra
3678,2024-02-29,11,505,3,C146,Hamra
1699,2024-11-15,14,503,2,C068,Hamra
4375,2024-12-14,9,401,3,C176,Hamra
4946,2024-11-23,20,102,2,C198,Hamra
1670,2024-09-23,13,308,1,C067,Hamra
3699,2024-12-26,20,308,1,C146,Hamra
2805,2024-08-16,12,306,1,C111,Hamra
452,2024-09-26,18,301,1,C018,Hamra
1393,2024-11-11,7,109,1,C056,Hamra
3801,2024-10-12,19,203,1,C151,Hamra
849,2024-10-17,13,403,1,C035,Hamra
3338,2024-07-31,20,402,3,C134,Hamra
2969,2024-06-13,19,704,3,C118,Hamra
625,2024-01-05,13,705,1,C026,Hamra
1521,2024-12-04,20,302,1,C061,Hamra
2205,2024-03-18,18,502,1,C088,Hamra
351,2024-03-02,7,411,1,C015,Hamra
2273,2024-05-11,15,101,2,C091,Hamra
772,2024-03-29,12,303,1,C032,Hamra
3533,2024-08-24,18,704,1,C140,Hamra
3296,2024-02-11,8,109,2,C133,Hamra
1587,2024-03-29,11,203,2,C064,Hamra
4966,2024-10-22,19,504,1,C199,Hamra
2165,2024-11-23,17,603,2,C086,Hamra
3892,2024-10-21,10,205,1,C155,Hamra
1092,2024-04-13,13,601,1,C045,Hamra
835,2024-01-14,14,602,1,C035,Hamra
643,2024-10-14,17,604,1,C026,Hamra
568,2024-06-27,20,104,1,C023,Hamra
3544,2024-05-04,17,408,1,C141,Hamra
3264,2024-12-18,7,309,1,C131,Hamra
698,2024-01-23,11,411,2,C029,Hamra
4845,2024-03-03,9,704,1,C194,Hamra
1593,2024-05-22,7,505,1,C064,Hamra
3906,2024-06-01,18,110,2,C156,Hamra
4102,2024-05-24,9,411,1,C164,Hamra
2856,2024-08-12,20,305,3,C113,Hamra
3347,2024-11-04,12,505,1,C134,Hamra
3486,2024-04-13,20,603,1,C139,Hamra
4139,2024-04-13,13,602,1,C166,Hamra
2961,2024-02-08,14,201,1,C118,Hamra
4057,2024-07-16,19,202,1,C162,Hamra
1662,2024-05-13,17,303,1,C067,Hamra
2710,2024-03-07,10,405,1,C108,Hamra
4321,2024-06-27,9,602,1,C174,Hamra
2149,2024-02-11,11,701,1,C086,Hamra
696,2024-01-15,15,501,1,C029,Hamra
1473,2024-04-20,19,305,1,C060,Hamra
1324,2024-06-05,12,310,1,C054,Hamra
2329,2024-10-15,15,202,1,C093,Hamra
1718,2024-08-18,12,306,1,C069,Hamra
2947,2024-06-05,8,310,2,C117,Hamra
193,2024-02-07,19,201,1,C009,Hamra
3145,2024-04-06,11,109,2,C126,Hamra
1936,2024-10-15,18,703,1,C077,Hamra
232,2024-09-10,17,310,1,C010,Hamra
2568,2024-07-14,15,410,1,C102,Hamra
4886,2024-03-26,14,705,2,C196,Hamra
1442,2024-11-17,13,407,1,C058,Hamra
2844,2024-01-10,7,702,1,C113,Hamra
4453,2024-01-05,10,204,1,C180,Hamra
4050,2024-05-02,18,101,1,C162,Hamra
2682,2024-11-25,13,302,1,C106,Hamra
853,2024-12-18,17,310,1,C035,Hamra
2591,2024-04-27,13,108,1,C103,Hamra
2606,2024-10-20,12,105,1,C103,Hamra
4024,2024-06-07,14,105,1,C161,Hamra
4986,2024-10-29,17,505,2,C200,Hamra
4009,2024-08-15,19,410,2,C160,Hamra
4556,2024-12-30,12,304,1,C183,Hamra
2434,2024-08-03,16,308,1,C097,Hamra
3402,2024-07-02,9,109,2,C136,Hamra
4310,2024-01-15,10,405,1,C174,Hamra
3569,2024-06-05,20,703,1,C142,Hamra
3398,2024-05-15,9,301,2,C136,Hamra
2676,2024-09-17,7,408,1,C106,Hamra
1769,2024-06-05,16,102,1,C071,Hamra
1915,2024-02-16,11,204,2,C077,Hamra
1339,2024-11-19,7,604,1,C054,Hamra
529,2024-11-27,7,101,2,C021,Hamra
2799,2024-06-21,8,401,2,C111,Hamra
1870,2024-05-09,19,310,3,C075,Hamra
328,2024-04-04,10,301,1,C014,Hamra
35,2024-04-24,12,205,1,C002,Hamra
4729,2024-08-30,14,401,1,C189,Hamra
2730,2024-10-18,19,605,1,C108,Hamra
3670,2024-10-08,9,602,1,C145,Hamra
1960,2024-10-25,7,301,1,C078,Hamra
1189,2024-10-09,9,204,1,C048,Hamra
2270,2024-03-09,18,404,1,C091,Hamra
3401,2024-05-27,9,309,1,C136,Hamra
4557,2024-01-11,11,605,2,C184,Hamra
420,2024-09-10,17,205,2,C017,Hamra
4921,2024-11-25,18,304,3,C197,Hamra
288,2024-12-25,18,108,1,C012,Hamra
4134,2024-02-07,10,409,3,C166,Hamra
3685,2024-05-13,19,102,2,C146,Hamra
636,2024-07-18,10,402,1,C026,Hamra
884,2024-01-23,15,110,1,C037,Hamra
1751,2024-10-29,13,410,1,C070,Hamra
4225,2024-12-11,10,308,1,C169,Hamra
1981,2024-10-28,9,702,1,C079,Hamra
4242,2024-12-28,12,108,1,C170,Hamra
2263,2024-08-05,9,403,2,C090,Hamra
988,2024-05-20,12,308,1,C041,Hamra
4334,2024-04-13,17,104,1,C175,Hamra
3577,2024-07-28,19,204,2,C142,Hamra
3202,2024-04-20,17,706,1,C129,Hamra
409,2024-04-13,19,506,3,C017,Hamra
4551,2024-11-11,19,404,1,C183,Hamra
1301,2024-06-19,18,101,3,C053,Hamra
2981,2024-12-21,15,104,1,C118,Hamra
2753,2024-11-19,12,407,1,C109,Hamra
3981,2024-05-12,18,408,1,C159,Hamra
4757,2024-10-19,10,702,2,C190,Hamra
3415,2024-11-23,11,401,2,C136,Hamra
3957,2024-05-06,19,302,1,C158,Hamra
1919,2024-04-15,12,503,3,C077,Hamra
1996,2024-04-01,17,308,1,C080,Hamra
4861,2024-10-13,9,407,1,C194,Hamra
1087,2024-02-20,14,705,2,C045,Hamra
429,2024-01-29,10,205,1,C018,Hamra
2490,2024-10-22,14,203,1,C099,Hamra
4304,2024-10-23,16,102,3,C173,Hamra
3713,2024-08-01,16,304,3,C147,Hamra
1693,2024-09-23,9,309,3,C068,Hamra
2078,2024-09-13,16,603,3,C083,Hamra
1234,2024-10-28,13,309,1,C050,Hamra
611,2024-04-10,17,201,2,C025,Hamra
4157,2024-12-11,19,307,1,C166,Hamra
3043,2024-04-19,18,205,3,C121,Hamra
4105,2024-06-30,15,110,1,C164,Hamra
1697,2024-11-08,10,505,1,C068,Hamra
1373,2024-01-01,14,402,1,C056,Hamra
951,2024-11-14,9,109,1,C039,Hamra
1555,2024-02-24,13,705,1,C063,Hamra
3186,2024-05-28,9,403,2,C128,Hamra
3379,2024-11-04,18,101,2,C135,Hamra
3068,2024-05-16,13,302,1,C122,Hamra
4639,2024-07-20,20,406,2,C186,Hamra
1461,2024-11-08,17,602,1,C059,Hamra
1174,2024-04-26,16,110,1,C048,Hamra
3306,2024-06-02,16,501,1,C133,Hamra
878,2024-10-17,17,404,2,C036,Hamra
2204,2024-03-03,17,303,2,C088,Hamra
618,2024-08-31,12,605,1,C025,Hamra
4289,2024-01-25,8,502,1,C173,Hamra
470,2024-03-30,17,503,1,C019,Hamra
3361,2024-03-15,9,702,1,C135,Hamra
4645,2024-10-20,12,106,1,C186,Hamra
1632,2024-07-28,20,504,1,C066,Hamra
2012,2024-12-12,10,202,1,C080,Hamra
4159,2024-01-17,12,706,3,C167,Hamra
3123,2024-05-07,7,204,1,C125,Hamra
3700,2024-12-29,16,602,1,C146,Hamra
2603,2024-09-07,18,110,1,C103,Hamra
3208,2024-06-27,7,305,2,C129,Hamra
4773,2024-06-30,9,205,2,C191,Hamra
3252,2024-05-31,14,406,2,C131,Hamra
3162,2024-01-25,14,107,1,C127,Hamra
519,2024-06-28,17,505,2,C021,Hamra
3149,2024-07-16,10,110,1,C126,Hamra
3113,2024-12-09,12,110,1,C124,Hamra
3960,2024-06-09,14,701,1,C158,Hamra
255,2024-06-25,13,503,1,C011,Hamra
547,2024-10-11,17,403,3,C022,Hamra
2790,2024-03-03,13,405,2,C111,Hamra
3124,2024-05-29,19,501,1,C125,Hamra
1408,2024-06-02,10,103,1,C057,Hamra
2234,2024-06-04,15,703,1,C089,Hamra
3246,2024-02-18,18,601,1,C131,Hamra
3972,2024-12-02,16,205,1,C158,Hamra
3181,2024-03-24,12,306,3,C128,Hamra
1104,2024-12-26,20,705,3,C045,Hamra
870,2024-06-25,18,501,1,C036,Hamra
2182,2024-05-27,17,202,2,C087,Hamra
2966,2024-04-27,9,104,1,C118,Hamra
1808,2024-12-07,11,605,1,C072,Hamra
4793,2024-03-03,11,109,1,C192,Hamra
4515,2024-07-07,20,503,1,C182,Hamra
1703,2024-12-25,11,506,2,C068,Hamra
4402,2024-02-18,14,403,1,C178,Hamra
2611,2024-11-22,15,308,1,C103,Hamra
3989,2024-09-13,19,603,1,C159,Hamra
709,2024-08-11,15,504,3,C029,Hamra
4664,2024-05-20,19,602,1,C187,Hamra
4106,2024-08-02,12,307,2,C164,Hamra
2649,2024-07-29,12,309,2,C105,Hamra
1833,2024-11-13,15,704,1,C073,Hamra
2982,2024-02-01,10,401,1,C119,Hamra
2135,2024-06-06,12,405,2,C085,Hamra
4876,2024-10-11,10,408,1,C195,Hamra
2245,2024-10-31,17,301,3,C089,Hamra
2243,2024-10-12,7,307,1,C089,Hamra
1893,2024-05-23,13,702,1,C076,Hamra
3479,2024-01-19,20,703,2,C139,Hamra
2918,2024-01-18,16,601,2,C116,Hamra
3498,2024-09-13,17,303,3,C139,Hamra
3861,2024-03-18,18,107,1,C154,Hamra
1302,2024-06-23,12,703,3,C053,Hamra
3574,2024-07-12,15,401,2,C142,Hamra
1589,2024-04-22,13,108,2,C064,Hamra
3453,2024-04-23,19,106,1,C138,Hamra
759,2024-08-09,13,405,1,C031,Hamra
868,2024-06-14,8,503,3,C036,Hamra
239,2024-11-14,18,308,1,C010,Hamra
632,2024-05-11,17,407,1,C026,Hamra
502,2024-09-20,15,307,1,C020,Hamra
3120,2024-02-24,16,506,1,C125,Hamra
1084,2024-12-24,15,601,1,C044,Hamra
1531,2024-05-10,12,603,1,C062,Hamra
1979,2024-10-14,19,109,2,C079,Hamra
207,2024-09-22,9,406,1,C009,Hamra
1787,2024-12-31,7,107,1,C071,Hamra
2259,2024-06-10,10,109,1,C090,Hamra
584,2024-03-27,20,203,1,C024,Hamra
3513,2024-02-24,20,103,1,C140,Hamra
1487,2024-10-14,9,410,2,C060,Hamra
2100,2024-06-26,20,408,1,C084,Hamra
3029,2024-12-14,18,306,3,C120,Hamra
1943,2024-01-08,7,406,1,C078,Hamra
394,2024-11-16,9,705,1,C016,Hamra
717,2024-11-08,20,409,1,C029,Hamra
4011,2024-09-03,20,407,1,C160,Hamra
3004,2024-11-18,10,410,2,C119,Hamra
846,2024-09-11,19,205,2,C035,Hamra
1055,2024-11-23,19,407,1,C043,Hamra
2392,2024-02-23,20,106,1,C096,Hamra
2996,2024-09-05,14,603,1,C119,Hamra
1304,2024-08-26,15,306,1,C053,Hamra
500,2024-08-16,9,408,3,C020,Hamra
2895,2024-03-07,12,407,1,C115,Hamra
171,2024-02-20,16,705,2,C008,Hamra
3065,2024-04-06,17,304,1,C122,Hamra
1010,2024-04-01,11,408,1,C042,Hamra
1934,2024-09-20,12,403,1,C077,Hamra
1748,2024-10-17,10,406,1,C070,Hamra
2793,2024-04-05,16,306,2,C111,Hamra
373,2024-03-28,12,409,1,C016,Hamra
1710,2024-03-18,13,205,2,C069,Hamra
1306,2024-10-14,15,204,1,C053,Hamra
4294,2024-04-29,16,304,3,C173,Hamra
4448,2024-10-28,13,601,1,C179,Hamra
134,2024-06-13,12,205,2,C006,Hamra
3081,2024-06-30,7,106,2,C123,Hamra
801,2024-08-10,8,705,3,C033,Hamra
364,2024-11-06,7,109,1,C015,Hamra
317,2024-01-07,15,501,2,C014,Hamra
4184,2024-11-25,16,305,1,C167,Hamra
1571,2024-09-19,16,409,1,C063,Hamra
107,2024-06-09,15,502,1,C005,Hamra
3045,2024-05-30,13,401,1,C121,Hamra
2255,2024-03-25,19,303,3,C090,Hamra
2692,2024-05-26,8,403,1,C107,Hamra
4459,2024-04-21,12,704,1,C180,Hamra
368,2024-02-05,17,109,1,C016,Hamra
2489,2024-10-11,10,407,1,C099,Hamra
4149,2024-07-06,7,706,1,C166,Hamra
1296,2024-03-22,7,106,1,C053,Hamra
1911,2024-01-02,18,204,1,C077,Hamra
2331,2024-10-29,11,403,1,C093,Hamra
4494,2024-07-15,18,309,3,C181,Hamra
4309,2024-01-11,8,203,2,C174,Hamra
2465,2024-08-21,10,601,3,C098,Hamra
2460,2024-07-13,7,202,1,C098,Hamra
3591,2024-04-28,10,704,1,C143,Hamra
1444,2024-01-20,17,304,1,C059,Hamra
4414,2024-09-17,12,306,1,C178,Hamra
3437,2024-10-19,16,402,1,C137,Hamra
640,2024-09-12,10,304,1,C026,Hamra
73,2024-08-09,7,309,1,C003,Hamra
2512,2024-08-13,13,401,1,C100,Hamra
1145,2024-02-22,20,603,2,C047,Hamra
122,2024-12-20,8,403,1,C005,Hamra
1548,2024-12-07,15,604,1,C062,Hamra
2120,2024-12-29,19,303,1,C084,Hamra
3317,2024-10-06,9,602,1,C133,Hamra
3449,2024-03-21,14,411,1,C138,Hamra
2003,2024-07-20,19,506,1,C080,Hamra
1565,2024-06-06,14,404,1,C063,Hamra
612,2024-04-29,9,302,2,C025,Hamra
1060,2024-02-28,10,104,2,C044,Hamra
3844,2024-08-02,8,602,1,C153,Hamra
3958,2024-05-07,10,603,1,C158,Hamra
336,2024-08-11,17,404,1,C014,Hamra
2161,2024-07-27,17,104,2,C086,Hamra
4255,2024-04-24,17,110,1,C171,Hamra
3912,2024-07-27,20,310,1,C156,Hamra
465,2024-01-14,15,406,1,C019,Hamra
2552,2024-01-09,8,103,1,C102,Hamra
4230,2024-02-09,18,605,2,C170,Hamra
501,2024-08-24,18,102,1,C020,Hamra
1978,2024-10-07,19,310,1,C079,Hamra
3507,2024-12-24,9,702,1,C139,Hamra
4518,2024-07-19,17,106,1,C182,Hamra
2468,2024-09-02,17,401,2,C098,Hamra
3055,2024-10-04,10,108,2,C121,Hamra
3825,2024-08-22,11,410,1,C152,Hamra
4923,2024-01-04,7,402,1,C198,Hamra
411,2024-06-02,13,310,1,C017,Hamra
3901,2024-01-29,20,303,1,C156,Hamra
1218,2024-04-18,16,101,1,C050,Hamra
4542,2024-04-07,13,701,1,C183,Hamra
226,2024-08-02,15,503,1,C010,Hamra
3753,2024-10-19,10,103,1,C149,Hamra
1425,2024-03-15,20,104,1,C058,Hamra
4064,2024-11-21,20,505,2,C162,Hamra
2364,2024-05-25,12,501,1,C095,Hamra
2689,2024-05-07,17,704,2,C107,Hamra
4263,2024-12-06,8,205,1,C171,Hamra
3482,2024-02-11,18,108,1,C139,Hamra
807,2024-12-21,18,502,2,C033,Hamra
4621,2024-02-10,20,703,1,C186,Hamra
1107,2024-02-03,10,304,2,C046,Hamra
4710,2024-01-17,8,605,1,C189,Hamra
4749,2024-06-13,16,401,1,C190,Hamra
3205,2024-06-01,11,503,1,C129,Hamra
3742,2024-03-16,13,110,1,C149,Hamra
1528,2024-03-27,19,502,1,C062,Hamra
4801,2024-04-26,7,204,1,C192,Hamra
2195,2024-12-27,16,702,1,C087,Hamra
1835,2024-12-07,16,505,1,C073,Hamra
4559,2024-01-27,13,304,1,C184,Hamra
22,2024-11-08,16,405,1,C001,Hamra
524,2024-10-13,19,105,1,C021,Hamra
536,2024-05-13,12,406,1,C022,Hamra
4519,2024-08-06,12,107,2,C182,Hamra
89,2024-06-16,18,304,2,C004,Hamra
1611,2024-04-07,14,406,1,C065,Hamra
4445,2024-09-24,14,705,3,C179,Hamra
1568,2024-08-24,12,503,1,C063,Hamra
3607,2024-11-04,9,309,3,C143,Hamra
869,2024-06-21,11,409,2,C036,Hamra
708,2024-07-08,8,308,2,C029,Hamra
4461,2024-05-01,20,701,1,C180,Hamra
4311,2024-02-15,11,603,1,C174,Hamra
1709,2024-03-04,20,504,1,C069,Hamra
3932,2024-05-09,15,106,2,C157,Hamra
2810,2024-11-05,16,502,1,C111,Hamra
4350,2024-12-28,7,505,2,C175,Hamra
3842,2024-07-11,16,411,1,C153,Hamra
3643,2024-11-02,11,402,2,C144,Hamra
2506,2024-06-29,18,201,1,C100,Hamra
998,2024-10-18,12,105,1,C041,Hamra
4830,2024-10-08,20,302,1,C193,Hamra
4907,2024-01-29,17,705,1,C197,Hamra
3728,2024-05-28,13,107,1,C148,Hamra
4916,2024-09-23,15,402,2,C197,Hamra
4114,2024-10-22,12,605,1,C164,Hamra
4619,2024-01-11,11,205,1,C186,Hamra
1180,2024-06-12,18,604,2,C048,Hamra
3225,2024-04-22,13,203,1,C130,Hamra
3935,2024-07-05,19,201,3,C157,Hamra
3642,2024-10-21,7,603,3,C144,Hamra
4083,2024-08-19,17,401,1,C163,Hamra
2804,2024-08-14,20,307,1,C111,Hamra
1545,2024-11-05,11,403,1,C062,Hamra
2687,2024-04-07,8,309,2,C107,Hamra
2665,2024-02-24,10,404,1,C106,Hamra
3274,2024-04-20,13,109,1,C132,Hamra
2850,2024-05-31,11,506,2,C113,Hamra
1692,2024-09-02,18,104,1,C068,Hamra
4428,2024-03-09,12,702,2,C179,Hamra
2246,2024-11-07,8,604,2,C089,Hamra
4037,2024-10-15,9,303,1,C161,Hamra
1957,2024-09-06,13,601,2,C078,Hamra
3812,2024-02-05,17,301,2,C152,Hamra
1879,2024-08-26,8,408,1,C075,Hamra
616,2024-05-27,18,404,1,C025,Hamra
3915,2024-08-14,12,503,1,C156,Hamra
160,2024-08-31,11,110,1,C007,Hamra
2860,2024-12-02,16,109,3,C113,Hamra
882,2024-12-30,7,406,1,C036,Hamra
225,2024-07-19,18,403,1,C010,Hamra
2852,2024-06-02,17,103,1,C113,Hamra
857,2024-03-13,16,204,1,C036,Hamra
440,2024-07-19,17,310,3,C018,Hamra
3345,2024-10-22,10,205,2,C134,Hamra
3357,2024-01-17,17,102,1,C135,Hamra
2562,2024-05-08,8,309,1,C102,Hamra
3530,2024-08-04,10,204,1,C140,Hamra
4209,2024-03-01,7,701,1,C169,Hamra
4766,2024-04-13,8,107,1,C191,Hamra
606,2024-02-11,19,411,1,C025,Hamra
4487,2024-01-25,14,703,3,C181,Hamra
789,2024-02-08,12,309,1,C033,Hamra
2192,2024-10-17,8,402,2,C087,Hamra
1814,2024-05-10,18,501,1,C073,Hamra
137,2024-08-16,12,502,1,C006,Hamra
4744,2024-04-17,16,405,2,C190,Hamra
4855,2024-06-20,15,402,1,C194,Hamra
3424,2024-04-11,13,503,2,C137,Hamra
1675,2024-12-19,15,205,1,C067,Hamra
3615,2024-01-12,11,401,1,C144,Hamra
2328,2024-10-01,13,101,2,C093,Hamra
2712,2024-04-10,17,104,1,C108,Hamra
4537,2024-02-13,20,404,2,C183,Hamra
4200,2024-10-31,13,101,3,C168,Hamra
628,2024-01-17,18,601,1,C026,Hamra
931,2024-11-25,18,703,1,C038,Hamra
4074,2024-02-26,9,604,1,C163,Hamra
4898,2024-11-06,13,307,1,C196,Hamra
4674,2024-10-29,7,201,2,C187,Hamra
3560,2024-01-12,15,110,1,C142,Hamra
4347,2024-11-13,16,302,1,C175,Hamra
2589,2024-03-20,19,411,2,C103,Hamra
4961,2024-08-03,12,605,1,C199,Hamra
4990,2024-12-04,11,401,2,C200,Hamra
1030,2024-09-20,13,701,1,C042,Hamra
4437,2024-05-28,11,306,3,C179,Hamra
3707,2024-03-21,16,203,1,C147,Hamra
1633,2024-08-02,11,109,1,C066,Hamra
4338,2024-07-16,17,201,1,C175,Hamra
4823,2024-07-18,16,201,1,C193,Hamra
1004,2024-01-25,17,106,3,C042,Hamra
917,2024-03-29,13,101,1,C038,Hamra
3553,2024-09-24,16,106,2,C141,Hamra
2668,2024-05-22,13,203,1,C106,Hamra
4265,2024-02-28,19,307,1,C172,Hamra
3829,2024-12-30,17,406,1,C152,Hamra
2389,2024-01-26,9,307,1,C096,Hamra
3949,2024-02-16,9,501,1,C158,Hamra
1747,2024-10-14,16,605,1,C070,Hamra
929,2024-09-22,18,402,3,C038,Hamra
2421,2024-01-16,19,703,1,C097,Hamra
2725,2024-07-17,9,705,1,C108,Hamra
3001,2024-10-08,12,204,1,C119,Hamra
3792,2024-03-26,18,605,1,C151,Hamra
1854,2024-09-06,12,105,3,C074,Hamra
1416,2024-09-26,19,411,1,C057,Hamra
2785,2024-11-30,19,407,1,C110,Hamra
1970,2024-04-26,9,409,1,C079,Hamra
3788,2024-01-07,9,107,1,C151,Hamra
866,2024-05-16,14,506,1,C036,Hamra
1409,2024-06-24,14,701,1,C057,Hamra
3214,2024-11-23,13,110,1,C129,Hamra
4987,2024-11-10,16,703,1,C200,Hamra
72,2024-08-02,10,302,2,C003,Hamra
326,2024-03-22,10,405,1,C014,Hamra
826,2024-08-10,9,306,2,C034,Hamra
1736,2024-04-12,11,203,1,C070,Hamra
1720,2024-09-29,9,101,2,C069,Hamra
4422,2024-01-14,19,101,1,C179,Hamra
2622,2024-06-07,14,605,1,C104,Hamra
703,2024-05-31,13,408,1,C029,Hamra
1172,2024-04-17,19,502,1,C048,Hamra
2348,2024-07-06,9,310,1,C094,Hamra
1980,2024-10-27,15,401,1,C079,Hamra
2943,2024-04-07,18,203,1,C117,Hamra
3627,2024-05-10,20,403,1,C144,Hamra
4608,2024-10-19,19,408,1,C185,Hamra
3457,2024-06-19,11,501,2,C138,Hamra
3711,2024-07-01,15,505,1,C147,Hamra
1677,2024-12-29,13,405,1,C067,Hamra
4095,2024-02-08,13,702,1,C164,Hamra
3266,2024-01-15,12,701,1,C132,Hamra
1864,2024-01-04,8,108,1,C075,Hamra
4040,2024-12-14,15,702,2,C161,Hamra
687,2024-07-28,12,605,1,C028,Hamra
3046,2024-06-09,14,101,1,C121,Hamra
192,2024-01-16,7,202,1,C009,Hamra
3327,2024-04-17,11,105,1,C134,Hamra
3089,2024-11-06,18,309,2,C123,Hamra
1207,2024-08-14,7,106,2,C049,Hamra
2276,2024-06-18,16,310,1,C091,Hamra
3118,2024-02-03,17,101,1,C125,Hamra
1903,2024-09-07,20,310,1,C076,Hamra
3781,2024-09-03,14,101,1,C150,Hamra
2630,2024-09-25,14,407,1,C104,Hamra
4361,2024-05-20,7,506,2,C176,Hamra
3752,2024-09-30,15,506,1,C149,Hamra
793,2024-04-05,8,103,1,C033,Hamra
4576,2024-08-14,18,702,1,C184,Hamra
3927,2024-02-08,15,304,2,C157,Hamra
1308,2024-10-28,7,601,1,C053,Hamra
960,2024-01-29,18,404,2,C040,Hamra
456,2024-11-13,16,703,1,C018,Hamra
4342,2024-09-01,20,102,1,C175,Hamra
311,2024-08-23,20,109,2,C013,Hamra
3886,2024-07-03,15,302,2,C155,Hamra
4755,2024-09-28,10,604,1,C190,Hamra
1853,2024-08-23,15,411,1,C074,Hamra
2412,2024-08-26,13,302,2,C096,Hamra
2654,2024-09-22,17,702,1,C105,Hamra
4306,2024-12-24,12,202,1,C173,Hamra
3263,2024-12-05,11,305,3,C131,Hamra
3759,2024-03-05,17,703,1,C150,Hamra
3884,2024-06-25,15,103,1,C155,Hamra
4534,2024-01-03,8,601,1,C183,Hamra
1663,2024-05-21,20,703,1,C067,Hamra
799,2024-06-06,19,104,1,C033,Hamra
50,2024-11-19,17,302,1,C002,Hamra
1872,2024-05-25,20,703,1,C075,Hamra
4328,2024-10-19,18,501,1,C174,Hamra
1851,2024-06-01,8,604,1,C074,Hamra
4029,2024-07-11,17,506,1,C161,Hamra
4625,2024-03-13,18,205,3,C186,Hamra
3378,2024-10-31,15,408,1,C135,Hamra
3610,2024-12-09,18,301,3,C143,Hamra
633,2024-05-19,9,201,1,C026,Hamra
3492,2024-07-05,14,305,2,C139,Hamra
3192,2024-10-19,17,502,1,C128,Hamra
4138,2024-03-01,15,309,1,C166,Hamra
661,2024-07-16,14,301,2,C027,Hamra
3376,2024-10-21,10,405,2,C135,Hamra
3212,2024-11-14,18,409,1,C129,Hamra
528,2024-10-28,7,101,2,C021,Hamra
1985,2024-12-09,10,309,1,C079,Hamra
3946,2024-01-11,20,309,2,C158,Hamra
2339,2024-03-02,15,109,1,C094,Hamra
184,2024-11-28,8,307,1,C008,Hamra
2075,2024-08-13,9,202,1,C083,Hamra
64,2024-06-01,16,302,1,C003,Hamra
1361,2024-07-17,14,310,2,C055,Hamra
3589,2024-02-21,12,403,1,C143,Hamra
874,2024-09-16,14,205,1,C036,Hamra
127,2024-02-28,13,405,1,C006,Hamra
3038,2024-03-12,20,704,1,C121,Hamra
1018,2024-05-27,19,402,1,C042,Hamra
1236,2024-12-14,19,307,1,C050,Hamra
2815,2024-03-03,11,110,3,C112,Hamra
3694,2024-11-05,15,406,1,C146,Hamra
1232,2024-08-30,10,402,1,C050,Hamra
745,2024-12-31,12,202,2,C030,Hamra
953,2024-11-25,8,604,1,C039,Hamra
2921,2024-04-16,8,406,3,C116,Hamra
3531,2024-08-13,8,407,2,C140,Hamra
1460,2024-11-08,16,407,1,C059,Hamra
1900,2024-08-05,13,505,1,C076,Hamra
4276,2024-08-28,19,603,1,C172,Hamra
3284,2024-09-15,8,410,1,C132,Hamra
4110,2024-09-18,18,706,2,C164,Hamra
1163,2024-01-05,19,604,1,C048,Hamra
3579,2024-09-17,8,306,1,C142,Hamra
2020,2024-02-23,15,110,1,C081,Hamra
1198,2024-02-16,13,301,1,C049,Hamra
1665,2024-08-02,17,107,1,C067,Hamra
1925,2024-06-25,9,104,2,C077,Hamra
3417,2024-01-09,9,402,1,C137,Hamra
515,2024-04-08,13,705,1,C021,Hamra
2639,2024-01-20,11,310,1,C105,Hamra
1803,2024-08-28,16,406,2,C072,Hamra
371,2024-03-01,20,201,1,C016,Hamra
3630,2024-06-26,20,701,2,C144,Hamra
695,2024-12-03,12,305,1,C028,Hamra
4427,2024-03-02,19,411,3,C179,Hamra
4568,2024-05-24,18,302,1,C184,Hamra
2004,2024-08-03,14,603,1,C080,Hamra
1395,2024-01-03,15,201,1,C057,Hamra
2768,2024-06-08,7,405,1,C110,Hamra
1279,2024-08-14,9,410,1,C052,Hamra
4326,2024-09-25,17,505,1,C174,Hamra
4142,2024-04-29,13,502,1,C166,Hamra
2092,2024-03-29,12,307,1,C084,Hamra
1192,2024-11-24,13,706,3,C048,Hamra
3167,2024-03-08,14,601,1,C127,Hamra
4226,2024-12-22,12,701,2,C169,Hamra
2455,2024-04-07,9,704,1,C098,Hamra
2975,2024-09-23,8,402,1,C118,Hamra
4661,2024-04-14,18,501,1,C187,Hamra
2333,2024-11-18,13,604,1,C093,Hamra
1659,2024-05-02,18,702,3,C067,Hamra
1838,2024-01-29,18,410,1,C074,Hamra
2096,2024-05-16,18,104,2,C084,Hamra
4857,2024-07-13,17,301,3,C194,Hamra
3889,2024-08-13,7,301,1,C155,Hamra
4015,2024-11-27,9,306,3,C160,Hamra
4569,2024-06-18,18,401,1,C184,Hamra
216,2024-01-09,17,411,3,C010,Hamra
4187,2024-02-09,10,304,2,C168,Hamra
3648,2024-01-25,19,302,1,C145,Hamra
4643,2024-09-17,20,603,3,C186,Hamra
2973,2024-08-13,7,401,1,C118,Hamra
2426,2024-05-03,11,307,1,C097,Hamra
125,2024-02-07,16,403,1,C006,Hamra
4183,2024-11-23,9,101,1,C167,Hamra
447,2024-09-07,8,602,1,C018,Hamra
1800,2024-06-24,9,411,2,C072,Hamra
2229,2024-03-30,14,601,1,C089,Hamra
1005,2024-02-06,12,501,1,C042,Hamra
96,2024-11-11,19,102,1,C004,Hamra
498,2024-06-24,20,302,1,C020,Hamra
690,2024-10-10,13,504,2,C028,Hamra
4193,2024-03-21,18,502,2,C168,Hamra
4818,2024-04-23,12,306,3,C193,Hamra
2615,2024-02-09,12,109,1,C104,Hamra
1080,2024-10-27,18,203,1,C044,Hamra
569,2024-08-11,9,201,3,C023,Hamra
4612,2024-11-13,18,301,2,C185,Hamra
1162,2024-12-14,19,301,1,C047,Hamra
300,2024-04-24,20,102,1,C013,Hamra
3631,2024-07-04,14,506,3,C144,Hamra
4552,2024-11-18,18,602,2,C183,Hamra
2360,2024-02-25,13,108,1,C095,Hamra
4811,2024-02-09,13,601,2,C193,Hamra
397,2024-12-19,12,506,1,C016,Hamra
2983,2024-02-09,11,203,1,C119,Hamra
4133,2024-12-12,16,302,1,C165,Hamra
4475,2024-08-24,14,503,1,C180,Hamra
2950,2024-10-15,11,309,1,C117,Hamra
234,2024-09-18,15,103,1,C010,Hamra
3073,2024-08-03,15,405,1,C122,Hamra
922,2024-05-26,7,705,2,C038,Hamra
1083,2024-12-01,12,203,3,C044,Hamra
2367,2024-06-16,13,304,1,C095,Hamra
1842,2024-04-01,9,107,1,C074,Hamra
4530,2024-12-18,13,109,3,C182,Hamra
2846,2024-02-28,17,304,1,C113,Hamra
1246,2024-02-28,17,603,2,C051,Hamra
1283,2024-10-30,13,504,2,C052,Hamra
4934,2024-06-17,20,307,1,C198,Hamra
2304,2024-09-25,19,303,2,C092,Hamra
1465,2024-12-28,17,308,2,C059,Hamra
294,2024-02-14,8,102,1,C013,Hamra
4224,2024-12-10,13,703,1,C169,Hamra
276,2024-06-29,7,703,1,C012,Hamra
1226,2024-06-18,11,201,1,C050,Hamra
1420,2024-12-21,15,406,1,C057,Hamra
4411,2024-07-09,13,408,1,C178,Hamra
2992,2024-06-03,13,204,1,C119,Hamra
1412,2024-07-06,17,301,3,C057,Hamra
4503,2024-01-07,19,201,1,C182,Hamra
4850,2024-05-12,18,408,1,C194,Hamra
179,2024-08-22,8,107,1,C008,Hamra
2663,2024-02-14,14,406,1,C106,Hamra
4784,2024-11-09,9,701,1,C191,Hamra
3432,2024-09-05,14,604,1,C137,Hamra
4684,2024-01-31,9,605,1,C188,Hamra
3007,2024-01-23,16,204,2,C120,Hamra
1566,2024-06-08,13,403,3,C063,Hamra
1810,2024-12-28,8,706,1,C072,Hamra
3253,2024-06-06,10,601,1,C131,Hamra
292,2024-02-08,17,301,1,C013,Hamra
3422,2024-03-22,12,304,2,C137,Hamra
1286,2024-12-21,17,302,1,C052,Hamra
1540,2024-09-14,15,401,3,C062,Hamra
2994,2024-07-24,11,106,1,C119,Hamra
2739,2024-03-17,19,601,1,C109,Hamra
168,2024-01-12,15,702,1,C008,Hamra
2378,2024-10-21,11,109,3,C095,Hamra
3130,2024-08-11,16,703,2,C125,Hamra
4287,2024-01-13,14,302,1,C173,Hamra
1292,2024-02-15,19,406,1,C053,Hamra
1563,2024-06-03,19,202,1,C063,Hamra
2363,2024-04-22,7,308,1,C095,Hamra
2037,2024-08-20,13,105,2,C081,Hamra
1396,2024-01-17,10,601,2,C057,Hamra
4532,2024-12-25,11,411,2,C182,Hamra
3714,2024-08-10,12,411,3,C147,Hamra
1674,2024-12-19,11,103,1,C067,Hamra
1119,2024-07-06,18,309,2,C046,Hamra
2359,2024-12-09,7,302,2,C094,Hamra
3477,2024-12-30,18,503,1,C138,Hamra
2853,2024-06-11,15,401,2,C113,Hamra
2334,2024-11-21,8,104,1,C093,Hamra
3680,2024-03-14,15,603,2,C146,Hamra
3532,2024-08-20,16,202,1,C140,Hamra
1206,2024-08-11,8,101,1,C049,Hamra
575,2024-11-14,15,306,1,C023,Hamra
1525,2024-02-29,12,304,1,C062,Hamra
263,2024-11-30,17,306,1,C011,Hamra
1821,2024-08-09,15,705,1,C073,Hamra
2960,2024-02-06,19,303,1,C118,Hamra
4580,2024-10-04,12,601,1,C184,Hamra
2208,2024-07-14,12,705,2,C088,Hamra
2247,2024-12-17,19,103,3,C089,Hamra
1365,2024-08-29,17,702,1,C055,Hamra
3854,2024-11-19,20,602,2,C153,Hamra
204,2024-08-06,8,407,1,C009,Hamra
277,2024-07-10,14,110,2,C012,Hamra
3478,2024-01-17,9,504,1,C139,Hamra
2845,2024-01-12,13,205,1,C113,Hamra
4150,2024-07-11,11,105,1,C166,Hamra
3899,2024-01-22,9,104,1,C156,Hamra
175,2024-04-29,7,403,2,C008,Hamra
4340,2024-07-28,14,706,2,C175,Hamra
880,2024-11-01,9,705,1,C036,Hamra
3134,2024-09-26,8,704,1,C125,Hamra
1228,2024-07-10,7,706,2,C050,Hamra
2693,2024-06-23,10,104,2,C107,Hamra
211,2024-10-11,19,205,1,C009,Hamra
4694,2024-07-22,14,302,1,C188,Hamra
4981,2024-06-12,19,602,1,C200,Hamra
1669,2024-09-07,9,103,1,C067,Hamra
1303,2024-08-14,20,110,1,C053,Hamra
2044,2024-01-07,7,605,1,C082,Hamra
2758,2024-01-29,10,506,2,C110,Hamra
3650,2024-02-02,15,308,1,C145,Hamra
1300,2024-05-13,19,303,3,C053,Hamra
3904,2024-03-19,7,101,2,C156,Hamra
2865,2024-02-27,18,410,3,C114,Hamra
1551,2024-01-26,20,706,1,C063,Hamra
3599,2024-08-13,17,406,2,C143,Hamra
479,2024-10-11,8,602,1,C019,Hamra
3097,2024-01-04,15,101,1,C124,Hamra
2154,2024-04-08,8,103,1,C086,Hamra
1729,2024-02-08,19,103,1,C070,Hamra
1158,2024-09-27,9,501,2,C047,Hamra
4965,2024-10-11,13,304,2,C199,Hamra
2718,2024-06-05,9,404,1,C108,Hamra
4357,2024-03-15,15,310,1,C176,Hamra
506,2024-10-14,12,408,1,C020,Hamra
890,2024-05-09,9,411,1,C037,Hamra
3232,2024-06-23,15,404,2,C130,Hamra
4795,2024-03-24,7,401,1,C192,Hamra
856,2024-01-22,16,104,3,C036,Hamra
3293,2024-01-27,9,702,1,C133,Hamra
1596,2024-07-13,7,204,1,C064,Hamra
164,2024-12-02,8,703,1,C007,Hamra
4942,2024-08-23,18,402,1,C198,Hamra
3010,2024-04-01,14,408,1,C120,Hamra
533,2024-01-21,13,307,2,C022,Hamra
1134,2024-10-29,8,701,2,C046,Hamra
4205,2024-12-22,8,103,1,C168,Hamra
4716,2024-03-24,15,308,1,C189,Hamra
2777,2024-09-18,19,306,1,C110,Hamra
1116,2024-05-26,19,505,1,C046,Hamra
688,2024-09-13,12,308,1,C028,Hamra
2175,2024-02-27,11,104,1,C087,Hamra
836,2024-01-15,16,306,2,C035,Hamra
3207,2024-06-10,12,501,2,C129,Hamra
3934,2024-06-11,15,601,3,C157,Hamra
213,2024-11-15,17,406,1,C009,Hamra
208,2024-10-07,13,306,3,C009,Hamra
545,2024-10-06,16,401,1,C022,Hamra
4761,2024-01-12,16,505,1,C191,Hamra
4860,2024-09-30,20,410,3,C194,Hamra
4644,2024-09-27,15,502,1,C186,Hamra
1742,2024-07-26,10,309,1,C070,Hamra
4536,2024-01-27,8,201,2,C183,Hamra
3541,2024-03-12,18,505,3,C141,Hamra
3706,2024-02-29,14,404,2,C147,Hamra
4023,2024-05-24,10,605,1,C161,Hamra
1610,2024-04-02,19,103,1,C065,Hamra
4704,2024-11-04,15,101,3,C188,Hamra
3509,2024-01-08,10,705,1,C140,Hamra
1041,2024-03-19,14,304,1,C043,Hamra
399,2024-01-27,15,604,1,C017,Hamra
1690,2024-06-22,19,702,1,C068,Hamra
699,2024-02-19,15,307,1,C029,Hamra
4546,2024-07-17,16,204,1,C183,Hamra
3381,2024-12-14,10,702,1,C135,Hamra
1071,2024-06-29,7,204,1,C044,Hamra
3292,2024-01-24,9,602,1,C133,Hamra
4705,2024-11-11,15,301,1,C188,Hamra
3325,2024-02-15,10,408,2,C134,Hamra
147,2024-01-15,11,203,1,C007,Hamra
4320,2024-06-01,13,502,1,C174,Hamra
4601,2024-08-09,11,702,3,C185,Hamra
1329,2024-07-24,10,202,1,C054,Hamra
1131,2024-09-29,8,704,1,C046,Hamra
3464,2024-08-23,8,502,1,C138,Hamra
98,2024-12-05,19,503,2,C004,Hamra
4872,2024-08-15,19,408,3,C195,Hamra
3830,2024-01-09,10,408,3,C153,Hamra
2275,2024-06-14,16,404,2,C091,Hamra
1518,2024-11-14,19,105,1,C061,Hamra
4151,2024-08-01,16,106,1,C166,Hamra
3998,2024-04-26,19,406,1,C160,Hamra
3808,2024-12-09,15,301,1,C151,Hamra
2792,2024-03-12,14,406,2,C111,Hamra
887,2024-03-04,9,310,1,C037,Hamra
70,2024-07-23,20,701,1,C003,Hamra
308,2024-07-27,15,604,2,C013,Hamra
4046,2024-03-12,20,408,1,C162,Hamra
2212,2024-10-03,11,203,1,C088,Hamra
4829,2024-09-30,17,705,1,C193,Hamra
1909,2024-11-15,9,110,1,C076,Hamra
186,2024-12-03,11,309,1,C008,Hamra
2085,2024-12-31,19,110,1,C083,Hamra
196,2024-04-04,16,505,1,C009,Hamra
3909,2024-06-14,19,406,2,C156,Hamra
1945,2024-02-01,10,203,3,C078,Hamra
3098,2024-01-11,14,103,1,C124,Hamra
3692,2024-10-27,19,703,1,C146,Hamra
1025,2024-08-04,18,705,2,C042,Hamra
997,2024-10-15,11,409,3,C041,Hamra
4928,2024-04-11,16,702,1,C198,Hamra
4035,2024-09-23,18,403,1,C161,Hamra
2238,2024-08-01,14,304,2,C089,Hamra
1926,2024-06-27,15,308,1,C077,Hamra
1319,2024-03-28,10,603,1,C054,Hamra
4096,2024-02-10,13,407,1,C164,Hamra
2423,2024-03-16,8,203,1,C097,Hamra
2449,2024-02-15,12,408,1,C098,Hamra
1385,2024-06-08,14,409,1,C056,Hamra
2497,2024-03-20,18,408,2,C100,Hamra
3672,2024-11-05,13,105,1,C145,Hamra
219,2024-03-26,13,103,1,C010,Hamra
1062,2024-04-01,14,107,1,C044,Hamra
3231,2024-05-27,13,309,2,C130,Hamra
3571,2024-06-09,11,307,1,C142,Hamra
4214,2024-07-20,13,603,1,C169,Hamra
3235,2024-08-29,19,308,1,C130,Hamra
486,2024-12-18,20,405,2,C019,Hamra
1987,2024-01-02,16,303,1,C080,Hamra
2239,2024-08-12,9,407,1,C089,Hamra
19,2024-10-15,11,706,1,C001,Hamra
3234,2024-08-20,13,107,2,C130,Hamra
650,2024-03-17,15,408,1,C027,Hamra
36,2024-04-25,8,105,2,C002,Hamra
4438,2024-06-02,10,702,2,C179,Hamra
3451,2024-04-12,18,403,3,C138,Hamra
476,2024-07-12,13,108,1,C019,Hamra
3548,2024-06-14,7,205,3,C141,Hamra
4376,2024-12-24,19,705,1,C176,Hamra
2868,2024-03-30,8,104,1,C114,Hamra
1387,2024-06-22,15,409,2,C056,Hamra
4978,2024-05-01,19,105,1,C200,Hamra
4567,2024-05-22,16,408,1,C184,Hamra
4405,2024-04-15,13,105,1,C178,Hamra
2381,2024-10-31,18,502,1,C095,Hamra
4307,2024-12-25,16,409,1,C173,Hamra
4678,2024-11-12,13,401,2,C187,Hamra
4166,2024-05-02,12,101,2,C167,Hamra
3738,2024-01-09,9,104,1,C149,Hamra
4550,2024-09-18,16,503,1,C183,Hamra
1401,2024-03-13,9,401,3,C057,Hamra
2581,2024-12-24,8,408,1,C102,Hamra
4218,2024-08-10,17,408,1,C169,Hamra
1730,2024-02-10,12,108,1,C070,Hamra
2053,2024-07-22,10,305,1,C082,Hamra
1209,2024-09-20,11,301,1,C049,Hamra
4282,2024-11-23,9,306,1,C172,Hamra
4081,2024-06-26,12,603,1,C163,Hamra
2289,2024-12-13,17,401,1,C091,Hamra
120,2024-11-13,18,308,1,C005,Hamra
4955,2024-03-24,9,303,2,C199,Hamra
4450,2024-11-13,20,406,2,C179,Hamra
1405,2024-04-20,20,705,1,C057,Hamra
4642,2024-09-07,14,506,1,C186,Hamra
2291,2024-01-07,15,202,3,C092,Hamra
858,2024-03-24,10,101,1,C036,Hamra
3460,2024-07-26,15,506,2,C138,Hamra
4417,2024-11-09,18,109,1,C178,Hamra
4120,2024-01-22,13,103,3,C165,Hamra
2812,2024-01-03,9,704,1,C112,Hamra
3726,2024-05-06,13,401,1,C148,Hamra
314,2024-10-23,20,109,2,C013,Hamra
3072,2024-07-06,7,506,1,C122,Hamra
2757,2024-12-27,9,704,1,C109,Hamra
3702,2024-01-14,12,301,1,C147,Hamra
2293,2024-01-12,10,309,2,C092,Hamra
2559,2024-03-27,13,703,1,C102,Hamra
1376,2024-01-12,20,204,1,C056,Hamra
1086,2024-01-25,9,103,1,C045,Hamra
1488,2024-10-27,7,409,1,C060,Hamra
4895,2024-08-30,15,408,1,C196,Hamra
4593,2024-05-01,12,703,1,C185,Hamra
1323,2024-05-26,14,309,1,C054,Hamra
885,2024-02-24,9,109,1,C037,Hamra
899,2024-08-25,14,203,1,C037,Hamra
344,2024-12-21,8,102,1,C014,Hamra
2368,2024-06-21,18,107,1,C095,Hamra
4274,2024-08-08,10,701,1,C172,Hamra
2560,2024-04-28,9,306,3,C102,Hamra
1033,2024-11-04,16,304,1,C042,Hamra
13,2024-07-01,7,310,2,C001,Hamra
573,2024-10-14,19,605,1,C023,Hamra
4806,2024-11-02,19,307,1,C192,Hamra
691,2024-10-26,13,201,1,C028,Hamra
3272,2024-03-22,17,408,1,C132,Hamra
4217,2024-07-29,16,407,3,C169,Hamra
4690,2024-05-29,8,306,3,C188,Hamra
430,2024-02-06,10,503,2,C018,Hamra
4790,2024-12-17,15,305,1,C191,Hamra
4735,2024-11-07,12,108,1,C189,Hamra
1214,2024-12-26,14,506,1,C049,Hamra
1146,2024-02-28,8,501,3,C047,Hamra
2900,2024-05-10,13,109,1,C115,Hamra
945,2024-07-20,12,310,1,C039,Hamra
139,2024-08-30,19,310,1,C006,Hamra
1291,2024-02-04,20,408,1,C053,Hamra
610,2024-04-02,15,102,3,C025,Hamra
2486,2024-07-25,13,304,1,C099,Hamra
1623,2024-12-18,7,604,1,C065,Hamra
3321,2024-11-27,20,305,1,C133,Hamra
4832,2024-10-31,14,506,2,C193,Hamra
188,2024-12-15,17,505,1,C008,Hamra
947,2024-07-31,16,506,2,C039,Hamra
2797,2024-06-07,9,404,1,C111,Hamra
1037,2024-01-24,20,106,2,C043,Hamra
2058,2024-10-19,8,302,2,C082,Hamra
3078,2024-01-04,18,310,1,C123,Hamra
3313,2024-08-07,9,502,1,C133,Hamra
99,2024-12-29,17,104,1,C004,Hamra
2709,2024-01-20,12,405,1,C108,Hamra
2321,2024-05-31,19,305,2,C093,Hamra
3200,2024-02-19,20,103,1,C129,Hamra
2346,2024-06-25,9,308,1,C094,Hamra
1381,2024-04-05,16,704,1,C056,Hamra
4291,2024-04-14,11,303,1,C173,Hamra
4826,2024-09-06,12,401,2,C193,Hamra
59,2024-04-26,14,411,1,C003,Hamra
553,2024-12-19,13,108,3,C022,Hamra
4983,2024-08-15,20,302,3,C200,Hamra
1380,2024-03-06,17,406,1,C056,Hamra
459,2024-11-30,14,501,1,C018,Hamra
3847,2024-09-18,9,603,2,C153,Hamra
4372,2024-10-21,10,408,1,C176,Hamra
2929,2024-08-30,12,402,1,C116,Hamra
2101,2024-07-04,17,603,1,C084,Hamra
3988,2024-09-02,13,104,1,C159,Hamra
726,2024-05-04,15,307,2,C030,Hamra
2008,2024-09-24,19,401,1,C080,Hamra
1630,2024-05-10,7,407,1,C066,Hamra
230,2024-08-24,19,309,3,C010,Hamra
4950,2024-01-18,14,604,2,C199,Hamra
1447,2024-02-09,14,410,1,C059,Hamra
1241,2024-01-21,12,501,2,C051,Hamra
3085,2024-08-12,10,407,1,C123,Hamra
3442,2024-12-20,9,107,2,C137,Hamra
1334,2024-10-08,17,408,1,C054,Hamra
4739,2024-01-08,9,406,1,C190,Hamra
2025,2024-04-09,12,202,2,C081,Hamra
3431,2024-08-27,19,201,1,C137,Hamra
195,2024-03-27,14,309,3,C009,Hamra
2549,2024-10-24,13,108,1,C101,Hamra
3810,2024-01-14,17,407,3,C152,Hamra
954,2024-11-29,7,502,3,C039,Hamra
3382,2024-01-02,17,307,1,C136,Hamra
3851,2024-10-19,12,409,2,C153,Hamra
2784,2024-11-20,13,304,1,C110,Hamra
1625,2024-02-10,18,705,3,C066,Hamra
238,2024-11-13,13,305,1,C010,Hamra
2952,2024-11-11,15,204,2,C117,Hamra
3818,2024-04-20,17,408,1,C152,Hamra
2062,2024-01-14,17,110,1,C083,Hamra
4671,2024-08-18,16,301,1,C187,Hamra
3978,2024-03-24,11,104,1,C159,Hamra
3487,2024-05-09,7,402,2,C139,Hamra
3340,2024-08-18,8,403,1,C134,Hamra
1753,2024-11-21,10,601,1,C070,Hamra
4001,2024-05-24,11,301,1,C160,Hamra
956,2024-12-10,15,705,1,C039,Hamra
4352,2024-01-28,17,408,1,C176,Hamra
298,2024-03-06,7,701,2,C013,Hamra
1454,2024-06-11,9,304,3,C059,Hamra
1667,2024-08-16,11,306,1,C067,Hamra
4579,2024-09-17,9,307,1,C184,Hamra
989,2024-06-12,10,109,1,C041,Hamra
4581,2024-10-27,20,109,1,C184,Hamra
850,2024-10-29,9,109,1,C035,Hamra
4154,2024-10-13,10,402,2,C166,Hamra
2014,2024-01-10,20,302,1,C081,Hamra
4870,2024-07-13,19,602,2,C195,Hamra
819,2024-04-27,19,603,1,C034,Hamra
1905,2024-09-26,7,108,1,C076,Hamra
1734,2024-03-20,18,301,1,C070,Hamra
252,2024-04-02,14,303,1,C011,Hamra
2833,2024-09-22,10,408,1,C112,Hamra
666,2024-11-27,13,101,2,C027,Hamra
1193,2024-12-15,8,202,1,C048,Hamra
603,2024-12-26,8,106,2,C024,Hamra
450,2024-09-13,12,505,1,C018,Hamra
657,2024-05-12,20,105,1,C027,Hamra
1332,2024-10-02,8,301,1,C054,Hamra
1366,2024-09-20,12,303,1,C055,Hamra
3014,2024-06-19,17,702,1,C120,Hamra
508,2024-01-01,8,303,1,C021,Hamra
4676,2024-11-08,10,101,1,C187,Hamra
2894,2024-03-04,13,304,1,C115,Hamra
4063,2024-10-10,14,108,1,C162,Hamra
3011,2024-04-30,9,103,1,C120,Hamra
1426,2024-04-16,20,310,1,C058,Hamra
4363,2024-06-23,19,105,3,C176,Hamra
1328,2024-07-22,15,504,1,C054,Hamra
3687,2024-06-13,8,304,2,C146,Hamra
80,2024-10-31,14,303,1,C003,Hamra
3819,2024-04-29,14,703,2,C152,Hamra
3199,2024-02-13,19,706,1,C129,Hamra
144,2024-11-07,20,406,3,C006,Hamra
474,2024-06-04,10,408,1,C019,Hamra
2160,2024-07-25,7,605,2,C086,Hamra
2898,2024-04-17,19,303,1,C115,Hamra
4260,2024-09-07,7,503,1,C171,Hamra
3092,2024-11-29,8,301,1,C123,Hamra
3396,2024-05-09,20,301,1,C136,Hamra
4918,2024-10-19,18,605,1,C197,Hamra
4454,2024-01-20,20,502,1,C180,Hamra
1827,2024-10-08,15,505,1,C073,Hamra
1161,2024-10-11,19,107,3,C047,Hamra
2121,2024-01-01,8,204,1,C085,Hamra
678,2024-04-28,8,601,2,C028,Hamra
1108,2024-02-04,12,706,1,C046,Hamra
3279,2024-07-16,13,701,1,C132,Hamra
3016,2024-09-01,19,310,3,C120,Hamra
3390,2024-02-28,13,407,2,C136,Hamra
2935,2024-11-20,19,502,2,C116,Hamra
1507,2024-06-09,15,307,1,C061,Hamra
413,2024-06-27,12,301,1,C017,Hamra
824,2024-07-24,20,705,1,C034,Hamra
488,2024-01-12,14,404,1,C020,Hamra
4062,2024-10-02,17,301,1,C162,Hamra
1049,2024-06-29,12,202,2,C043,Hamra
231,2024-08-29,8,302,2,C010,Hamra
2351,2024-08-03,7,501,1,C094,Hamra
3967,2024-09-07,11,402,1,C158,Hamra
2909,2024-10-25,20,310,2,C115,Hamra
3835,2024-05-05,15,203,1,C153,Hamra
3171,2024-08-04,14,108,1,C127,Hamra
4610,2024-11-01,20,105,1,C185,Hamra
2783,2024-10-11,19,202,1,C110,Hamra
4774,2024-07-03,10,505,3,C191,Hamra
2684,2024-02-08,11,103,1,C107,Hamra
2650,2024-08-10,19,410,1,C105,Hamra
1770,2024-07-02,11,408,1,C071,Hamra
4336,2024-06-26,12,307,3,C175,Hamra
2111,2024-10-20,9,703,2,C084,Hamra
82,2024-12-05,11,602,1,C003,Hamra
1117,2024-05-30,8,109,1,C046,Hamra
4101,2024-05-05,16,505,1,C164,Hamra
645,2024-10-27,7,303,1,C026,Hamra
3471,2024-11-03,17,703,1,C138,Hamra
4065,2024-12-01,7,404,1,C162,Hamra
178,2024-08-21,16,503,1,C008,Hamra
1343,2024-01-08,13,402,1,C055,Hamra
2288,2024-12-06,8,411,1,C091,Hamra
3454,2024-05-08,10,603,2,C138,Hamra
4607,2024-09-20,11,302,1,C185,Hamra
2876,2024-06-05,13,409,1,C114,Hamra
1986,2024-12-17,8,604,3,C079,Hamra
2550,2024-12-23,20,103,1,C101,Hamra
2146,2024-01-05,12,105,2,C086,Hamra
1090,2024-03-26,7,204,1,C045,Hamra
1227,2024-06-23,13,103,1,C050,Hamra
1601,2024-10-16,15,308,2,C064,Hamra
2370,2024-07-11,11,503,1,C095,Hamra
48,2024-11-06,11,405,2,C002,Hamra
4293,2024-04-28,10,703,1,C173,Hamra
2372,2024-08-05,9,603,1,C095,Hamra
1529,2024-04-23,15,308,1,C062,Hamra
3566,2024-05-24,11,402,1,C142,Hamra
1837,2024-01-26,14,110,1,C074,Hamra
2500,2024-05-15,15,310,1,C100,Hamra
2809,2024-10-29,11,203,1,C111,Hamra
2628,2024-08-19,16,301,1,C104,Hamra
354,2024-03-16,15,505,2,C015,Hamra
343,2024-11-23,8,409,1,C014,Hamra
3990,2024-12-10,15,501,3,C159,Hamra
3942,2024-10-28,17,307,1,C157,Hamra
663,2024-10-15,10,302,1,C027,Hamra
2122,2024-01-01,12,308,2,C085,Hamra
199,2024-05-26,12,411,1,C009,Hamra
505,2024-10-13,12,702,1,C020,Hamra
4630,2024-05-21,8,109,1,C186,Hamra
1966,2024-02-22,13,705,1,C079,Hamra
4396,2024-10-30,19,102,1,C177,Hamra
1400,2024-03-09,12,407,3,C057,Hamra
3646,2024-12-26,17,703,1,C144,Hamra
2498,2024-03-30,20,706,2,C100,Hamra
1878,2024-08-07,7,307,1,C075,Hamra
3403,2024-07-10,8,601,1,C136,Hamra
1654,2024-03-03,13,203,1,C067,Hamra
469,2024-03-13,7,108,2,C019,Hamra
2646,2024-06-09,7,101,2,C105,Hamra
4867,2024-06-17,7,302,1,C195,Hamra
4097,2024-03-29,14,202,1,C164,Hamra
4691,2024-06-24,10,104,1,C188,Hamra
4111,2024-09-25,10,706,1,C164,Hamra
249,2024-03-13,19,203,1,C011,Hamra
1261,2024-09-01,8,406,2,C051,Hamra
3144,2024-03-17,17,505,1,C126,Hamra
2000,2024-06-07,17,107,2,C080,Hamra
4553,2024-11-19,17,308,1,C183,Hamra
1320,2024-04-07,7,309,1,C054,Hamra
407,2024-04-11,18,105,1,C017,Hamra
4746,2024-05-11,16,105,2,C190,Hamra
4232,2024-04-11,15,302,2,C170,Hamra
581,2024-01-19,13,405,1,C024,Hamra
3657,2024-03-22,10,109,1,C145,Hamra
1188,2024-10-05,18,106,1,C048,Hamra
2117,2024-12-04,12,310,1,C084,Hamra
4948,2024-12-30,20,304,1,C198,Hamra
163,2024-11-26,8,301,2,C007,Hamra
3563,2024-05-08,13,306,1,C142,Hamra
265,2024-12-09,8,102,2,C011,Hamra
284,2024-11-05,16,110,1,C012,Hamra
2763,2024-03-29,14,301,1,C110,Hamra
3312,2024-07-31,14,501,3,C133,Hamra
3303,2024-05-22,7,205,1,C133,Hamra
3180,2024-03-05,19,203,3,C128,Hamra
3722,2024-03-16,14,203,1,C148,Hamra
1327,2024-07-17,8,407,1,C054,Hamra
1356,2024-05-22,12,603,2,C055,Hamra
4647,2024-11-11,19,605,3,C186,Hamra
1969,2024-04-02,7,604,1,C079,Hamra
2266,2024-10-31,11,108,1,C090,Hamra
2437,2024-08-11,17,601,2,C097,Hamra
3174,2024-10-17,13,303,2,C127,Hamra
723,2024-04-11,19,411,1,C030,Hamra
597,2024-09-23,16,401,2,C024,Hamra
3265,2024-12-20,7,110,1,C131,Hamra
3066,2024-04-19,8,406,1,C122,Hamra
2523,2024-11-25,13,408,1,C100,Hamra
4370,2024-09-21,12,404,1,C176,Hamra
1756,2024-01-03,9,105,3,C071,Hamra
3762,2024-03-25,20,203,1,C150,Hamra
340,2024-10-08,16,101,3,C014,Hamra
1191,2024-11-23,8,308,1,C048,Hamra
716,2024-10-30,16,504,2,C029,Hamra
1221,2024-04-26,10,103,2,C050,Hamra
3462,2024-08-08,9,103,1,C138,Hamra
4959,2024-06-02,13,107,1,C199,Hamra
658,2024-06-01,14,411,1,C027,Hamra
1963,2024-01-12,8,410,2,C079,Hamra
2400,2024-05-12,16,205,2,C096,Hamra
3918,2024-10-30,13,504,1,C156,Hamra
3436,2024-10-19,14,103,2,C137,Hamra
1782,2024-10-26,12,404,1,C071,Hamra
2005,2024-08-15,12,405,1,C080,Hamra
3876,2024-09-27,16,503,2,C154,Hamra
2016,2024-02-12,7,303,1,C081,Hamra
2194,2024-12-08,10,201,2,C087,Hamra
183,2024-11-21,20,601,1,C008,Hamra
47,2024-10-28,7,702,1,C002,Hamra
4617,2024-12-29,10,502,1,C185,Hamra
4455,2024-01-21,8,504,1,C180,Hamra
4627,2024-04-16,17,101,2,C186,Hamra
3093,2024-12-01,19,404,1,C123,Hamra
3056,2024-10-29,11,110,1,C121,Hamra
2396,2024-04-26,16,403,1,C096,Hamra
2318,2024-05-03,20,406,1,C093,Hamra
78,2024-10-07,15,304,2,C003,Hamra
3410,2024-10-18,17,103,1,C136,Hamra
4669,2024-07-21,18,411,1,C187,Hamra
30,2024-02-20,16,601,3,C002,Hamra
4754,2024-09-27,9,205,1,C190,Hamra
2915,2024-11-19,14,408,2,C115,Hamra
1211,2024-10-03,9,505,1,C049,Hamra
2535,2024-05-20,12,601,1,C101,Hamra
3733,2024-10-01,10,704,2,C148,Hamra
715,2024-10-16,14,603,2,C029,Hamra
3674,2024-11-29,17,401,1,C145,Hamra
1839,2024-02-21,12,301,1,C074,Hamra
2640,2024-01-27,14,411,1,C105,Hamra
3774,2024-06-05,7,408,1,C150,Hamra
138,2024-08-26,12,305,2,C006,Hamra
1532,2024-06-04,7,203,1,C062,Hamra
765,2024-10-17,7,408,1,C031,Hamra
4747,2024-05-15,14,105,2,C190,Hamra
2990,2024-05-23,13,501,1,C119,Hamra
271,2024-04-15,9,204,1,C012,Hamra
275,2024-06-06,12,402,2,C012,Hamra
4771,2024-05-25,15,308,2,C191,Hamra
3614,2024-01-02,13,204,1,C144,Hamra
608,2024-03-17,18,504,1,C025,Hamra
3773,2024-05-11,9,104,1,C150,Hamra
2271,2024-03-30,20,503,1,C091,Hamra
2218,2024-12-10,20,705,1,C088,Hamra
1910,2024-12-15,19,304,2,C076,Hamra
451,2024-09-19,12,605,3,C018,Hamra
1103,2024-12-16,17,104,2,C045,Hamra
2795,2024-04-17,10,405,1,C111,Hamra
1993,2024-03-14,20,304,2,C080,Hamra
1679,2024-02-08,19,406,1,C068,Hamra
3523,2024-06-07,9,406,1,C140,Hamra
4381,2024-03-11,15,109,1,C177,Hamra
4038,2024-11-07,16,706,1,C161,Hamra
4775,2024-08-28,8,203,3,C191,Hamra
455,2024-10-24,7,204,1,C018,Hamra
1314,2024-02-05,20,604,1,C054,Hamra
2816,2024-03-24,8,110,3,C112,Hamra
2439,2024-09-19,13,701,1,C097,Hamra
665,2024-11-05,16,406,2,C027,Hamra
1953,2024-06-20,7,501,1,C078,Hamra
3838,2024-06-21,12,308,1,C153,Hamra
4066,2024-12-27,20,402,3,C162,Hamra
2201,2024-02-16,13,106,1,C088,Hamra
4689,2024-05-20,15,401,1,C188,Hamra
1322,2024-04-27,20,102,1,C054,Hamra
2191,2024-10-03,14,603,1,C087,Hamra
110,2024-08-01,12,203,1,C005,Hamra
3084,2024-08-07,9,704,1,C123,Hamra
4094,2024-01-26,14,703,1,C164,Hamra
1312,2024-01-09,13,304,2,C054,Hamra
4112,2024-09-27,9,101,1,C164,Hamra
4904,2024-01-10,15,504,1,C197,Hamra
942,2024-04-30,18,407,1,C039,Hamra
4931,2024-05-04,8,307,3,C198,Hamra
2746,2024-06-18,9,701,3,C109,Hamra
3271,2024-03-12,8,404,2,C132,Hamra
1850,2024-05-31,19,102,2,C074,Hamra
1618,2024-07-26,7,504,1,C065,Hamra
4188,2024-02-18,10,502,1,C168,Hamra
892,2024-06-02,11,701,1,C037,Hamra
1673,2024-12-12,19,201,1,C067,Hamra
2808,2024-10-19,12,302,1,C111,Hamra
3977,2024-03-08,11,704,1,C159,Hamra
3119,2024-02-19,7,601,3,C125,Hamra
2183,2024-05-31,9,108,2,C087,Hamra
1140,2024-01-19,7,307,1,C047,Hamra
3881,2024-04-09,17,104,2,C155,Hamra
4426,2024-02-29,11,201,1,C179,Hamra
3730,2024-06-15,11,108,1,C148,Hamra
307,2024-07-20,18,109,1,C013,Hamra
4788,2024-12-10,17,401,1,C191,Hamra
1068,2024-05-25,19,102,1,C044,Hamra
3822,2024-06-12,12,301,2,C152,Hamra
3132,2024-08-29,14,406,1,C125,Hamra
2986,2024-03-09,16,106,1,C119,Hamra
3254,2024-06-23,18,706,1,C131,Hamra
3142,2024-02-18,7,306,1,C126,Hamra
3452,2024-04-17,10,401,2,C138,Hamra
4825,2024-08-13,16,304,1,C193,Hamra
1202,2024-06-09,17,403,3,C049,Hamra
3104,2024-04-28,7,108,3,C124,Hamra
4633,2024-05-28,15,204,1,C186,Hamra
1952,2024-05-29,17,309,1,C078,Hamra
3237,2024-10-19,13,701,2,C130,Hamra
4853,2024-05-22,13,602,3,C194,Hamra
2595,2024-06-08,18,501,1,C103,Hamra
2638,2024-01-11,11,401,2,C105,Hamra
3013,2024-05-17,13,406,2,C120,Hamra
749,2024-03-18,18,704,1,C031,Hamra
1681,2024-03-17,8,407,1,C068,Hamra
901,2024-09-10,20,703,2,C037,Hamra
594,2024-09-14,19,505,1,C024,Hamra
1082,2024-11-15,10,102,1,C044,Hamra
2080,2024-10-17,20,310,1,C083,Hamra
995,2024-09-19,20,705,1,C041,Hamra
4431,2024-03-25,13,602,1,C179,Hamra
1017,2024-05-25,9,102,3,C042,Hamra
2733,2024-11-18,8,506,1,C108,Hamra
961,2024-02-11,16,101,1,C040,Hamra
1175,2024-05-04,8,411,1,C048,Hamra
2854,2024-06-15,19,202,1,C113,Hamra
2108,2024-08-28,7,109,1,C084,Hamra
93,2024-10-06,11,411,1,C004,Hamra
2722,2024-07-06,18,505,1,C108,Hamra
1490,2024-10-28,12,403,1,C060,Hamra
2861,2024-01-19,12,502,1,C114,Hamra
4161,2024-03-08,15,408,1,C167,Hamra
112,2024-08-05,10,506,3,C005,Hamra
2667,2024-04-11,7,604,1,C106,Hamra
126,2024-02-11,12,307,1,C006,Hamra
341,2024-10-14,11,310,2,C014,Hamra
4933,2024-06-15,16,303,1,C198,Hamra
3146,2024-04-18,12,106,1,C126,Hamra
3512,2024-02-05,9,303,1,C140,Hamra
1537,2024-08-19,8,705,1,C062,Hamra
662,2024-08-16,12,301,2,C027,Hamra
1341,2024-12-18,19,205,3,C054,Hamra
2260,2024-06-12,7,701,1,C090,Hamra
268,2024-03-13,13,108,1,C012,Hamra
3399,2024-05-15,13,203,1,C136,Hamra
1862,2024-12-18,16,601,3,C074,Hamra
3619,2024-03-10,19,107,3,C144,Hamra
4471,2024-07-14,13,302,1,C180,Hamra
641,2024-09-25,18,703,1,C026,Hamra
3388,2024-02-18,17,407,1,C136,Hamra
1098,2024-11-11,16,307,1,C045,Hamra
2094,2024-05-09,7,704,1,C084,Hamra
3701,2024-01-05,10,203,1,C147,Hamra
3649,2024-01-27,19,605,1,C145,Hamra
2594,2024-06-08,13,308,3,C103,Hamra
3106,2024-05-28,17,404,3,C124,Hamra
4827,2024-09-20,15,307,1,C193,Hamra
3086,2024-08-17,11,101,1,C123,Hamra
2927,2024-07-18,19,404,2,C116,Hamra
3929,2024-02-19,8,701,1,C157,Hamra
324,2024-03-07,13,105,1,C014,Hamra
422,2024-10-26,16,410,1,C017,Hamra
296,2024-02-27,7,110,1,C013,Hamra
2327,2024-09-15,13,304,1,C093,Hamra
1577,2024-12-07,12,501,1,C063,Hamra
804,2024-11-21,13,107,1,C033,Hamra
701,2024-05-09,20,604,1,C029,Hamra
896,2024-08-02,19,410,1,C037,Hamra
2596,2024-06-20,16,603,1,C103,Hamra
4325,2024-09-14,9,203,2,C174,Hamra
585,2024-04-11,9,110,1,C024,Hamra
3576,2024-07-27,13,102,1,C142,Hamra
3319,2024-10-17,19,106,1,C133,Hamra
3139,2024-12-19,8,108,1,C125,Hamra
1305,2024-10-12,7,411,1,C053,Hamra
2206,2024-04-25,15,310,2,C088,Hamra
2470,2024-09-20,15,602,1,C098,Hamra
2874,2024-05-29,13,605,1,C114,Hamra
2379,2024-10-26,13,504,2,C095,Hamra
3947,2024-02-05,9,107,1,C158,Hamra
4706,2024-11-28,16,604,1,C188,Hamra
3020,2024-10-13,8,308,1,C120,Hamra
1831,2024-10-29,17,304,1,C073,Hamra
3919,2024-11-06,13,604,2,C156,Hamra
2672,2024-07-26,15,307,1,C106,Hamra
630,2024-04-15,7,203,1,C026,Hamra
435,2024-06-06,19,306,2,C018,Hamra
4100,2024-04-30,20,101,1,C164,Hamra
3389,2024-02-24,10,304,1,C136,Hamra
3675,2024-01-12,12,408,1,C146,Hamra
1430,2024-05-24,13,104,1,C058,Hamra
4000,2024-05-15,16,506,3,C160,Hamra
2311,2024-01-03,13,103,2,C093,Hamra
1201,2024-05-23,16,402,1,C049,Hamra
4353,2024-01-30,8,705,1,C176,Hamra
1774,2024-08-24,20,505,1,C071,Hamra
1621,2024-10-05,10,410,1,C065,Hamra
806,2024-12-13,11,403,1,C033,Hamra
1220,2024-04-24,20,106,1,C050,Hamra
86,2024-04-13,18,106,2,C004,Hamra
2988,2024-04-27,7,602,2,C119,Hamra
2086,2024-01-05,7,308,1,C084,Hamra
2955,2024-12-25,16,408,1,C117,Hamra
4109,2024-09-04,9,301,1,C164,Hamra
2582,2024-12-29,16,309,2,C102,Hamra
3921,2024-11-16,9,105,2,C156,Hamra
3249,2024-04-30,18,505,3,C131,Hamra
142,2024-10-12,14,506,1,C006,Hamra
4296,2024-05-28,15,203,1,C173,Hamra
559,2024-03-24,20,605,1,C023,Hamra
3372,2024-08-18,17,202,1,C135,Hamra
3021,2024-10-14,18,105,1,C120,Hamra
1506,2024-06-09,7,501,1,C061,Hamra
2518,2024-09-28,20,406,1,C100,Hamra
1605,2024-02-07,17,403,1,C065,Hamra
3339,2024-08-13,8,403,1,C134,Hamra
590,2024-05-21,16,405,1,C024,Hamra
906,2024-10-18,8,303,1,C037,Hamra
1094,2024-05-30,10,602,1,C045,Hamra
4435,2024-04-23,8,402,1,C179,Hamra
2513,2024-08-24,13,410,1,C100,Hamra
2558,2024-03-06,19,401,1,C102,Hamra
4308,2024-12-26,15,503,3,C173,Hamra
1576,2024-12-06,13,702,1,C063,Hamra
712,2024-09-14,18,704,1,C029,Hamra
2545,2024-09-05,12,303,1,C101,Hamra
2754,2024-11-26,16,408,2,C109,Hamra
2417,2024-11-18,7,310,1,C096,Hamra
3839,2024-06-28,17,406,1,C153,Hamra
224,2024-07-08,16,501,1,C010,Hamra
842,2024-06-02,15,102,2,C035,Hamra
1360,2024-07-14,11,408,2,C055,Hamra
3852,2024-11-06,17,503,1,C153,Hamra
4302,2024-09-18,11,601,2,C173,Hamra
2401,2024-05-22,12,601,2,C096,Hamra
3094,2024-12-07,15,407,1,C123,Hamra
285,2024-11-11,19,303,1,C012,Hamra
85,2024-04-10,14,302,1,C004,Hamra
2674,2024-08-31,14,409,2,C106,Hamra
2251,2024-01-12,20,503,1,C090,Hamra
1668,2024-08-26,14,107,3,C067,Hamra
3652,2024-02-18,7,506,1,C145,Hamra
1607,2024-02-11,7,706,1,C065,Hamra
2051,2024-06-14,14,410,2,C082,Hamra
2642,2024-03-22,11,405,1,C105,Hamra
4500,2024-10-17,15,202,1,C181,Hamra
2097,2024-06-06,8,410,1,C084,Hamra
4599,2024-08-03,15,201,1,C185,Hamra
2645,2024-06-06,18,602,1,C105,Hamra
2902,2024-05-13,20,104,1,C115,Hamra
674,2024-03-07,14,310,1,C028,Hamra
395,2024-12-01,15,701,3,C016,Hamra
509,2024-01-07,10,407,3,C021,Hamra
1912,2024-01-14,7,305,1,C077,Hamra
1009,2024-03-13,7,703,2,C042,Hamra
1325,2024-06-11,11,406,1,C054,Hamra
770,2024-03-06,8,104,1,C032,Hamra
2890,2024-12-12,20,502,1,C114,Hamra
920,2024-05-09,14,706,3,C038,Hamra
4939,2024-07-24,16,605,3,C198,Hamra
2885,2024-10-02,17,101,1,C114,Hamra
4153,2024-09-12,11,103,1,C166,Hamra
4524,2024-09-22,11,501,1,C182,Hamra
4681,2024-01-25,8,307,1,C188,Hamra
2782,2024-10-07,13,302,1,C110,Hamra
2604,2024-09-09,19,204,1,C103,Hamra
1937,2024-11-05,14,505,2,C077,Hamra
4345,2024-10-15,16,410,1,C175,Hamra
3525,2024-06-12,19,203,3,C140,Hamra
1297,2024-04-04,7,410,1,C053,Hamra
4036,2024-09-26,8,601,1,C161,Hamra
3922,2024-11-16,16,102,2,C156,Hamra
3042,2024-04-19,10,605,2,C121,Hamra
81,2024-12-01,11,203,1,C003,Hamra
3878,2024-11-05,19,704,1,C154,Hamra
1330,2024-08-25,8,301,3,C054,Hamra
959,2024-01-25,7,303,1,C040,Hamra
4851,2024-05-20,15,107,1,C194,Hamra
1684,2024-04-26,20,603,1,C068,Hamra
2862,2024-01-25,7,411,2,C114,Hamra
4333,2024-03-19,19,505,2,C175,Hamra
3220,2024-03-08,10,405,3,C130,Hamra
1021,2024-06-21,8,506,1,C042,Hamra
4043,2024-01-12,17,505,1,C162,Hamra
2356,2024-10-14,10,107,1,C094,Hamra
3746,2024-05-07,14,205,2,C149,Hamra
2531,2024-04-05,14,504,1,C101,Hamra
4266,2024-04-01,17,304,1,C172,Hamra
3105,2024-05-20,18,601,1,C124,Hamra
29,2024-01-31,15,501,1,C002,Hamra
2286,2024-11-29,19,102,2,C091,Hamra
1444,2024-01-20,17,506,1,C059,Hamra
2459,2024-05-25,18,701,3,C098,Hamra
392,2024-11-11,11,203,1,C016,Hamra
3729,2024-06-08,13,504,3,C148,Hamra
3879,2024-12-14,9,505,2,C154,Hamra
369,2024-02-12,16,601,1,C016,Hamra
4943,2024-09-10,10,601,3,C198,Hamra
2715,2024-05-09,16,406,1,C108,Hamra
557,2024-02-29,15,301,2,C023,Hamra
1019,2024-05-30,16,506,2,C042,Hamra
904,2024-10-13,16,602,2,C037,Hamra
1788,2024-01-05,20,106,1,C072,Hamra
3343,2024-09-22,18,403,1,C134,Hamra
4132,2024-12-10,7,407,1,C165,Hamra
2923,2024-05-09,8,602,1,C116,Hamra
3783,2024-09-23,11,110,2,C150,Hamra
135,2024-06-26,9,703,2,C006,Hamra
779,2024-09-09,8,303,3,C032,Hamra
3654,2024-02-25,7,104,1,C145,Hamra
916,2024-03-23,16,109,2,C038,Hamra
3658,2024-04-08,9,107,3,C145,Hamra
891,2024-05-28,7,703,2,C037,Hamra
3806,2024-11-24,18,108,1,C151,Hamra
4390,2024-06-04,7,601,1,C177,Hamra
4724,2024-07-08,18,107,1,C189,Hamra
4393,2024-09-19,7,505,1,C177,Hamra
1498,2024-03-20,14,504,1,C061,Hamra
1931,2024-09-08,9,103,3,C077,Hamra
3997,2024-04-06,17,302,1,C160,Hamra
3172,2024-09-16,7,102,1,C127,Hamra
2163,2024-09-16,13,205,1,C086,Hamra
4765,2024-04-12,16,604,2,C191,Hamra
149,2024-02-09,9,404,3,C007,Hamra
3785,2024-09-29,14,703,2,C150,Hamra
2130,2024-04-10,10,701,1,C085,Hamra
146,2024-12-24,10,705,1,C006,Hamra
4734,2024-11-03,11,307,2,C189,Hamra
3578,2024-08-08,12,104,1,C142,Hamra
3644,2024-11-03,13,705,1,C144,Hamra
60,2024-05-03,20,106,1,C003,Hamra
3429,2024-08-18,20,502,1,C137,Hamra
1153,2024-06-26,10,401,2,C047,Hamra
2126,2024-03-03,14,201,1,C085,Hamra
2344,2024-04-25,19,401,1,C094,Hamra
4236,2024-07-09,12,302,1,C170,Hamra
4231,2024-03-02,20,309,1,C170,Hamra
572,2024-09-12,7,403,1,C023,Hamra
52,2024-01-07,7,410,1,C003,Hamra
3206,2024-06-03,15,406,1,C129,Hamra
1655,2024-04-01,16,203,1,C067,Hamra
1757,2024-01-14,12,410,1,C071,Hamra
3260,2024-08-16,16,301,1,C131,Hamra
4383,2024-03-26,14,205,1,C177,Hamra
1661,2024-05-12,19,601,1,C067,Hamra
1359,2024-07-01,13,303,2,C055,Hamra
3270,2024-03-02,18,605,1,C132,Hamra
758,2024-08-06,12,501,1,C031,Hamra
1635,2024-09-02,10,701,1,C066,Hamra
2544,2024-08-17,13,701,3,C101,Hamra
1586,2024-03-19,15,702,1,C064,Hamra
752,2024-05-28,20,505,1,C031,Hamra
2946,2024-05-17,17,402,2,C117,Hamra
4786,2024-11-09,16,410,2,C191,Hamra
1626,2024-03-05,16,705,2,C066,Hamra
3974,2024-01-13,20,603,1,C159,Hamra
1154,2024-07-31,13,410,1,C047,Hamra
542,2024-08-29,7,403,1,C022,Hamra
2350,2024-07-31,16,503,3,C094,Hamra
2072,2024-06-29,15,502,1,C083,Hamra
1137,2024-12-03,19,109,1,C046,Hamra
2236,2024-06-21,10,202,3,C089,Hamra
4634,2024-06-08,9,205,3,C186,Hamra
2993,2024-06-12,10,306,3,C119,Hamra
4723,2024-07-06,10,705,2,C189,Hamra
1121,2024-07-09,19,410,3,C046,Hamra
21,2024-11-03,16,506,1,C001,Hamra
2414,2024-09-12,17,408,2,C096,Hamra
3840,2024-07-01,8,704,2,C153,Hamra
1502,2024-04-26,20,304,1,C061,Hamra
2655,2024-10-08,18,308,1,C105,Hamra
2035,2024-07-14,20,203,3,C081,Hamra
320,2024-02-03,7,602,1,C014,Hamra
1088,2024-02-21,18,101,2,C045,Hamra
1920,2024-04-21,16,704,1,C077,Hamra
4174,2024-09-08,18,404,1,C167,Hamra
1627,2024-03-22,7,309,1,C066,Hamra
777,2024-08-19,19,301,1,C032,Hamra
2411,2024-08-14,20,310,1,C096,Hamra
1438,2024-08-20,14,308,1,C058,Hamra
2627,2024-08-08,20,403,1,C104,Hamra
1378,2024-02-11,8,605,1,C056,Hamra
3324,2024-01-21,18,301,1,C134,Hamra
1651,2024-02-11,16,601,1,C067,Hamra
4406,2024-04-22,11,502,2,C178,Hamra
2964,2024-04-14,18,201,1,C118,Hamra
927,2024-07-10,10,103,1,C038,Hamra
3244,2024-01-17,14,205,1,C131,Hamra
2824,2024-04-29,8,101,1,C112,Hamra
3302,2024-05-08,16,107,1,C133,Hamra
3820,2024-05-09,15,101,1,C152,Hamra
1316,2024-02-29,13,702,2,C054,Hamra
812,2024-02-17,19,407,3,C034,Hamra
937,2024-01-29,13,109,2,C039,Hamra
2818,2024-04-06,7,404,1,C112,Hamra
2197,2024-01-10,20,401,1,C088,Hamra
1186,2024-08-29,18,308,1,C048,Hamra
1212,2024-11-09,8,603,2,C049,Hamra
827,2024-08-19,10,601,3,C034,Hamra
2520,2024-10-03,10,404,1,C100,Hamra
3375,2024-10-10,17,705,1,C135,Hamra
441,2024-07-21,20,502,1,C018,Hamra
1744,2024-09-03,9,408,2,C070,Hamra
2887,2024-10-16,13,107,2,C114,Hamra
828,2024-09-20,18,202,1,C034,Hamra
1260,2024-08-01,14,406,3,C051,Hamra
2648,2024-07-18,8,407,1,C105,Hamra
2315,2024-03-19,10,305,3,C093,Hamra
4902,2024-12-08,20,704,3,C196,Hamra
3582,2024-12-09,9,302,2,C142,Hamra
1715,2024-06-21,8,411,1,C069,Hamra
2228,2024-03-09,18,103,1,C089,Hamra
2590,2024-03-27,19,101,1,C103,Hamra
3393,2024-04-10,20,703,1,C136,Hamra
3585,2024-01-08,12,402,2,C143,Hamra
2081,2024-11-28,19,706,1,C083,Hamra
4668,2024-07-18,10,605,1,C187,Hamra
251,2024-03-27,12,504,2,C011,Hamra
3720,2024-02-12,8,408,1,C148,Hamra
4543,2024-04-18,18,305,1,C183,Hamra
867,2024-05-31,10,204,1,C036,Hamra
2045,2024-01-17,17,411,1,C082,Hamra
3564,2024-05-12,12,105,1,C142,Hamra
4632,2024-05-27,20,308,2,C186,Hamra
930,2024-10-03,11,603,1,C038,Hamra
2240,2024-08-19,9,205,3,C089,Hamra
23,2024-11-09,14,106,1,C001,Hamra
2637,2024-12-31,13,408,1,C104,Hamra
1619,2024-08-15,9,304,1,C065,Hamra
9,2024-05-18,12,203,1,C001,Hamra
3128,2024-07-29,10,404,1,C125,Hamra
1467,2024-01-28,17,106,1,C060,Hamra
607,2024-02-20,11,205,1,C025,Hamra
2281,2024-09-17,17,301,1,C091,Hamra
3467,2024-09-17,11,309,1,C138,Hamra
1238,2024-12-15,13,308,1,C050,Hamra
3537,2024-12-17,17,701,2,C140,Hamra
2292,2024-01-08,11,110,3,C092,Hamra
784,2024-11-15,17,505,1,C032,Hamra
796,2024-05-17,9,505,1,C033,Hamra
4973,2024-02-07,16,702,3,C200,Hamra
631,2024-04-20,11,302,1,C026,Hamra
1026,2024-08-07,13,702,3,C042,Hamra
4419,2024-12-02,11,602,1,C178,Hamra
1513,2024-08-10,11,603,2,C061,Hamra
986,2024-05-15,15,405,1,C041,Hamra
4605,2024-09-12,9,602,3,C185,Hamra
3242,2024-12-25,19,604,1,C130,Hamra
2494,2024-11-24,12,110,1,C099,Hamra
2450,2024-02-18,7,304,1,C098,Hamra
4945,2024-10-18,16,404,1,C198,Hamra
766,2024-11-19,11,102,2,C031,Hamra
3791,2024-03-18,14,411,1,C151,Hamra
4512,2024-04-14,11,304,3,C182,Hamra
2905,2024-06-17,15,107,1,C115,Hamra
3913,2024-08-04,17,401,2,C156,Hamra
3709,2024-04-28,12,205,1,C147,Hamra
1183,2024-07-08,14,605,3,C048,Hamra
43,2024-09-11,16,502,3,C002,Hamra
3499,2024-09-22,14,103,1,C139,Hamra
4270,2024-05-28,19,502,2,C172,Hamra
2539,2024-06-12,9,301,2,C101,Hamra
4663,2024-05-19,13,102,1,C187,Hamra
3195,2024-12-12,20,406,1,C128,Hamra
1458,2024-09-14,13,403,1,C059,Hamra
3018,2024-09-25,20,107,2,C120,Hamra
926,2024-06-29,16,405,1,C038,Hamra
3837,2024-06-08,18,601,1,C153,Hamra
2708,2024-12-16,12,107,1,C107,Hamra
525,2024-10-14,18,411,1,C021,Hamra
1032,2024-10-14,13,404,2,C042,Hamra
4108,2024-08-13,20,309,3,C164,Hamra
3418,2024-01-11,8,705,1,C137,Hamra
3510,2024-01-10,15,503,1,C140,Hamra
235,2024-09-27,16,104,2,C010,Hamra
4673,2024-09-29,16,404,1,C187,Hamra
3309,2024-07-01,7,602,1,C133,Hamra
798,2024-06-01,7,105,1,C033,Hamra
1726,2024-11-10,9,404,1,C069,Hamra
2011,2024-11-29,20,405,1,C080,Hamra
4769,2024-05-03,9,404,2,C191,Hamra
2533,2024-04-23,7,401,1,C101,Hamra
714,2024-10-04,18,304,2,C029,Hamra
3688,2024-07-31,13,401,1,C146,Hamra
3332,2024-06-20,10,501,1,C134,Hamra
1307,2024-10-14,16,402,2,C053,Hamra
4005,2024-06-22,19,405,1,C160,Hamra
3103,2024-04-22,8,704,1,C124,Hamra
1015,2024-05-01,16,706,1,C042,Hamra
1142,2024-02-01,11,405,1,C047,Hamra
3986,2024-08-09,12,103,2,C159,Hamra
4745,2024-04-28,15,601,1,C190,Hamra
4560,2024-02-08,10,107,2,C184,Hamra
259,2024-09-24,8,702,1,C011,Hamra
3872,2024-08-20,11,109,1,C154,Hamra
3880,2024-01-18,9,706,3,C155,Hamra
2070,2024-05-28,8,505,2,C083,Hamra
4594,2024-05-28,18,506,1,C185,Hamra
2744,2024-05-05,7,203,1,C109,Hamra
664,2024-10-28,16,205,1,C027,Hamra
4680,2024-12-25,8,105,1,C187,Hamra
1538,2024-08-25,12,404,2,C062,Hamra
3727,2024-05-14,14,410,2,C148,Hamra
3251,2024-05-30,19,402,1,C131,Hamra
3636,2024-08-23,9,402,2,C144,Hamra
2599,2024-08-11,17,108,1,C103,Hamra
1072,2024-07-21,15,407,1,C044,Hamra
2326,2024-09-12,18,305,1,C093,Hamra
721,2024-03-26,15,110,3,C030,Hamra
4194,2024-05-29,8,203,2,C168,Hamra
2995,2024-08-22,14,404,1,C119,Hamra
4835,2024-12-10,16,410,1,C193,Hamra
697,2024-01-22,17,108,3,C029,Hamra
742,2024-12-13,18,404,1,C030,Hamra
2631,2024-10-11,11,406,1,C104,Hamra
2781,2024-09-25,10,505,3,C110,Hamra
780,2024-09-14,16,405,2,C032,Hamra
3443,2024-01-29,11,307,1,C138,Hamra
1259,2024-07-31,10,306,1,C051,Hamra
3409,2024-10-09,14,202,1,C136,Hamra
4425,2024-02-19,10,201,1,C179,Hamra
864,2024-04-04,19,102,3,C036,Hamra
1352,2024-03-28,16,703,1,C055,Hamra
4072,2024-02-13,18,505,2,C163,Hamra
876,2024-10-04,19,102,1,C036,Hamra
1386,2024-06-19,20,409,1,C056,Hamra
871,2024-07-07,12,103,1,C036,Hamra
2248,2024-12-18,8,301,2,C089,Hamra
4722,2024-07-02,11,704,1,C189,Hamra
1523,2024-01-03,12,104,1,C062,Hamra
2747,2024-07-09,11,308,1,C109,Hamra
2179,2024-04-27,18,703,1,C087,Hamra
3831,2024-01-19,8,305,1,C153,Hamra
1580,2024-01-23,20,310,1,C064,Hamra
4683,2024-01-30,13,405,1,C188,Hamra
1417,2024-10-21,10,303,1,C057,Hamra
2849,2024-04-17,14,506,1,C113,Hamra
1746,2024-10-07,13,201,1,C070,Hamra
4463,2024-05-07,13,404,1,C180,Hamra
4577,2024-08-16,15,302,1,C184,Hamra
4767,2024-04-20,7,401,1,C191,Hamra
4889,2024-05-15,16,308,2,C196,Hamra
507,2024-12-27,12,705,1,C020,Hamra
1326,2024-07-04,12,701,1,C054,Hamra
10,2024-05-23,12,305,1,C001,Hamra
2254,2024-03-12,19,603,2,C090,Hamra
3455,2024-05-08,18,102,2,C138,Hamra
3809,2024-12-29,12,309,1,C151,Hamra
4444,2024-09-17,18,406,1,C179,Hamra
2843,2024-01-03,16,402,1,C113,Hamra
3817,2024-04-13,13,102,3,C152,Hamra
310,2024-08-11,20,204,2,C013,Hamra
3944,2024-11-15,16,104,1,C157,Hamra
4650,2024-12-27,12,702,2,C186,Hamra
2786,2024-12-19,7,203,2,C110,Hamra
2268,2024-01-10,9,411,1,C091,Hamra
2380,2024-10-28,8,410,1,C095,Hamra
1050,2024-08-18,12,602,1,C043,Hamra
3461,2024-08-06,14,108,1,C138,Hamra
3976,2024-03-06,9,102,2,C159,Hamra
1846,2024-04-21,16,106,1,C074,Hamra
318,2024-01-13,14,406,2,C014,Hamra
2481,2024-03-26,14,110,3,C099,Hamra
2749,2024-08-21,11,602,1,C109,Hamra
4047,2024-03-30,14,306,1,C162,Hamra
3673,2024-11-09,12,506,2,C145,Hamra
3740,2024-02-23,11,110,2,C149,Hamra
2387,2024-01-12,15,308,2,C096,Hamra
4871,2024-07-27,20,103,1,C195,Hamra
1421,2024-01-14,13,407,1,C058,Hamra
3394,2024-04-30,14,305,1,C136,Hamra
2388,2024-01-20,7,110,3,C096,Hamra
914,2024-03-15,17,404,1,C038,Hamra
3873,2024-08-30,8,505,3,C154,Hamra
1598,2024-08-10,14,705,1,C064,Hamra
3952,2024-03-10,18,704,3,C158,Hamra
212,2024-11-07,15,604,1,C009,Hamra
3048,2024-07-29,10,409,1,C121,Hamra
773,2024-04-10,18,501,1,C032,Hamra
258,2024-07-04,16,305,1,C011,Hamra
4051,2024-05-11,17,108,1,C162,Hamra
2643,2024-04-20,16,107,1,C105,Hamra
3684,2024-05-11,20,106,1,C146,Hamra
3703,2024-01-20,15,201,1,C147,Hamra
4506,2024-01-24,10,602,2,C182,Hamra
2054,2024-08-14,16,303,1,C082,Hamra
893,2024-06-02,16,704,1,C037,Hamra
2059,2024-10-19,16,506,2,C082,Hamra
279,2024-08-17,15,404,1,C012,Hamra
95,2024-11-05,17,310,3,C004,Hamra
1056,2024-12-24,13,306,1,C043,Hamra
3888,2024-07-20,8,604,1,C155,Hamra
1243,2024-02-07,15,103,1,C051,Hamra
115,2024-09-16,10,303,1,C005,Hamra
3335,2024-07-06,14,309,1,C134,Hamra
2174,2024-02-26,20,605,1,C087,Hamra
2661,2024-01-20,13,502,1,C106,Hamra
1391,2024-09-29,19,110,1,C056,Hamra
2766,2024-04-28,13,402,1,C110,Hamra
1680,2024-03-11,14,202,1,C068,Hamra
2386,2024-01-04,7,107,1,C096,Hamra
1073,2024-08-08,11,302,1,C044,Hamra
3586,2024-01-14,8,101,1,C143,Hamra
2250,2024-01-03,8,703,1,C090,Hamra
1024,2024-08-03,7,401,1,C042,Hamra
3496,2024-08-16,11,205,1,C139,Hamra
1834,2024-12-01,8,704,1,C073,Hamra
257,2024-07-04,10,408,1,C011,Hamra
4842,2024-02-24,9,501,1,C194,Hamra
3891,2024-09-10,9,605,1,C155,Hamra
1423,2024-01-24,8,406,1,C058,Hamra
4980,2024-06-10,19,410,1,C200,Hamra
3187,2024-06-06,12,101,1,C128,Hamra
514,2024-03-22,8,108,1,C021,Hamra
518,2024-06-07,20,202,2,C021,Hamra
1801,2024-07-06,20,304,2,C072,Hamra
3201,2024-02-29,14,310,1,C129,Hamra
2577,2024-10-31,14,407,1,C102,Hamra
4648,2024-11-14,19,202,1,C186,Hamra
316,2024-12-31,20,203,2,C013,Hamra
1820,2024-07-29,18,403,1,C073,Hamra
133,2024-05-31,11,101,3,C006,Hamra
2821,2024-04-18,16,704,1,C112,Hamra
4626,2024-03-16,13,106,1,C186,Hamra
400,2024-01-30,10,108,1,C017,Hamra
1832,2024-11-09,7,104,1,C073,Hamra
272,2024-04-26,17,105,1,C012,Hamra
2169,2024-12-21,8,310,1,C086,Hamra
4470,2024-07-10,16,307,1,C180,Hamra
3061,2024-01-19,16,403,2,C122,Hamra
1741,2024-06-21,10,503,1,C070,Hamra
2727,2024-08-15,7,308,1,C108,Hamra
1285,2024-12-15,19,104,1,C052,Hamra
895,2024-07-01,14,705,2,C037,Hamra
2945,2024-04-22,15,104,2,C117,Hamra
69,2024-07-01,10,605,1,C003,Hamra
176,2024-05-25,16,306,1,C008,Hamra
3474,2024-11-14,9,501,1,C138,Hamra
1148,2024-04-25,8,505,1,C047,Hamra
4211,2024-04-22,11,102,1,C169,Hamra
1599,2024-09-07,20,107,3,C064,Hamra
1028,2024-09-07,9,702,1,C042,Hamra
1054,2024-10-29,16,301,1,C043,Hamra
3137,2024-11-08,13,302,1,C125,Hamra
3425,2024-04-27,17,305,2,C137,Hamra
342,2024-10-27,12,308,1,C014,Hamra
2274,2024-06-09,7,409,1,C091,Hamra
3280,2024-07-16,18,201,1,C132,Hamra
44,2024-09-16,14,409,1,C002,Hamra
2904,2024-05-27,8,408,2,C115,Hamra
16,2024-08-27,11,401,1,C001,Hamra
1866,2024-02-16,15,102,2,C075,Hamra
1617,2024-07-16,14,308,1,C065,Hamra
4312,2024-02-16,8,505,1,C174,Hamra
4659,2024-03-18,15,307,2,C187,Hamra
3122,2024-05-03,11,409,1,C125,Hamra
3362,2024-03-15,16,205,1,C135,Hamra
1647,2024-12-24,20,110,1,C066,Hamra
3592,2024-05-16,12,205,1,C143,Hamra
1792,2024-03-30,19,506,1,C072,Hamra
2934,2024-11-20,9,404,3,C116,Hamra
3037,2024-03-01,19,308,3,C121,Hamra
1150,2024-05-17,9,302,1,C047,Hamra
2253,2024-02-19,16,109,1,C090,Hamra
972,2024-09-15,14,703,1,C040,Hamra
1011,2024-04-16,17,411,1,C042,Hamra
4434,2024-04-22,16,109,1,C179,Hamra
852,2024-12-15,16,301,1,C035,Hamra
994,2024-09-10,18,411,1,C041,Hamra
2132,2024-04-27,8,701,1,C085,Hamra
3107,2024-07-16,17,704,1,C124,Hamra
1418,2024-12-02,18,408,1,C057,Hamra
934,2024-12-30,18,406,2,C038,Hamra
4976,2024-02-20,8,106,1,C200,Hamra
2413,2024-09-01,19,110,1,C096,Hamra
3385,2024-02-04,11,301,1,C136,Hamra
1574,2024-10-28,12,104,1,C063,Hamra
2176,2024-03-09,18,307,1,C087,Hamra
3290,2024-12-14,8,203,1,C132,Hamra
4373,2024-11-15,11,301,3,C176,Hamra
1265,2024-02-18,13,705,1,C052,Hamra
913,2024-03-14,16,404,1,C038,Hamra
2188,2024-07-10,16,106,1,C087,Hamra
116,2024-09-17,14,401,3,C005,Hamra
3032,2024-12-21,18,201,2,C120,Hamra
1732,2024-03-10,13,309,2,C070,Hamra
2848,2024-03-30,14,404,1,C113,Hamra
595,2024-09-16,20,103,3,C024,Hamra
2156,2024-05-05,18,705,1,C086,Hamra
3666,2024-08-18,15,110,1,C145,Hamra
644,2024-10-21,11,101,2,C026,Hamra
61,2024-05-08,19,705,3,C003,Hamra
45,2024-10-06,11,601,1,C002,Hamra
2307,2024-11-08,17,401,1,C092,Hamra
34,2024-04-09,16,202,1,C002,Hamra
3787,2024-11-21,10,204,1,C150,Hamra
1781,2024-10-23,19,310,1,C071,Hamra
90,2024-06-30,15,108,3,C004,Hamra
925,2024-06-22,11,601,1,C038,Hamra
2609,2024-11-11,20,104,2,C103,Hamra
1755,2024-12-29,8,403,2,C070,Hamra
1274,2024-07-06,16,107,1,C052,Hamra
748,2024-02-26,14,110,2,C031,Hamra
3858,2024-01-31,13,704,1,C154,Hamra
859,2024-03-24,14,411,1,C036,Hamra
3865,2024-05-31,18,102,1,C154,Hamra
3902,2024-02-05,9,401,1,C156,Hamra
3311,2024-07-31,10,706,2,C133,Hamra
2917,2024-12-29,11,703,3,C115,Hamra
1844,2024-04-15,12,204,1,C074,Hamra
460,2024-12-07,7,301,2,C018,Hamra
360,2024-08-07,10,601,1,C015,Hamra
4597,2024-06-11,17,506,2,C185,Hamra
2436,2024-08-07,18,302,1,C097,Hamra
117,2024-09-26,16,604,1,C005,Hamra
889,2024-04-29,19,307,1,C037,Hamra
2635,2024-12-01,11,104,1,C104,Hamra
2159,2024-06-30,13,304,1,C086,Hamra
3767,2024-04-15,19,102,3,C150,Hamra
4472,2024-08-04,11,503,1,C180,Hamra
357,2024-07-23,19,109,3,C015,Hamra
404,2024-03-10,19,304,2,C017,Hamra
1244,2024-02-13,7,301,1,C051,Hamra
1100,2024-11-24,17,310,1,C045,Hamra
4781,2024-10-27,13,701,2,C191,Hamra
3075,2024-08-15,14,303,1,C122,Hamra
3911,2024-07-02,19,308,1,C156,Hamra
4662,2024-04-16,13,706,1,C187,Hamra
3743,2024-03-24,17,306,1,C149,Hamra
4241,2024-12-03,20,201,3,C170,Hamra
4915,2024-09-06,19,503,1,C197,Hamra
2061,2024-12-28,10,505,1,C082,Hamra
3647,2024-01-21,14,104,1,C145,Hamra
4894,2024-07-14,11,310,2,C196,Hamra
3368,2024-06-26,16,407,2,C135,Hamra
2220,2024-01-07,15,405,1,C089,Hamra
2527,2024-03-10,18,603,1,C101,Hamra
966,2024-05-06,18,401,1,C040,Hamra
4196,2024-06-08,16,411,1,C168,Hamra
1052,2024-09-04,11,704,1,C043,Hamra
1817,2024-07-21,7,409,3,C073,Hamra
4436,2024-05-27,18,109,1,C179,Hamra
563,2024-05-22,15,202,1,C023,Hamra
2371,2024-07-17,18,102,2,C095,Hamra
4003,2024-06-02,11,502,1,C160,Hamra
3982,2024-05-21,12,105,1,C159,Hamra
424,2024-11-08,10,105,1,C017,Hamra
2829,2024-06-13,12,705,1,C112,Hamra
2608,2024-11-09,18,307,3,C103,Hamra
1422,2024-01-21,14,105,1,C058,Hamra
2153,2024-03-22,9,104,1,C086,Hamra
838,2024-03-09,11,109,1,C035,Hamra
727,2024-05-10,8,404,3,C030,Hamra
4796,2024-03-27,20,307,1,C192,Hamra
4496,2024-08-05,8,402,1,C181,Hamra
4449,2024-10-31,19,110,3,C179,Hamra
2636,2024-12-10,13,301,1,C104,Hamra
4131,2024-12-06,16,506,2,C165,Hamra
3071,2024-06-09,19,506,1,C122,Hamra
3334,2024-06-26,16,704,1,C134,Hamra
818,2024-04-26,20,110,1,C034,Hamra
1389,2024-07-14,17,106,1,C056,Hamra
621,2024-11-22,16,702,1,C025,Hamra
2896,2024-03-26,12,105,1,C115,Hamra
313,2024-10-15,10,106,1,C013,Hamra
1557,2024-03-21,11,605,1,C063,Hamra
2565,2024-05-31,7,310,1,C102,Hamra
4844,2024-03-01,13,704,3,C194,Hamra
3063,2024-03-01,14,703,1,C122,Hamra
3030,2024-12-19,15,104,3,C120,Hamra
3294,2024-01-28,14,504,1,C133,Hamra
246,2024-02-12,11,701,1,C011,Hamra
2745,2024-06-17,9,407,1,C109,Hamra
2618,2024-03-26,16,704,2,C104,Hamra
2800,2024-06-25,17,705,2,C111,Hamra
4264,2024-01-17,15,410,1,C172,Hamra
1711,2024-04-07,12,110,3,C069,Hamra
2569,2024-07-16,11,409,1,C102,Hamra
33,2024-04-07,19,411,1,C002,Hamra
4191,2024-03-05,9,106,3,C168,Hamra
908,2024-11-25,12,601,2,C037,Hamra
2979,2024-12-06,9,604,3,C118,Hamra
1196,2024-01-05,16,301,1,C049,Hamra
1863,2024-01-02,18,706,1,C075,Hamra
4092,2024-01-22,12,304,1,C164,Hamra
1869,2024-04-21,10,409,1,C075,Hamra
4926,2024-02-26,8,310,2,C198,Hamra
814,2024-03-06,14,406,1,C034,Hamra
1443,2024-11-25,10,702,1,C058,Hamra
2794,2024-04-07,15,505,1,C111,Hamra
4124,2024-05-23,13,302,1,C165,Hamra
2397,2024-05-04,18,605,1,C096,Hamra
1480,2024-06-15,8,405,1,C060,Hamra
3515,2024-03-26,10,503,2,C140,Hamra
771,2024-03-16,11,406,1,C032,Hamra
3289,2024-12-09,9,304,2,C132,Hamra
2680,2024-10-20,15,410,1,C106,Hamra
790,2024-02-28,19,404,1,C033,Hamra
1045,2024-05-17,11,101,1,C043,Hamra
2819,2024-04-08,8,104,2,C112,Hamra
2696,2024-07-10,17,403,1,C107,Hamra
206,2024-08-30,9,303,1,C009,Hamra
4451,2024-11-14,20,401,1,C179,Hamra
2864,2024-02-18,15,504,1,C114,Hamra
3117,2024-02-01,13,304,2,C125,Hamra
504,2024-10-03,8,106,2,C020,Hamra
4160,2024-01-20,15,101,1,C167,Hamra
3795,2024-06-02,20,108,1,C151,Hamra
984,2024-03-08,10,408,2,C041,Hamra
1085,2024-12-31,19,704,1,C044,Hamra
3129,2024-08-01,15,601,1,C125,Hamra
840,2024-05-22,19,306,1,C035,Hamra
3799,2024-08-19,8,309,1,C151,Hamra
1436,2024-07-31,18,310,1,C058,Hamra
1170,2024-03-19,16,605,2,C048,Hamra
1437,2024-08-01,18,601,1,C058,Hamra
2534,2024-04-25,10,304,1,C101,Hamra
1403,2024-04-01,11,404,2,C057,Hamra
4179,2024-09-26,8,706,1,C167,Hamra
3910,2024-06-16,16,110,1,C156,Hamra
1584,2024-02-27,7,202,1,C064,Hamra
1543,2024-10-10,13,408,1,C062,Hamra
2064,2024-01-26,16,107,3,C083,Hamra
2847,2024-03-06,7,302,2,C113,Hamra
2832,2024-09-04,17,110,1,C112,Hamra
1539,2024-09-10,17,406,2,C062,Hamra
2338,2024-02-13,14,106,1,C094,Hamra
2128,2024-04-06,9,302,3,C085,Hamra
629,2024-02-11,20,703,1,C026,Hamra
4441,2024-08-14,16,501,1,C179,Hamra
3053,2024-09-18,12,303,1,C121,Hamra
1225,2024-06-15,13,401,1,C050,Hamra
2908,2024-10-05,16,702,1,C115,Hamra
862,2024-03-29,7,301,1,C036,Hamra
3869,2024-06-26,20,108,2,C154,Hamra
800,2024-07-15,12,309,1,C033,Hamra
3088,2024-11-02,13,203,3,C123,Hamra
2516,2024-09-23,12,404,1,C100,Hamra
1694,2024-09-24,10,407,1,C068,Hamra
1813,2024-03-14,7,309,3,C073,Hamra
3384,2024-01-08,17,301,1,C136,Hamra
4862,2024-10-23,15,201,2,C194,Hamra
567,2024-06-12,10,407,2,C023,Hamra
1735,2024-03-25,13,106,1,C070,Hamra
1348,2024-03-12,13,410,1,C055,Hamra
4249,2024-02-24,8,408,1,C171,Hamra
2761,2024-02-16,7,303,1,C110,Hamra
3751,2024-08-25,14,501,1,C149,Hamra
3766,2024-04-13,14,203,2,C150,Hamra
203,2024-07-28,13,110,1,C009,Hamra
4045,2024-02-11,20,501,1,C162,Hamra
4677,2024-11-11,14,401,1,C187,Hamra
3875,2024-09-24,9,604,3,C154,Hamra
3210,2024-09-19,17,302,1,C129,Hamra
2734,2024-12-01,8,101,1,C108,Hamra
3323,2024-12-30,13,310,1,C133,Hamra
4220,2024-09-15,14,409,3,C169,Hamra
4779,2024-10-09,7,503,3,C191,Hamra
3770,2024-04-23,18,110,1,C150,Hamra
1704,2024-12-28,16,305,2,C068,Hamra
4354,2024-02-09,15,107,1,C176,Hamra
1634,2024-08-07,19,301,3,C066,Hamra
3626,2024-05-08,17,501,1,C144,Hamra
1289,2024-01-08,10,404,1,C053,Hamra
3183,2024-04-10,20,202,1,C128,Hamra
1616,2024-06-24,18,302,1,C065,Hamra
1588,2024-04-16,20,701,2,C064,Hamra
1682,2024-04-10,10,305,1,C068,Hamra
4776,2024-09-16,9,401,3,C191,Hamra
1549,2024-12-31,12,701,1,C062,Hamra
2038,2024-09-02,7,304,1,C081,Hamra
1780,2024-10-01,12,605,1,C071,Hamra
2863,2024-02-01,8,202,1,C114,Hamra
4295,2024-05-16,15,306,2,C173,Hamra
1264,2024-01-12,8,506,1,C052,Hamra
2932,2024-10-28,13,409,1,C116,Hamra
3116,2024-01-16,18,107,1,C125,Hamra
3169,2024-05-08,7,603,1,C127,Hamra
1609,2024-03-03,18,410,3,C065,Hamra
3224,2024-04-18,13,205,1,C130,Hamra
4377,2024-01-21,11,101,2,C177,Hamra
538,2024-06-06,14,401,1,C022,Hamra
3940,2024-09-25,10,410,1,C157,Hamra
4080,2024-06-10,18,310,3,C163,Hamra
1904,2024-09-16,16,506,1,C076,Hamra
3816,2024-04-11,13,205,1,C152,Hamra
2352,2024-08-10,12,307,1,C094,Hamra
3950,2024-02-28,11,106,1,C158,Hamra
4238,2024-09-03,10,705,2,C170,Hamra
1766,2024-05-07,13,205,1,C071,Hamra
2677,2024-10-09,18,309,3,C106,Hamra
1235,2024-11-20,11,306,1,C050,Hamra
2556,2024-01-25,11,107,1,C102,Hamra
4957,2024-05-10,7,404,1,C199,Hamra
4707,2024-12-18,8,407,1,C188,Hamra
2855,2024-07-14,11,407,3,C113,Hamra
736,2024-10-07,19,706,1,C030,Hamra
274,2024-06-02,9,105,1,C012,Hamra
4385,2024-05-12,20,104,2,C177,Hamra
2055,2024-08-14,19,307,2,C082,Hamra
1120,2024-07-07,8,303,1,C046,Hamra
4261,2024-09-21,20,410,2,C171,Hamra
3228,2024-05-13,20,302,1,C130,Hamra
2432,2024-07-29,10,703,1,C097,Hamra
1991,2024-02-29,10,703,1,C080,Hamra
1342,2024-12-29,10,309,1,C054,Hamra
854,2024-12-29,10,102,1,C035,Hamra
1278,2024-07-31,9,203,1,C052,Hamra
4032,2024-08-03,19,205,1,C161,Hamra
2106,2024-08-13,18,105,2,C084,Hamra
1795,2024-05-10,13,103,3,C072,Hamra
4429,2024-03-16,15,501,2,C179,Hamra
642,2024-10-12,18,501,1,C026,Hamra
4756,2024-10-03,11,501,1,C190,Hamra
1505,2024-06-04,10,103,1,C061,Hamra
3874,2024-09-04,17,410,1,C154,Hamra
897,2024-08-05,8,705,1,C037,Hamra
3964,2024-07-08,8,308,1,C158,Hamra
2365,2024-06-11,11,403,2,C095,Hamra
256,2024-06-28,13,405,1,C011,Hamra
4488,2024-02-03,16,303,1,C181,Hamra
980,2024-02-10,16,705,1,C041,Hamra
3320,2024-11-02,15,411,1,C133,Hamra
1641,2024-12-03,19,408,1,C066,Hamra
3556,2024-11-09,13,401,1,C141,Hamra
4762,2024-03-15,11,701,1,C191,Hamra
3848,2024-10-05,16,504,1,C153,Hamra
4272,2024-06-24,16,302,1,C172,Hamra
3567,2024-05-29,16,504,2,C142,Hamra
1721,2024-09-29,12,107,2,C069,Hamra
1463,2024-11-20,17,108,1,C059,Hamra
4566,2024-04-17,18,706,1,C184,Hamra
4464,2024-05-18,9,406,2,C180,Hamra
1643,2024-12-15,11,202,1,C066,Hamra
1695,2024-09-27,14,701,1,C068,Hamra
286,2024-12-12,7,406,1,C012,Hamra
1696,2024-10-15,18,602,1,C068,Hamra
4258,2024-07-30,7,304,2,C171,Hamra
1825,2024-09-28,13,110,2,C073,Hamra
128,2024-03-06,20,503,1,C006,Hamra
361,2024-09-04,11,202,1,C015,Hamra
1020,2024-06-04,20,305,1,C042,Hamra
747,2024-02-16,11,501,1,C031,Hamra
4495,2024-07-19,7,701,3,C181,Hamra
132,2024-05-27,15,505,1,C006,Hamra
794,2024-05-03,7,107,1,C033,Hamra
3925,2024-01-01,11,705,2,C157,Hamra
522,2024-09-03,16,204,2,C021,Hamra
3112,2024-12-08,15,201,2,C124,Hamra
4513,2024-05-07,20,107,1,C182,Hamra
4572,2024-07-09,10,404,1,C184,Hamra
2340,2024-03-07,19,110,1,C094,Hamra
3737,2024-01-04,14,404,1,C149,Hamra
2521,2024-10-29,12,109,3,C100,Hamra
1370,2024-10-20,17,411,1,C055,Hamra
4631,2024-05-22,9,701,3,C186,Hamra
1595,2024-07-09,10,110,1,C064,Hamra
2148,2024-01-21,8,304,2,C086,Hamra
4323,2024-08-14,7,406,1,C174,Hamra
549,2024-11-08,19,302,3,C022,Hamra
1474,2024-04-26,20,109,1,C060,Hamra
2633,2024-10-28,14,603,1,C104,Hamra
3489,2024-05-21,7,408,2,C139,Hamra
1143,2024-02-08,20,409,1,C047,Hamra
3991,2024-12-20,19,603,1,C159,Hamra
1932,2024-09-08,17,309,3,C077,Hamra
457,2024-11-28,7,109,1,C018,Hamra
540,2024-07-25,10,107,1,C022,Hamra
4575,2024-07-28,16,301,1,C184,Hamra
3660,2024-04-24,18,304,2,C145,Hamra
928,2024-08-12,16,503,1,C038,Hamra
613,2024-05-13,12,106,1,C025,Hamra
778,2024-09-07,15,703,1,C032,Hamra
3598,2024-08-06,7,704,1,C143,Hamra
299,2024-03-31,13,201,1,C013,Hamra
4649,2024-12-19,16,202,1,C186,Hamra
4401,2024-02-15,17,506,1,C178,Hamra
245,2024-02-07,11,203,1,C011,Hamra
303,2024-05-21,18,202,1,C013,Hamra
2425,2024-04-09,14,306,1,C097,Hamra
4418,2024-11-23,20,110,1,C178,Hamra
2542,2024-07-08,13,305,1,C101,Hamra
912,2024-02-04,10,703,1,C038,Hamra
11,2024-05-26,10,411,1,C001,Hamra
938,2024-01-30,12,403,1,C039,Hamra
667,2024-11-29,12,309,2,C027,Hamra
860,2024-03-24,15,105,1,C036,Hamra
4013,2024-10-07,18,501,1,C160,Hamra
4223,2024-12-09,11,202,1,C169,Hamra
3602,2024-09-26,14,410,1,C143,Hamra
753,2024-06-02,11,504,3,C031,Hamra
3168,2024-04-11,8,102,1,C127,Hamra
136,2024-08-02,12,703,1,C006,Hamra
2233,2024-05-29,15,505,1,C089,Hamra
4457,2024-03-23,19,603,1,C180,Hamra
3769,2024-04-19,9,503,1,C150,Hamra
763,2024-10-01,7,506,1,C031,Hamra
2508,2024-07-19,7,109,2,C100,Hamra
1828,2024-10-10,19,307,1,C073,Hamra
1118,2024-06-21,9,605,1,C046,Hamra
4877,2024-11-22,16,105,1,C195,Hamra
2431,2024-07-24,11,202,1,C097,Hamra
4250,2024-03-03,9,101,1,C171,Hamra
2,2024-03-13,15,602,1,C001,Hamra
4277,2024-09-07,14,307,1,C172,Hamra
1407,2024-05-03,9,502,1,C057,Hamra
197,2024-04-30,15,704,2,C009,Hamra
118,2024-10-01,19,304,1,C005,Hamra
1972,2024-04-29,12,301,2,C079,Hamra
2889,2024-11-12,19,406,1,C114,Hamra
202,2024-06-12,13,704,1,C009,Hamra
4303,2024-10-12,10,103,3,C173,Hamra
596,2024-09-21,10,308,1,C024,Hamra
4240,2024-11-15,18,506,2,C170,Hamra
3775,2024-06-09,19,303,2,C150,Hamra
2607,2024-11-03,8,401,1,C103,Hamra
1471,2024-03-29,11,203,1,C060,Hamra
2157,2024-05-21,14,303,1,C086,Hamra
4125,2024-07-21,13,103,3,C165,Hamra
2933,2024-11-04,13,308,2,C116,Hamra
4171,2024-08-14,12,103,1,C167,Hamra
2115,2024-11-29,9,310,1,C084,Hamra
2264,2024-08-09,11,402,1,C090,Hamra
2223,2024-02-10,19,602,1,C089,Hamra
4493,2024-07-14,7,402,1,C181,Hamra
3008,2024-03-08,13,705,1,C120,Hamra
3917,2024-09-20,15,503,1,C156,Hamra
3584,2024-01-02,7,310,1,C143,Hamra
4709,2024-12-26,19,309,2,C188,Hamra
4688,2024-05-04,8,108,3,C188,Hamra
130,2024-04-19,9,109,2,C006,Hamra
1268,2024-03-26,9,604,2,C052,Hamra
3519,2024-04-29,14,501,1,C140,Hamra
473,2024-05-06,13,405,1,C019,Hamra
1880,2024-09-11,12,706,1,C075,Hamra
3233,2024-07-01,16,304,2,C130,Hamra
1344,2024-01-16,16,706,3,C055,Hamra
352,2024-03-02,17,301,2,C015,Hamra
4803,2024-06-06,10,309,2,C192,Hamra
2517,2024-09-24,15,602,1,C100,Hamra
1707,2024-02-04,7,306,1,C069,Hamra
3601,2024-09-23,17,411,1,C143,Hamra
1040,2024-03-04,8,504,1,C043,Hamra
403,2024-02-19,20,503,1,C017,Hamra
2469,2024-09-11,10,605,1,C098,Hamra
2925,2024-05-28,9,106,1,C116,Hamra
3828,2024-11-20,7,105,1,C152,Hamra
1856,2024-10-30,11,204,1,C074,Hamra
2930,2024-10-02,13,706,1,C116,Hamra
743,2024-12-22,8,603,1,C030,Hamra
1664,2024-06-20,11,506,1,C067,Hamra
1255,2024-07-19,12,703,1,C051,Hamra
1494,2024-11-19,17,104,2,C060,Hamra
55,2024-02-04,13,108,1,C003,Hamra
2626,2024-08-03,7,309,1,C104,Hamra
104,2024-03-05,13,201,2,C005,Hamra
669,2024-01-08,10,302,2,C028,Hamra
2731,2024-10-27,14,703,2,C108,Hamra
3505,2024-12-08,19,306,1,C139,Hamra
4989,2024-11-27,10,401,1,C200,Hamra
2528,2024-03-16,12,601,1,C101,Hamra
4982,2024-06-22,15,701,1,C200,Hamra
1889,2024-02-16,11,602,3,C076,Hamra
347,2024-01-15,20,603,1,C015,Hamra
2084,2024-12-26,18,402,1,C083,Hamra
1177,2024-05-26,10,301,1,C048,Hamra
3163,2024-01-26,14,401,1,C127,Hamra
1135,2024-11-03,19,706,1,C046,Hamra
675,2024-04-02,15,408,2,C028,Hamra
157,2024-08-19,10,406,2,C007,Hamra
4952,2024-01-21,9,701,3,C199,Hamra
2358,2024-11-02,14,605,1,C094,Hamra
2048,2024-02-07,20,106,1,C082,Hamra
2211,2024-10-02,11,602,1,C088,Hamra
3329,2024-06-05,8,108,1,C134,Hamra
4637,2024-06-27,16,107,3,C186,Hamra
1685,2024-05-11,15,409,1,C068,Hamra
1371,2024-11-06,9,602,2,C055,Hamra
4880,2024-12-13,18,706,1,C195,Hamra
4378,2024-01-28,8,204,1,C177,Hamra
2974,2024-09-16,7,301,1,C118,Hamra
4430,2024-03-16,20,601,1,C179,Hamra
4657,2024-03-07,14,705,2,C187,Hamra
3349,2024-12-07,17,109,1,C134,Hamra
2724,2024-07-12,9,110,2,C108,Hamra
1249,2024-06-10,13,302,2,C051,Hamra
932,2024-12-12,7,202,1,C038,Hamra
3508,2024-12-26,7,106,2,C139,Hamra
4478,2024-09-13,18,304,1,C180,Hamra
2314,2024-03-12,15,601,1,C093,Hamra
492,2024-03-27,18,505,2,C020,Hamra
233,2024-09-18,14,706,3,C010,Hamra
637,2024-08-01,18,404,1,C026,Hamra
1179,2024-06-01,19,106,1,C048,Hamra
2278,2024-07-28,9,310,1,C091,Hamra
2866,2024-03-01,12,309,1,C114,Hamra
339,2024-09-24,17,310,1,C014,Hamra
2515,2024-09-18,9,301,3,C100,Hamra
4670,2024-08-05,19,705,1,C187,Hamra
282,2024-10-09,18,301,1,C012,Hamra
2924,2024-05-15,10,106,1,C116,Hamra
3096,2024-12-27,7,501,1,C123,Hamra
560,2024-04-02,11,306,1,C023,Hamra
2131,2024-04-18,7,104,1,C085,Hamra
1804,2024-08-28,19,409,2,C072,Hamra
4186,2024-12-20,7,403,1,C167,Hamra
3069,2024-05-21,16,502,1,C122,Hamra
3435,2024-10-17,17,505,2,C137,Hamra
2374,2024-08-24,17,403,1,C095,Hamra
622,2024-12-05,20,302,1,C025,Hamra
423,2024-11-07,13,204,1,C017,Hamra
4234,2024-06-25,18,107,1,C170,Hamra
702,2024-05-20,12,307,1,C029,Hamra
4692,2024-07-07,8,704,1,C188,Hamra
1652,2024-02-18,20,101,2,C067,Hamra
2142,2024-10-28,17,404,2,C085,Hamra
1413,2024-07-08,18,705,1,C057,Hamra
1796,2024-05-15,8,406,1,C072,Hamra
321,2024-02-12,17,405,1,C014,Hamra
957,2024-12-18,13,205,1,C039,Hamra
3622,2024-03-30,7,303,1,C144,Hamra
454,2024-10-21,19,410,1,C018,Hamra
1883,2024-12-06,8,703,1,C075,Hamra
2575,2024-09-01,18,405,2,C102,Hamra
499,2024-07-10,14,409,1,C020,Hamra
2953,2024-11-13,12,506,2,C117,Hamra
4317,2024-04-15,20,201,2,C174,Hamra
2956,2024-12-28,8,402,1,C117,Hamra
4305,2024-11-05,13,309,2,C173,Hamra
91,2024-08-20,10,410,2,C004,Hamra
2110,2024-09-21,8,503,1,C084,Hamra
3735,2024-12-09,18,108,1,C148,Hamra
3480,2024-02-06,12,704,1,C139,Hamra
2888,2024-10-31,17,303,3,C114,Hamra
1606,2024-02-10,15,203,1,C065,Hamra
3676,2024-01-17,17,603,1,C146,Hamra
4185,2024-12-09,15,309,1,C167,Hamra
1078,2024-10-03,20,704,1,C044,Hamra
2977,2024-11-02,14,308,1,C118,Hamra
2495,2024-02-28,9,202,2,C100,Hamra
437,2024-07-01,9,702,1,C018,Hamra
4332,2024-02-10,8,405,2,C175,Hamra
3975,2024-02-08,11,406,2,C159,Hamra
3191,2024-07-10,20,403,1,C128,Hamra
4178,2024-09-23,18,307,1,C167,Hamra
924,2024-05-26,20,602,2,C038,Hamra
4348,2024-11-28,10,403,3,C175,Hamra
4932,2024-05-06,13,203,1,C198,Hamra
3387,2024-02-15,10,310,1,C136,Hamra
2616,2024-02-14,15,602,1,C104,Hamra
4808,2024-01-01,18,704,2,C193,Hamra
306,2024-06-16,18,604,2,C013,Hamra
1354,2024-04-17,8,107,1,C055,Hamra
2198,2024-01-19,17,603,2,C088,Hamra
2144,2024-11-27,20,106,1,C085,Hamra
2738,2024-03-12,12,309,2,C109,Hamra
1043,2024-04-18,13,304,1,C043,Hamra
3285,2024-09-24,10,304,1,C132,Hamra
1776,2024-08-27,19,411,1,C071,Hamra
4701,2024-10-27,12,704,1,C188,Hamra
269,2024-03-30,13,109,1,C012,Hamra
1449,2024-04-12,10,701,1,C059,Hamra
4521,2024-09-06,14,411,1,C182,Hamra
1057,2024-01-08,15,502,1,C044,Hamra
378,2024-06-01,7,504,1,C016,Hamra
3350,2024-12-12,13,404,2,C134,Hamra
331,2024-06-22,15,309,2,C014,Hamra
2916,2024-12-08,18,701,1,C115,Hamra
2827,2024-06-06,16,105,1,C112,Hamra
3082,2024-08-02,11,706,1,C123,Hamra
1433,2024-06-25,18,506,3,C058,Hamra
3984,2024-06-23,8,603,3,C159,Hamra
4222,2024-12-05,16,401,1,C169,Hamra
3026,2024-12-03,12,204,3,C120,Hamra
841,2024-05-25,18,503,2,C035,Hamra
240,2024-11-19,18,404,2,C010,Hamra
2030,2024-06-09,13,705,1,C081,Hamra
3956,2024-05-06,8,106,1,C158,Hamra
1061,2024-03-22,8,107,1,C044,Hamra
4545,2024-05-26,16,501,1,C183,Hamra
1775,2024-08-26,20,706,1,C071,Hamra
431,2024-03-24,18,303,1,C018,Hamra
2069,2024-04-22,16,308,1,C083,Hamra
1976,2024-08-12,7,602,1,C079,Hamra
2166,2024-11-27,10,502,1,C086,Hamra
4173,2024-08-30,13,101,1,C167,Hamra
1016,2024-05-22,20,104,3,C042,Hamra
4507,2024-02-10,15,704,2,C182,Hamra
3110,2024-09-14,9,602,1,C124,Hamra
737,2024-10-11,18,605,1,C030,Hamra
493,2024-04-14,17,410,1,C020,Hamra
3150,2024-07-20,13,308,1,C126,Hamra
2415,2024-11-02,13,402,2,C096,Hamra
3138,2024-11-26,13,401,1,C125,Hamra
1031,2024-09-22,8,705,1,C042,Hamra
2237,2024-07-28,12,108,2,C089,Hamra
2173,2024-02-20,8,601,1,C087,Hamra
106,2024-04-27,12,301,1,C005,Hamra
1229,2024-07-19,19,505,1,C050,Hamra
979,2024-02-08,16,103,1,C041,Hamra
2337,2024-01-28,9,407,1,C094,Hamra
4176,2024-09-15,20,105,1,C167,Hamra
1402,2024-03-24,8,305,1,C057,Hamra
4596,2024-06-03,18,204,2,C185,Hamra
4123,2024-04-26,20,407,1,C165,Hamra
3354,2024-01-02,12,401,2,C135,Hamra
3299,2024-04-02,8,605,1,C133,Hamra
1250,2024-06-14,11,106,1,C051,Hamra
2683,2024-12-15,8,411,1,C106,Hamra
3412,2024-10-22,9,504,1,C136,Hamra
4578,2024-09-14,9,704,1,C184,Hamra
250,2024-03-21,12,105,1,C011,Hamra
3784,2024-09-24,12,203,2,C150,Hamra
2466,2024-08-22,16,407,1,C098,Hamra
2493,2024-11-16,9,301,1,C099,Hamra
3501,2024-11-06,9,101,3,C139,Hamra
4702,2024-10-27,19,203,1,C188,Hamra
2418,2024-12-22,18,201,1,C096,Hamra
2673,2024-07-31,19,706,2,C106,Hamra
3590,2024-03-02,7,108,1,C143,Hamra
4136,2024-02-18,13,310,1,C166,Hamra
7,2024-05-06,19,504,1,C001,Hamra
1127,2024-08-10,14,407,1,C046,Hamra
2214,2024-10-05,8,309,1,C088,Hamra
4262,2024-10-20,10,403,1,C171,Hamra
546,2024-10-10,16,204,3,C022,Hamra
77,2024-10-03,13,603,2,C003,Hamra
3562,2024-04-16,14,103,1,C142,Hamra
3230,2024-05-25,7,411,1,C130,Hamra
1499,2024-04-08,10,402,2,C061,Hamra
3996,2024-03-13,12,305,1,C160,Hamra
919,2024-05-01,9,605,1,C038,Hamra
1106,2024-01-30,11,205,1,C046,Hamra
4235,2024-07-06,16,402,2,C170,Hamra
3353,2024-12-29,15,706,1,C134,Hamra
1001,2024-12-19,17,603,3,C041,Hamra
3850,2024-10-14,19,505,1,C153,Hamra
3493,2024-07-13,9,403,1,C139,Hamra
2767,2024-06-04,11,310,1,C110,Hamra
991,2024-06-20,14,506,1,C041,Hamra
4968,2024-11-30,12,602,2,C199,Hamra
1397,2024-02-10,10,604,3,C057,Hamra
4313,2024-03-03,14,408,1,C174,Hamra
3079,2024-01-23,17,604,3,C123,Hamra
2170,2024-12-25,9,204,2,C086,Hamra
4356,2024-03-15,9,108,1,C176,Hamra
1553,2024-02-17,10,701,1,C063,Hamra
944,2024-06-08,15,204,1,C039,Hamra
3472,2024-11-08,11,101,1,C138,Hamra
4930,2024-04-27,14,301,1,C198,Hamra
4817,2024-04-09,12,303,1,C193,Hamra
4666,2024-06-15,9,107,1,C187,Hamra
4113,2024-10-16,14,205,2,C164,Hamra
659,2024-06-04,18,309,2,C027,Hamra
4535,2024-01-07,15,702,1,C183,Hamra
4937,2024-07-14,14,704,1,C198,Hamra
2021,2024-02-25,19,203,1,C081,Hamra
4501,2024-11-16,10,109,1,C181,Hamra
2697,2024-07-11,20,205,1,C107,Hamra
4686,2024-02-16,20,410,1,C188,Hamra
4720,2024-05-27,19,309,1,C189,Hamra
875,2024-10-01,17,408,1,C036,Hamra
2134,2024-06-05,12,301,1,C085,Hamra
3887,2024-07-20,7,108,1,C155,Hamra
4212,2024-05-05,10,404,2,C169,Hamra
692,2024-10-31,14,308,3,C028,Hamra
390,2024-10-20,7,603,1,C016,Hamra
837,2024-03-04,9,406,1,C035,Hamra
4116,2024-11-20,7,504,1,C164,Hamra
4570,2024-06-24,15,702,1,C184,Hamra
2483,2024-04-25,8,204,1,C099,Hamra
3712,2024-07-22,15,706,1,C147,Hamra
4613,2024-11-16,19,405,3,C185,Hamra
3062,2024-01-31,10,706,1,C122,Hamra
4021,2024-04-22,8,503,2,C161,Hamra
578,2024-12-30,10,402,1,C023,Hamra
3005,2024-11-20,18,605,1,C119,Hamra
1578,2024-12-09,17,301,1,C063,Hamra
1731,2024-03-07,17,704,1,C070,Hamra
3761,2024-03-15,16,106,1,C150,Hamra
4864,2024-02-14,12,408,1,C195,Hamra
2007,2024-09-16,17,602,1,C080,Hamra
1452,2024-06-02,13,303,1,C059,Hamra
3836,2024-06-03,9,301,1,C153,Hamra
427,2024-12-28,9,202,3,C017,Hamra
949,2024-08-21,18,305,1,C039,Hamra
1916,2024-02-20,16,603,1,C077,Hamra
2306,2024-11-01,18,504,1,C092,Hamra
4177,2024-09-18,14,404,2,C167,Hamra
600,2024-11-10,11,405,1,C024,Hamra
4144,2024-05-04,10,401,1,C166,Hamra
2209,2024-09-01,13,307,1,C088,Hamra
4586,2024-01-30,13,408,1,C185,Hamra
1063,2024-05-01,19,706,1,C044,Hamra
865,2024-05-04,15,503,3,C036,Hamra
2479,2024-02-06,15,605,2,C099,Hamra
1740,2024-06-18,11,404,1,C070,Hamra
3067,2024-05-03,19,307,1,C122,Hamra
3115,2024-12-22,18,603,1,C124,Hamra
1988,2024-02-04,19,203,1,C080,Hamra
1091,2024-03-27,14,109,2,C045,Hamra
3864,2024-05-13,16,309,1,C154,Hamra
3494,2024-07-14,7,205,1,C139,Hamra
4480,2024-09-30,15,411,1,C180,Hamra
3843,2024-07-19,14,203,2,C153,Hamra
764,2024-10-11,12,402,1,C031,Hamra
2127,2024-03-17,19,602,1,C085,Hamra
1089,2024-02-28,9,501,1,C045,Hamra
2899,2024-05-05,9,107,1,C115,Hamra
1658,2024-04-18,14,108,3,C067,Hamra
1901,2024-08-11,11,501,1,C076,Hamra
974,2024-10-04,16,505,1,C040,Hamra
4314,2024-03-08,17,204,1,C174,Hamra
4510,2024-03-09,20,202,2,C182,Hamra
990,2024-06-13,13,411,1,C041,Hamra
3023,2024-10-31,11,705,1,C120,Hamra
2031,2024-06-10,14,504,1,C081,Hamra
933,2024-12-30,16,302,1,C038,Hamra
2524,2024-12-07,16,504,2,C100,Hamra
4115,2024-11-04,10,706,2,C164,Hamra
4284,2024-12-08,8,404,1,C172,Hamra
1398,2024-02-11,9,402,1,C057,Hamra
1645,2024-12-19,14,101,3,C066,Hamra
725,2024-04-18,17,705,1,C030,Hamra
217,2024-02-20,19,409,1,C010,Hamra
1515,2024-09-06,13,104,1,C061,Hamra
4787,2024-12-06,19,309,1,C191,Hamra
855,2024-01-21,8,306,1,C036,Hamra
1335,2024-10-26,12,408,2,C054,Hamra
2427,2024-05-18,15,107,2,C097,Hamra
4837,2024-12-24,10,101,1,C193,Hamra
97,2024-11-19,15,505,1,C004,Hamra
4541,2024-04-01,8,103,1,C183,Hamra
1333,2024-10-06,8,602,1,C054,Hamra
2796,2024-05-04,15,704,1,C111,Hamra
2272,2024-04-20,18,205,1,C091,Hamra
2249,2024-12-19,13,406,3,C089,Hamra
1592,2024-05-18,13,301,2,C064,Hamra
2999,2024-09-29,7,110,1,C119,Hamra
2298,2024-04-08,19,404,1,C092,Hamra
3782,2024-09-08,17,106,1,C150,Hamra
3855,2024-12-03,12,404,3,C153,Hamra
2026,2024-04-13,19,302,1,C081,Hamra
1456,2024-08-01,13,706,1,C059,Hamra
4604,2024-09-05,17,307,1,C185,Hamra
4514,2024-05-31,20,309,2,C182,Hamra
1076,2024-09-06,12,302,2,C044,Hamra
4481,2024-10-01,12,306,1,C180,Hamra
1895,2024-06-13,8,704,2,C076,Hamra
3645,2024-12-06,12,703,1,C144,Hamra
2525,2024-01-08,10,201,1,C101,Hamra
3136,2024-10-10,15,107,2,C125,Hamra
367,2024-01-05,18,506,2,C016,Hamra
1357,2024-05-24,7,503,1,C055,Hamra
4717,2024-04-10,19,105,1,C189,Hamra
2366,2024-06-12,14,602,2,C095,Hamra
1973,2024-05-26,11,701,2,C079,Hamra
1918,2024-03-04,7,306,2,C077,Hamra
965,2024-03-31,10,303,1,C040,Hamra
516,2024-04-26,7,410,3,C021,Hamra
1644,2024-12-19,12,305,3,C066,Hamra
3407,2024-09-23,8,205,1,C136,Hamra
4967,2024-11-05,11,105,2,C199,Hamra
223,2024-06-21,13,203,1,C010,Hamra
4588,2024-02-16,8,704,1,C185,Hamra
3276,2024-05-19,12,202,1,C132,Hamra
1051,2024-09-02,12,306,1,C043,Hamra
2644,2024-05-28,11,501,1,C105,Hamra
1569,2024-09-02,11,106,2,C063,Hamra
4243,2024-01-05,20,107,1,C171,Hamra
4868,2024-07-02,9,401,1,C195,Hamra
2046,2024-01-20,16,506,3,C082,Hamra
1245,2024-02-15,16,701,1,C051,Hamra
1375,2024-01-12,17,108,1,C056,Hamra
4251,2024-03-10,18,109,1,C171,Hamra
3811,2024-01-17,8,402,1,C152,Hamra
821,2024-05-26,13,104,1,C034,Hamra
1451,2024-06-02,7,306,2,C059,Hamra
3239,2024-10-30,12,406,1,C130,Hamra
3223,2024-04-17,12,306,2,C130,Hamra
3465,2024-08-23,9,504,1,C138,Hamra
3803,2024-11-03,8,310,1,C151,Hamra
3611,2024-12-17,18,503,1,C143,Hamra
2962,2024-03-10,8,205,2,C118,Hamra
3189,2024-07-01,20,706,1,C128,Hamra
418,2024-09-06,19,410,1,C017,Hamra
2056,2024-08-15,15,702,1,C082,Hamra
329,2024-04-11,17,601,1,C014,Hamra
2022,2024-03-15,11,505,1,C081,Hamra
3083,2024-08-03,13,501,1,C123,Hamra
384,2024-07-21,18,506,1,C016,Hamra
776,2024-07-10,11,605,2,C032,Hamra
571,2024-09-05,13,403,1,C023,Hamra
2574,2024-08-29,19,204,1,C102,Hamra
4055,2024-06-27,10,104,1,C162,Hamra
2463,2024-08-06,14,706,1,C098,Hamra
3621,2024-03-22,19,305,2,C144,Hamra
4048,2024-04-01,17,409,1,C162,Hamra
2623,2024-06-23,20,202,1,C104,Hamra
3153,2024-08-26,16,408,2,C126,Hamra
4964,2024-09-16,19,309,1,C199,Hamra
4041,2024-12-30,17,305,1,C161,Hamra
1689,2024-06-11,16,105,1,C068,Hamra
4247,2024-02-17,13,502,2,C171,Hamra
1603,2024-11-24,16,405,3,C064,Hamra
1784,2024-11-23,11,309,2,C071,Hamra
432,2024-04-25,17,601,1,C018,Hamra
4901,2024-12-02,12,504,3,C196,Hamra
2859,2024-12-02,11,107,1,C113,Hamra
3131,2024-08-12,13,411,1,C125,Hamra
3177,2024-12-17,18,502,2,C127,Hamra
1519,2024-11-23,8,301,1,C061,Hamra
1873,2024-05-26,11,705,1,C075,Hamra
2686,2024-03-03,16,205,1,C107,Hamra
3734,2024-10-20,9,604,1,C148,Hamra
3502,2024-11-18,15,308,2,C139,Hamra
4330,2024-11-20,19,202,1,C174,Hamra
4791,2024-01-13,12,404,1,C192,Hamra
2034,2024-07-07,19,602,1,C081,Hamra
2678,2024-10-13,16,701,3,C106,Hamra
686,2024-07-26,9,205,2,C028,Hamra
4358,2024-04-23,13,404,1,C176,Hamra
4070,2024-01-22,10,603,3,C163,Hamra
187,2024-12-14,20,601,2,C008,Hamra
2279,2024-08-01,9,702,1,C091,Hamra
3777,2024-06-19,14,306,1,C150,Hamra
3058,2024-11-18,19,205,1,C121,Hamra
3813,2024-02-23,10,204,2,C152,Hamra
1637,2024-10-24,17,506,1,C066,Hamra
2383,2024-11-15,7,602,1,C095,Hamra
1590,2024-05-05,12,301,1,C064,Hamra
1620,2024-10-03,16,205,3,C065,Hamra
3126,2024-07-22,17,506,1,C125,Hamra
333,2024-07-12,17,104,3,C014,Hamra
617,2024-06-17,7,402,3,C025,Hamra
2502,2024-05-31,11,308,1,C100,Hamra
2641,2024-02-04,13,404,1,C105,Hamra
3256,2024-07-02,12,505,1,C131,Hamra
3318,2024-10-12,20,706,3,C133,Hamra
1608,2024-02-26,8,705,1,C065,Hamra
4520,2024-08-09,17,109,1,C182,Hamra
480,2024-10-29,10,706,1,C019,Hamra
2671,2024-06-11,17,705,1,C106,Hamra
1313,2024-01-19,8,601,3,C054,Hamra
3468,2024-09-20,17,601,1,C138,Hamra
3641,2024-10-08,7,107,2,C144,Hamra
2619,2024-04-22,9,706,1,C104,Hamra
4331,2024-11-22,9,506,1,C174,Hamra
3926,2024-01-30,18,104,3,C157,Hamra
356,2024-05-14,13,105,1,C015,Hamra
1169,2024-03-07,7,105,3,C048,Hamra
3483,2024-03-05,15,201,1,C139,Hamra
830,2024-10-18,17,505,1,C034,Hamra
4093,2024-01-25,12,403,1,C164,Hamra
3948,2024-02-06,10,301,3,C158,Hamra
2476,2024-01-01,9,505,3,C099,Hamra
468,2024-02-06,9,405,1,C019,Hamra
4890,2024-05-20,8,104,1,C196,Hamra
1743,2024-08-19,8,102,1,C070,Hamra
2903,2024-05-15,20,604,1,C115,Hamra
4028,2024-07-06,18,103,2,C161,Hamra
2398,2024-05-07,19,703,1,C096,Hamra
1875,2024-07-19,16,306,3,C075,Hamra
3772,2024-05-06,11,106,1,C150,Hamra
873,2024-09-13,15,601,2,C036,Hamra
3796,2024-06-12,8,706,1,C151,Hamra
1552,2024-02-04,8,303,1,C063,Hamra
3870,2024-07-12,18,602,3,C154,Hamra
4693,2024-07-09,12,105,1,C188,Hamra
2316,2024-04-13,19,109,2,C093,Hamra
101,2024-01-23,16,305,3,C005,Hamra
4523,2024-09-21,8,403,1,C182,Hamra
4155,2024-10-16,18,401,1,C166,Hamra
4753,2024-09-16,10,303,1,C190,Hamra
624,2024-12-23,12,304,1,C025,Hamra
2451,2024-03-15,11,103,1,C098,Hamra
287,2024-12-20,7,109,1,C012,Hamra
3760,2024-03-12,12,411,1,C150,Hamra
3434,2024-09-15,7,406,1,C137,Hamra
2102,2024-07-06,9,702,1,C084,Hamra
707,2024-06-21,16,302,1,C029,Hamra
4281,2024-10-16,11,308,1,C172,Hamra
2736,2024-02-14,20,409,1,C109,Hamra
648,2024-03-01,16,505,1,C027,Hamra
1350,2024-03-23,19,505,1,C055,Hamra
3301,2024-05-02,11,105,1,C133,Hamra
1287,2024-12-23,19,205,1,C052,Hamra
291,2024-01-16,16,605,2,C013,Hamra
1008,2024-03-06,12,103,1,C042,Hamra
3593,2024-05-24,18,304,1,C143,Hamra
1974,2024-06-10,16,403,3,C079,Hamra
445,2024-08-21,14,103,2,C018,Hamra
1222,2024-05-23,11,502,1,C050,Hamra
51,2024-12-23,20,104,1,C002,Hamra
2187,2024-07-06,17,309,1,C087,Hamra
2707,2024-11-17,7,406,1,C107,Hamra
3538,2024-01-13,11,603,3,C141,Hamra
4893,2024-07-02,9,603,1,C196,Hamra
1147,2024-04-20,10,201,3,C047,Hamra
2244,2024-10-16,19,501,1,C089,Hamra
4415,2024-10-21,14,101,3,C178,Hamra
278,2024-08-02,13,109,1,C012,Hamra
302,2024-04-29,17,302,1,C013,Hamra
3421,2024-02-24,11,101,1,C137,Hamra
1446,2024-01-27,8,103,1,C059,Hamra
4292,2024-04-27,12,605,1,C173,Hamra
4940,2024-08-08,17,401,2,C198,Hamra
1050,2024-08-18,12,706,1,C043,Hamra
1840,2024-02-22,16,406,2,C074,Hamra
574,2024-10-21,16,401,1,C023,Hamra
1983,2024-11-16,20,308,1,C079,Hamra
4299,2024-08-20,17,405,3,C173,Hamra
566,2024-06-06,12,110,1,C023,Hamra
2546,2024-09-25,20,108,1,C101,Hamra
4044,2024-01-21,15,602,1,C162,Hamra
3616,2024-02-22,17,310,1,C144,Hamra
4778,2024-10-01,14,307,3,C191,Hamra
2751,2024-11-08,14,205,1,C109,Hamra
4447,2024-10-07,7,505,1,C179,Hamra
2802,2024-08-01,11,110,2,C111,Hamra
3993,2024-01-31,13,305,1,C160,Hamra
4156,2024-12-02,12,505,1,C166,Hamra
4571,2024-07-01,11,605,3,C184,Hamra
4906,2024-01-23,14,308,1,C197,Hamra
401,2024-02-01,9,706,2,C017,Hamra
2151,2024-03-14,12,706,1,C086,Hamra
936,2024-01-10,11,101,2,C039,Hamra
982,2024-02-23,14,102,3,C041,Hamra
1166,2024-02-21,10,304,1,C048,Hamra
3905,2024-05-27,14,204,1,C156,Hamra
1924,2024-06-08,16,108,1,C077,Hamra
4399,2024-01-14,20,502,2,C178,Hamra
12,2024-06-26,8,202,1,C001,Hamra
2957,2024-12-31,15,401,1,C117,Hamra
4403,2024-02-22,19,402,1,C178,Hamra
484,2024-11-30,15,404,3,C019,Hamra
1445,2024-01-22,20,205,1,C059,Hamra
4884,2024-01-30,16,604,1,C196,Hamra
2695,2024-07-09,16,706,1,C107,Hamra
4874,2024-09-16,19,101,1,C195,Hamra
4216,2024-07-23,12,601,1,C169,Hamra
3448,2024-02-28,10,403,1,C138,Hamra
689,2024-09-20,10,103,3,C028,Hamra
810,2024-01-12,19,704,3,C034,Hamra
941,2024-04-28,12,303,1,C039,Hamra
3158,2024-10-16,11,705,1,C126,Hamra
2083,2024-12-03,12,409,1,C083,Hamra
2675,2024-09-04,13,407,1,C106,Hamra
4583,2024-12-19,13,404,1,C184,Hamra
4462,2024-05-06,15,310,1,C180,Hamra
2762,2024-03-15,14,401,1,C110,Hamra
3060,2024-12-26,19,503,2,C121,Hamra
2699,2024-07-22,12,108,2,C107,Hamra
3246,2024-02-18,18,304,1,C131,Hamra
558,2024-03-19,12,605,1,C023,Hamra
3669,2024-08-28,20,506,3,C145,Hamra
1785,2024-12-14,11,307,3,C071,Hamra
3866,2024-06-02,7,404,1,C154,Hamra
2702,2024-09-30,15,408,1,C107,Hamra
3681,2024-04-05,15,502,1,C146,Hamra
1125,2024-08-01,15,603,1,C046,Hamra
1750,2024-10-20,17,604,1,C070,Hamra
757,2024-07-27,14,410,1,C031,Hamra
2335,2024-12-08,19,601,1,C093,Hamra
3423,2024-03-28,16,103,1,C137,Hamra
2976,2024-11-01,19,304,1,C118,Hamra
4086,2024-09-20,9,110,3,C163,Hamra
2043,2024-11-20,7,402,1,C081,Hamra
1493,2024-11-15,17,205,1,C060,Hamra
1894,2024-06-05,18,201,1,C076,Hamra
1564,2024-06-04,18,605,1,C063,Hamra
2501,2024-05-18,14,401,1,C100,Hamra
4460,2024-04-30,13,309,1,C180,Hamra
1168,2024-03-05,19,203,1,C048,Hamra
4719,2024-04-16,11,407,1,C189,Hamra
3821,2024-05-26,16,501,1,C152,Hamra
1849,2024-05-16,13,104,2,C074,Hamra
1432,2024-06-10,16,203,1,C058,Hamra
4798,2024-04-09,10,109,1,C192,Hamra
741,2024-12-03,15,702,1,C030,Hamra
3943,2024-11-02,17,409,1,C157,Hamra
221,2024-05-20,16,501,1,C010,Hamra
940,2024-03-23,20,701,1,C039,Hamra
1358,2024-06-25,8,107,3,C055,Hamra
685,2024-07-16,15,101,3,C028,Hamra
3683,2024-04-21,15,202,1,C146,Hamra
4208,2024-02-25,11,306,2,C169,Hamra
2970,2024-06-27,17,201,1,C118,Hamra
2879,2024-07-04,7,602,3,C114,Hamra
1876,2024-08-05,13,704,1,C075,Hamra
1622,2024-11-11,16,602,1,C065,Hamra
2036,2024-08-04,16,602,1,C081,Hamra
2499,2024-04-29,10,204,1,C100,Hamra
2505,2024-06-23,15,409,2,C100,Hamra
1105,2024-01-23,12,409,3,C046,Hamra
1482,2024-07-31,19,310,1,C060,Hamra
3430,2024-08-22,9,104,2,C137,Hamra
4286,2024-01-13,12,705,2,C173,Hamra
4687,2024-04-10,19,401,1,C188,Hamra
3900,2024-01-24,16,301,1,C156,Hamra
2445,2024-12-29,12,110,1,C097,Hamra
54,2024-01-11,11,603,1,C003,Hamra
4446,2024-09-29,8,102,1,C179,Hamra
3408,2024-10-07,16,410,1,C136,Hamra
2869,2024-04-03,16,304,1,C114,Hamra
4938,2024-07-19,8,106,1,C198,Hamra
4652,2024-01-21,13,304,3,C187,Hamra
2937,2024-12-05,8,706,1,C116,Hamra
4728,2024-07-29,18,705,1,C189,Hamra
1429,2024-05-19,12,704,1,C058,Hamra
1749,2024-10-19,11,108,1,C070,Hamra
2330,2024-10-24,10,204,1,C093,Hamra
3517,2024-04-10,13,110,1,C140,Hamra
3438,2024-10-30,14,103,1,C137,Hamra
2660,2024-12-24,10,502,1,C105,Hamra
1197,2024-01-28,7,404,1,C049,Hamra
2065,2024-02-10,7,205,1,C083,Hamra
426,2024-12-20,7,308,1,C017,Hamra
1337,2024-10-29,17,308,1,C054,Hamra
2826,2024-05-25,7,303,1,C112,Hamra
4278,2024-09-12,11,604,1,C172,Hamra
4008,2024-08-14,10,304,2,C160,Hamra
4084,2024-08-23,19,403,1,C163,Hamra
1215,2024-12-26,20,401,2,C049,Hamra
4505,2024-01-13,15,110,2,C182,Hamra
3633,2024-07-28,9,605,1,C144,Hamra
2137,2024-08-16,20,104,1,C085,Hamra
270,2024-04-09,13,102,1,C012,Hamra
3140,2024-01-31,17,103,1,C126,Hamra
2446,2024-01-16,14,107,1,C098,Hamra
3400,2024-05-16,12,301,1,C136,Hamra
3755,2024-11-24,18,406,1,C149,Hamra
1181,2024-06-14,19,110,1,C048,Hamra
3413,2024-11-05,16,304,2,C136,Hamra
676,2024-04-09,19,403,1,C028,Hamra
1999,2024-04-18,7,302,3,C080,Hamra
242,2024-12-08,14,403,3,C010,Hamra
1271,2024-06-21,16,304,3,C052,Hamra
3600,2024-08-24,9,501,2,C143,Hamra
3278,2024-06-10,14,308,1,C132,Hamra
2262,2024-08-03,18,305,1,C090,Hamra
1541,2024-09-20,10,203,1,C062,Hamra
2701,2024-09-19,14,203,1,C107,Hamra
3287,2024-10-18,17,601,2,C132,Hamra
996,2024-09-30,7,201,3,C041,Hamra
2477,2024-01-03,9,701,1,C099,Hamra
1345,2024-01-28,12,205,1,C055,Hamra
694,2024-11-21,15,302,1,C028,Hamra
2537,2024-05-28,8,703,1,C101,Hamra
1141,2024-01-28,17,403,1,C047,Hamra
3439,2024-11-05,7,304,1,C137,Hamra
3219,2024-03-05,16,104,2,C130,Hamra
4881,2024-12-21,9,307,1,C195,Hamra
2940,2024-01-21,10,307,3,C117,Hamra
2728,2024-09-08,17,501,1,C108,Hamra
4368,2024-08-22,11,503,2,C176,Hamra
1717,2024-08-14,9,409,1,C069,Hamra
670,2024-01-13,19,408,2,C028,Hamra
1982,2024-11-08,16,602,1,C079,Hamra
323,2024-02-18,17,506,1,C014,Hamra
1114,2024-04-27,8,504,1,C046,Hamra
3540,2024-02-23,8,408,3,C141,Hamra
377,2024-05-17,13,202,1,C016,Hamra
4189,2024-02-22,15,102,1,C168,Hamra
4975,2024-02-13,16,403,1,C200,Hamra
3971,2024-10-29,8,110,1,C158,Hamra
2019,2024-02-22,13,307,2,C081,Hamra
4813,2024-03-14,13,302,1,C193,Hamra
1424,2024-02-15,17,401,1,C058,Hamra
1164,2024-01-13,13,103,3,C048,Hamra
1203,2024-06-13,9,107,2,C049,Hamra
2230,2024-04-11,18,602,2,C089,Hamra
3236,2024-10-06,13,108,1,C130,Hamra
337,2024-09-14,7,305,1,C014,Hamra
2613,2024-12-02,16,202,1,C103,Hamra
3059,2024-12-21,7,410,2,C121,Hamra
3662,2024-05-17,11,302,1,C145,Hamra
3080,2024-06-11,8,403,1,C123,Hamra
3980,2024-04-20,15,505,1,C159,Hamra
3450,2024-04-11,13,110,1,C138,Hamra
1728,2024-01-17,10,307,2,C070,Hamra
2605,2024-09-24,10,502,1,C103,Hamra
2567,2024-06-30,8,408,1,C102,Hamra
4121,2024-01-24,11,307,3,C165,Hamra
1581,2024-01-29,10,602,1,C064,Hamra
3962,2024-06-19,18,501,1,C158,Hamra
4058,2024-08-15,19,203,3,C162,Hamra
438,2024-07-06,7,402,3,C018,Hamra
1579,2024-12-11,18,205,1,C063,Hamra
1208,2024-08-17,14,307,1,C049,Hamra
1394,2024-11-16,9,405,1,C056,Hamra
2287,2024-12-05,20,601,2,C091,Hamra
1427,2024-04-28,12,504,2,C058,Hamra
3883,2024-06-04,10,501,1,C155,Hamra
1367,2024-09-28,15,409,1,C055,Hamra
2136,2024-06-23,13,602,1,C085,Hamra
471,2024-04-13,15,409,1,C019,Hamra
3793,2024-04-01,16,701,1,C151,Hamra
2597,2024-07-04,9,706,2,C103,Hamra
2834,2024-10-09,7,410,1,C112,Hamra
2720,2024-06-29,11,506,1,C108,Hamra
1152,2024-06-18,9,304,1,C047,Hamra
2694,2024-07-05,12,108,1,C107,Hamra
4856,2024-06-23,14,503,1,C194,Hamra
4440,2024-08-09,17,408,1,C179,Hamra
2107,2024-08-20,19,602,1,C084,Hamra
3908,2024-06-10,10,403,1,C156,Hamra
3185,2024-05-13,11,501,1,C128,Hamra
4602,2024-08-11,11,701,2,C185,Hamra
1431,2024-06-01,10,310,1,C058,Hamra
3588,2024-02-02,10,411,1,C143,Hamra
3617,2024-02-24,10,302,2,C144,Hamra
2420,2024-01-07,10,309,1,C097,Hamra
1156,2024-08-31,10,306,3,C047,Hamra
4782,2024-11-08,11,102,1,C191,Hamra
3521,2024-05-05,8,406,2,C140,Hamra
2583,2024-01-12,8,602,3,C103,Hamra
4246,2024-01-16,15,408,2,C171,Hamra
2103,2024-07-26,8,405,1,C084,Hamra
3928,2024-02-12,12,202,1,C157,Hamra
1200,2024-05-14,8,602,1,C049,Hamra
3259,2024-08-15,11,202,1,C131,Hamra
2822,2024-04-20,10,704,2,C112,Hamra
4919,2024-11-02,18,702,1,C197,Hamra
1478,2024-06-08,13,705,1,C060,Hamra
1639,2024-11-26,13,309,1,C066,Hamra
2190,2024-09-20,19,309,1,C087,Hamra
3151,2024-08-12,12,201,2,C126,Hamra
638,2024-08-04,16,203,2,C026,Hamra
1759,2024-02-14,11,402,1,C071,Hamra
1852,2024-08-01,7,108,1,C074,Hamra
4908,2024-02-28,18,110,1,C197,Hamra
1149,2024-05-11,9,108,1,C047,Hamra
1890,2024-04-13,15,305,3,C076,Hamra
2407,2024-07-13,20,108,2,C096,Hamra
4233,2024-06-05,7,109,1,C170,Hamra
750,2024-04-07,11,107,1,C031,Hamra
541,2024-08-13,8,204,1,C022,Hamra
416,2024-07-23,10,403,1,C017,Hamra
3723,2024-03-19,20,102,1,C148,Hamra
3395,2024-05-03,20,601,1,C136,Hamra
2462,2024-08-05,17,108,1,C098,Hamra
1195,2024-01-04,7,203,1,C049,Hamra
2178,2024-03-30,9,306,1,C087,Hamra
918,2024-04-13,16,605,3,C038,Hamra
1299,2024-04-28,13,403,2,C053,Hamra
680,2024-05-12,16,410,1,C028,Hamra
1938,2024-11-07,9,308,1,C077,Hamra
3931,2024-04-05,10,604,1,C157,Hamra
4988,2024-11-26,8,205,1,C200,Hamra
3490,2024-05-22,9,102,1,C139,Hamra
4344,2024-10-14,15,704,2,C175,Hamra
4290,2024-01-28,9,202,1,C173,Hamra
453,2024-10-04,17,705,1,C018,Hamra
1231,2024-08-20,11,411,1,C050,Hamra
2221,2024-01-17,8,103,3,C089,Hamra
4379,2024-02-28,10,105,3,C177,Hamra
3763,2024-03-30,18,103,1,C150,Hamra
1095,2024-07-17,19,605,1,C045,Hamra
4737,2024-12-27,13,304,1,C189,Hamra
3164,2024-01-26,20,102,1,C127,Hamra
2312,2024-01-25,13,602,1,C093,Hamra
527,2024-10-27,18,501,1,C021,Hamra
4969,2024-12-04,9,302,1,C199,Hamra
4731,2024-09-23,11,204,1,C189,Hamra
1897,2024-06-29,7,403,1,C076,Hamra
4117,2024-12-25,16,402,2,C164,Hamra
3814,2024-03-08,16,110,1,C152,Hamra
4016,2024-12-16,16,103,1,C160,Hamra
2284,2024-11-16,17,411,1,C091,Hamra
4655,2024-02-18,7,502,1,C187,Hamra
2405,2024-06-23,11,310,1,C096,Hamra
2391,2024-02-21,19,307,1,C096,Hamra
1867,2024-04-11,16,701,1,C075,Hamra
2773,2024-08-03,15,503,1,C110,Hamra
2052,2024-07-06,7,605,1,C082,Hamra
3178,2024-02-26,7,405,1,C128,Hamra
2586,2024-02-16,10,306,3,C103,Hamra
3308,2024-06-07,10,405,1,C133,Hamra
3629,2024-06-22,8,403,1,C144,Hamra
3497,2024-08-29,15,406,1,C139,Hamra
848,2024-10-08,20,705,2,C035,Hamra
2831,2024-08-28,15,401,1,C112,Hamra
4228,2024-01-05,19,601,2,C170,Hamra
2177,2024-03-24,19,307,2,C087,Hamra
3002,2024-11-03,8,306,1,C119,Hamra
2475,2024-12-26,20,101,1,C098,Hamra
2040,2024-09-04,15,501,1,C081,Hamra
3446,2024-02-23,12,203,2,C138,Hamra
2050,2024-06-09,14,306,1,C082,Hamra
3405,2024-08-13,16,604,1,C136,Hamra
627,2024-01-15,19,109,1,C026,Hamra
74,2024-08-11,19,302,1,C003,Hamra
1448,2024-03-01,10,605,1,C059,Hamra
2922,2024-05-01,8,306,1,C116,Hamra
3261,2024-10-03,8,406,1,C131,Hamra
4135,2024-02-15,15,503,1,C166,Hamra
3238,2024-10-20,7,307,1,C130,Hamra
3655,2024-03-02,18,202,3,C145,Hamra
861,2024-03-26,13,106,1,C036,Hamra
2162,2024-07-28,17,706,2,C086,Hamra
2452,2024-03-18,20,301,1,C098,Hamra
3108,2024-07-20,9,401,1,C124,Hamra
1830,2024-10-28,9,105,2,C073,Hamra
2775,2024-08-10,8,109,1,C110,Hamra
3074,2024-08-09,20,604,3,C122,Hamra
3216,2024-01-03,16,504,2,C130,Hamra
4042,2024-01-06,12,204,1,C162,Hamra
652,2024-04-02,19,602,1,C027,Hamra
4119,2024-01-08,16,506,1,C165,Hamra
4963,2024-08-22,8,405,1,C199,Hamra
3768,2024-04-17,16,705,1,C150,Hamra
1688,2024-06-09,10,705,1,C068,Hamra
335,2024-07-27,16,401,1,C014,Hamra
2467,2024-08-27,15,706,1,C098,Hamra
577,2024-11-26,15,603,2,C023,Hamra
4283,2024-11-28,12,404,2,C172,Hamra
4812,2024-02-19,19,304,1,C193,Hamra
2892,2024-01-11,10,605,2,C115,Hamra
2841,2024-12-16,13,108,1,C112,Hamra
2403,2024-06-04,20,308,1,C096,Hamra
1948,2024-03-10,7,706,1,C078,Hamra
1508,2024-06-17,18,506,1,C061,Hamra
2141,2024-09-28,10,410,1,C085,Hamra
4540,2024-03-08,11,406,2,C183,Hamra
1786,2024-12-20,14,706,3,C071,Hamra
2139,2024-09-08,18,410,1,C085,Hamra
1216,2024-02-17,8,407,2,C050,Hamra
3527,2024-07-02,18,105,1,C140,Hamra
365,2024-11-15,11,301,1,C015,Hamra
3664,2024-07-05,12,302,2,C145,Hamra
815,2024-03-30,11,407,1,C034,Hamra
851,2024-11-27,19,502,1,C035,Hamra
943,2024-05-18,15,407,1,C039,Hamra
4555,2024-12-22,16,705,1,C183,Hamra
4660,2024-03-29,7,305,1,C187,Hamra
3316,2024-09-30,20,701,1,C133,Hamra
719,2024-01-19,9,102,1,C030,Hamra
3288,2024-11-06,20,305,1,C132,Hamra
3612,2024-12-23,8,605,1,C143,Hamra
2593,2024-06-02,18,303,1,C103,Hamra
4085,2024-09-16,19,101,2,C163,Hamra
1845,2024-04-17,9,404,1,C074,Hamra
1368,2024-10-11,16,404,1,C055,Hamra
4843,2024-02-28,15,304,1,C194,Hamra
1475,2024-05-04,19,602,1,C060,Hamra
601,2024-12-19,20,504,1,C024,Hamra
544,2024-09-29,15,106,1,C022,Hamra
4268,2024-04-16,16,602,3,C172,Hamra
782,2024-10-25,8,503,1,C032,Hamra
2376,2024-09-01,20,703,1,C095,Hamra
2082,2024-12-01,9,604,1,C083,Hamra
4443,2024-09-03,20,108,1,C179,Hamra
53,2024-01-08,10,309,1,C003,Hamra
1738,2024-05-20,15,305,1,C070,Hamra
4017,2024-12-27,9,204,2,C160,Hamra
3217,2024-01-08,19,105,1,C130,Hamra
2219,2024-12-17,13,505,2,C088,Hamra
2740,2024-04-03,18,504,1,C109,Hamra
1462,2024-11-16,9,409,1,C059,Hamra
1914,2024-02-08,13,301,1,C077,Hamra
325,2024-03-21,13,603,1,C014,Hamra
1254,2024-07-05,15,107,3,C051,Hamra
3485,2024-03-24,8,301,1,C139,Hamra
1949,2024-03-28,19,107,1,C078,Hamra
2006,2024-08-29,12,402,3,C080,Hamra
241,2024-12-07,15,204,2,C010,Hamra
1997,2024-04-02,18,204,2,C080,Hamra
3101,2024-03-26,18,602,3,C124,Hamra
4623,2024-02-13,8,408,1,C186,Hamra
820,2024-05-16,8,408,2,C034,Hamra
3039,2024-03-14,19,602,1,C121,Hamra
1989,2024-02-05,20,305,2,C080,Hamra
1298,2024-04-10,11,706,2,C053,Hamra
3907,2024-06-04,16,605,1,C156,Hamra
448,2024-09-11,16,411,2,C018,Hamra
3868,2024-06-19,18,107,1,C154,Hamra
2571,2024-08-03,16,407,1,C102,Hamra
3367,2024-06-18,14,701,1,C135,Hamra
4300,2024-09-08,17,103,3,C173,Hamra
2474,2024-12-25,15,503,1,C098,Hamra
1099,2024-11-17,8,404,1,C045,Hamra
4954,2024-02-24,11,309,1,C199,Hamra
839,2024-03-31,20,307,3,C035,Hamra
4482,2024-10-04,13,106,1,C180,Hamra
2871,2024-04-10,12,701,2,C114,Hamra
517,2024-06-03,12,309,2,C021,Hamra
3924,2024-12-14,13,504,1,C156,Hamra
2419,2024-12-29,9,308,1,C096,Hamra
1067,2024-05-20,19,502,2,C044,Hamra
2001,2024-06-21,9,110,3,C080,Hamra
1374,2024-01-10,16,301,2,C056,Hamra
3463,2024-08-15,15,201,1,C138,Hamra
3800,2024-09-21,20,407,2,C151,Hamra
4369,2024-09-04,14,603,1,C176,Hamra
4476,2024-09-03,11,106,1,C180,Hamra
3595,2024-06-03,12,309,2,C143,Hamra
1347,2024-02-03,17,408,1,C055,Hamra
1044,2024-05-08,18,706,2,C043,Hamra
1224,2024-06-08,16,704,1,C050,Hamra
129,2024-03-29,7,202,2,C006,Hamra
4019,2024-04-02,16,402,1,C161,Hamra
1547,2024-11-22,18,502,1,C062,Hamra
1364,2024-08-28,7,303,2,C055,Hamra
4182,2024-11-18,10,603,1,C167,Hamra
3518,2024-04-26,8,503,1,C140,Hamra
2920,2024-04-03,17,203,3,C116,Hamra
754,2024-06-11,13,706,1,C031,Hamra
1843,2024-04-08,8,504,3,C074,Hamra
4490,2024-04-22,16,405,1,C181,Hamra
833,2024-12-24,8,706,1,C034,Hamra
4210,2024-03-31,11,702,2,C169,Hamra
243,2024-12-11,10,505,1,C010,Hamra
1277,2024-07-24,14,705,1,C052,Hamra
4585,2024-01-17,10,203,1,C185,Hamra
1958,2024-09-30,20,409,2,C078,Hamra
67,2024-06-21,18,411,1,C003,Hamra
4591,2024-04-25,12,405,1,C185,Hamra
4039,2024-12-14,11,310,1,C161,Hamra
3369,2024-06-29,17,102,1,C135,Hamra
84,2024-03-31,20,411,1,C004,Hamra
4163,2024-03-22,8,303,1,C167,Hamra
1190,2024-11-19,17,105,1,C048,Hamra
1847,2024-04-23,19,304,1,C074,Hamra
1977,2024-09-13,18,506,1,C079,Hamra
3618,2024-02-27,20,303,1,C144,Hamra
4147,2024-06-02,14,407,1,C166,Hamra
100,2024-12-30,8,306,2,C004,Hamra
88,2024-04-25,15,110,1,C004,Hamra
3027,2024-12-08,15,501,1,C120,Hamra
2997,2024-09-22,9,702,1,C119,Hamra
3895,2024-11-10,10,307,1,C155,Hamra
415,2024-07-21,14,203,2,C017,Hamra
2390,2024-02-10,15,302,3,C096,Hamra
1737,2024-04-14,9,109,1,C070,Hamra
4517,2024-07-11,11,309,1,C182,Hamra
2443,2024-10-04,17,602,1,C097,Hamra
189,2024-12-19,14,204,1,C008,Hamra
2882,2024-08-24,9,604,2,C114,Hamra
4497,2024-08-08,13,108,1,C181,Hamra
105,2024-03-08,17,501,1,C005,Hamra
4911,2024-07-15,14,304,1,C197,Hamra
1157,2024-09-12,16,403,2,C047,Hamra
967,2024-05-18,17,604,1,C040,Hamra
3076,2024-11-07,20,505,3,C122,Hamra
3366,2024-05-28,9,405,1,C135,Hamra
3516,2024-04-08,8,107,1,C140,Hamra
2341,2024-03-16,16,401,2,C094,Hamra
3849,2024-10-08,19,504,1,C153,Hamra
677,2024-04-18,13,604,1,C028,Hamra
4256,2024-07-06,18,604,1,C171,Hamra
1928,2024-07-17,15,201,1,C077,Hamra
4346,2024-10-29,7,204,1,C175,Hamra
1213,2024-11-22,9,306,3,C049,Hamra
2158,2024-06-02,11,108,1,C086,Hamra
1315,2024-02-09,9,103,2,C054,Hamra
433,2024-05-12,7,403,1,C018,Hamra
656,2024-05-11,13,404,1,C027,Hamra
1806,2024-10-05,13,308,1,C072,Hamra
3352,2024-12-27,16,303,3,C134,Hamra
3064,2024-03-24,18,410,2,C122,Hamra
2651,2024-08-29,14,203,2,C105,Hamra
1712,2024-04-25,11,202,1,C069,Hamra
1765,2024-04-18,16,605,1,C071,Hamra
3779,2024-08-08,18,703,1,C150,Hamra
4654,2024-02-10,11,105,3,C187,Hamra
4335,2024-05-26,11,503,1,C175,Hamra
2944,2024-04-21,7,201,1,C117,Hamra
4888,2024-04-12,16,201,1,C196,Hamra
769,2024-02-15,11,605,1,C032,Hamra
2753,2024-11-19,12,506,1,C109,Hamra
2442,2024-09-27,19,605,2,C097,Hamra
14,2024-07-13,18,406,1,C001,Hamra
4525,2024-10-06,7,406,2,C182,Hamra
4327,2024-10-09,17,203,2,C174,Hamra
4206,2024-02-09,13,204,1,C169,Hamra
2723,2024-07-07,7,702,1,C108,Hamra
2877,2024-06-12,17,603,1,C114,Hamra
977,2024-01-24,8,506,3,C041,Hamra
169,2024-01-24,8,310,1,C008,Hamra
3992,2024-01-04,11,408,1,C160,Hamra
740,2024-11-18,20,408,1,C030,Hamra
1133,2024-10-16,16,205,1,C046,Hamra
2647,2024-06-29,19,301,1,C105,Hamra
4477,2024-09-04,13,602,1,C180,Hamra
2395,2024-04-25,7,502,2,C096,Hamra
1517,2024-10-05,16,106,2,C061,Hamra
3559,2024-12-30,7,602,1,C141,Hamra
2227,2024-03-09,7,310,1,C089,Hamra
4204,2024-12-16,12,205,2,C168,Hamra
3155,2024-09-10,8,104,1,C126,Hamra
1510,2024-06-29,7,104,2,C061,Hamra
3024,2024-11-13,12,405,1,C120,Hamra
4271,2024-06-17,20,409,1,C172,Hamra
4758,2024-11-08,8,402,1,C190,Hamra
3052,2024-09-05,12,406,1,C121,Hamra
4273,2024-07-06,16,407,2,C172,Hamra
1167,2024-02-23,14,602,1,C048,Hamra
1464,2024-11-21,8,503,1,C059,Hamra
4615,2024-12-22,17,705,1,C185,Hamra
262,2024-11-08,15,109,2,C011,Hamra
615,2024-05-17,14,505,1,C025,Hamra
4721,2024-06-16,18,108,2,C189,Hamra
1113,2024-04-12,16,204,1,C046,Hamra
1318,2024-03-25,7,408,1,C054,Hamra
831,2024-11-12,13,308,2,C034,Hamra
2105,2024-07-30,20,306,1,C084,Hamra
3355,2024-01-03,19,202,1,C135,Hamra
1534,2024-06-27,16,102,1,C062,Hamra
1419,2024-12-07,12,203,1,C057,Hamra
2332,2024-10-29,20,104,1,C093,Hamra
2936,2024-11-27,12,305,1,C116,Hamra
1888,2024-02-07,12,703,1,C076,Hamra
3314,2024-08-26,12,704,1,C133,Hamra
1896,2024-06-17,16,701,1,C076,Hamra
4090,2024-12-08,13,204,1,C163,Hamra
907,2024-11-09,18,405,3,C037,Hamra
4703,2024-11-01,9,404,2,C188,Hamra
4809,2024-01-30,20,108,1,C193,Hamra
3632,2024-07-08,12,202,1,C144,Hamra
744,2024-12-22,9,505,3,C030,Hamra
1003,2024-01-25,13,502,1,C042,Hamra
1501,2024-04-21,13,401,1,C061,Hamra
1184,2024-07-24,14,703,2,C048,Hamra
4750,2024-07-03,8,102,1,C190,Hamra
2089,2024-02-16,15,504,1,C084,Hamra
2323,2024-08-15,19,204,3,C093,Hamra
4792,2024-02-08,11,106,1,C192,Hamra
4584,2024-01-16,15,506,1,C185,Hamra
1678,2024-01-22,16,504,1,C068,Hamra
1124,2024-07-31,11,406,1,C046,Hamra
2858,2024-11-05,13,302,2,C113,Hamra
682,2024-05-28,17,310,1,C028,Hamra
1930,2024-08-28,15,407,1,C077,Hamra
3054,2024-09-28,10,202,3,C121,Hamra
56,2024-02-28,8,702,1,C003,Hamra
903,2024-10-13,15,203,1,C037,Hamra
4366,2024-07-20,19,304,1,C176,Hamra
3704,2024-02-01,8,602,1,C147,Hamra
2299,2024-06-10,9,701,1,C092,Hamra
2077,2024-09-11,16,310,3,C083,Hamra
419,2024-09-10,8,406,2,C017,Hamra
3033,2024-01-09,9,501,1,C121,Hamra
2181,2024-05-18,12,310,1,C087,Hamra
958,2024-01-10,9,301,1,C040,Hamra
4413,2024-08-01,16,502,1,C178,Hamra
1826,2024-09-29,14,601,1,C073,Hamra
718,2024-11-19,17,702,3,C029,Hamra
4423,2024-02-17,12,308,1,C179,Hamra
1013,2024-04-20,13,204,1,C042,Hamra
704,2024-06-01,7,106,1,C029,Hamra
1628,2024-05-02,9,310,1,C066,Hamra
3114,2024-12-22,9,308,1,C124,Hamra
3659,2024-04-11,8,601,1,C145,Hamra
3015,2024-08-28,13,202,1,C120,Hamra
2752,2024-11-16,15,203,1,C109,Hamra
3985,2024-07-09,10,411,1,C159,Hamra
2300,2024-08-04,18,503,1,C092,Hamra
2814,2024-02-20,11,409,1,C112,Hamra
1282,2024-10-18,9,106,2,C052,Hamra
4162,2024-03-21,17,502,1,C167,Hamra
1470,2024-03-28,15,703,1,C060,Hamra
2349,2024-07-12,20,705,1,C094,Hamra
4432,2024-04-13,10,504,2,C179,Hamra
3639,2024-09-27,11,108,1,C144,Hamra
2453,2024-04-05,7,108,1,C098,Hamra
334,2024-07-16,17,504,1,C014,Hamra
4227,2024-01-01,18,408,1,C170,Hamra
1252,2024-06-15,19,409,1,C051,Hamra
587,2024-05-05,8,602,1,C024,Hamra
2704,2024-11-08,18,205,2,C107,Hamra
4252,2024-03-21,19,411,1,C171,Hamra
1822,2024-09-07,15,410,1,C073,Hamra
3710,2024-06-17,8,604,1,C147,Hamra
2091,2024-03-13,11,307,1,C084,Hamra
1504,2024-05-20,19,308,1,C061,Hamra
2666,2024-03-10,14,504,2,C106,Hamra
2354,2024-09-18,9,603,3,C094,Hamra
1575,2024-12-05,12,704,1,C063,Hamra
3877,2024-11-03,10,307,1,C154,Hamra
2375,2024-09-01,17,105,1,C095,Hamra
834,2024-01-03,13,406,1,C035,Hamra
1672,2024-12-02,16,203,1,C067,Hamra
1379,2024-03-03,20,403,2,C056,Hamra
962,2024-02-18,19,305,2,C040,Hamra
3930,2024-03-16,9,408,1,C157,Hamra
3333,2024-06-23,12,301,1,C134,Hamra
4458,2024-04-18,18,404,1,C180,Hamra
3209,2024-07-01,16,308,1,C129,Hamra
4469,2024-07-10,15,309,1,C180,Hamra
583,2024-03-05,17,409,1,C024,Hamra
2578,2024-12-02,16,107,1,C102,Hamra
4061,2024-09-27,7,502,1,C162,Hamra
2897,2024-04-09,9,501,1,C115,Hamra
3358,2024-02-01,8,104,2,C135,Hamra
1886,2024-12-17,14,409,1,C075,Hamra
253,2024-05-07,13,506,1,C011,Hamra
881,2024-12-04,8,307,1,C036,Hamra
3721,2024-02-12,12,105,1,C148,Hamra
1556,2024-03-18,9,703,1,C063,Hamra
2010,2024-11-09,14,506,1,C080,Hamra
4780,2024-10-15,16,308,1,C191,Hamra
4917,2024-09-26,19,205,1,C197,Hamra
2207,2024-06-10,9,406,3,C088,Hamra
731,2024-07-07,16,109,1,C030,Hamra
3966,2024-09-03,20,601,1,C158,Hamra
2598,2024-08-03,15,706,1,C103,Hamra
2839,2024-11-10,7,310,1,C112,Hamra
2116,2024-12-04,11,310,2,C084,Hamra
3776,2024-06-16,9,702,1,C150,Hamra
2658,2024-12-04,12,306,1,C105,Hamra
4725,2024-07-11,16,109,1,C189,Hamra
523,2024-10-09,8,701,1,C021,Hamra
909,2024-12-01,15,502,2,C037,Hamra
647,2024-01-13,12,307,1,C027,Hamra
2573,2024-08-27,13,601,1,C102,Hamra
4089,2024-11-15,11,308,2,C163,Hamra
923,2024-05-26,15,702,2,C038,Hamra
1481,2024-07-22,7,104,1,C060,Hamra
1733,2024-03-20,11,404,1,C070,Hamra
768,2024-02-12,17,205,1,C032,Hamra
1994,2024-03-29,16,101,1,C080,Hamra
3882,2024-05-27,17,405,3,C155,Hamra
3248,2024-04-04,12,404,1,C131,Hamra
4388,2024-05-30,13,305,1,C177,Hamra
2551,2024-01-02,18,408,2,C102,Hamra
2555,2024-01-22,10,505,1,C102,Hamra
739,2024-11-08,18,602,1,C030,Hamra
551,2024-11-23,19,411,3,C022,Hamra
464,2024-01-07,7,307,2,C019,Hamra
756,2024-07-24,17,203,2,C031,Hamra
494,2024-04-23,14,107,1,C020,Hamra
3716,2024-09-28,16,108,2,C147,Hamra
3222,2024-03-23,10,403,1,C130,Hamra
969,2024-06-27,9,603,1,C040,Hamra
4169,2024-07-28,18,601,3,C167,Hamra
2285,2024-11-23,13,109,1,C091,Hamra
1794,2024-05-03,18,310,2,C072,Hamra
2742,2024-04-22,8,301,1,C109,Hamra
4504,2024-01-12,14,110,1,C182,Hamra
655,2024-05-05,20,201,2,C027,Hamra
1965,2024-02-22,12,406,1,C079,Hamra
3536,2024-11-26,13,202,1,C140,Hamra
1959,2024-10-09,20,406,1,C078,Hamra
4958,2024-05-19,11,204,3,C199,Hamra
406,2024-04-06,15,704,1,C017,Hamra
2087,2024-01-05,11,602,1,C084,Hamra
3447,2024-02-26,17,407,1,C138,Hamra
3719,2024-11-29,11,703,3,C147,Hamra
3951,2024-03-09,9,706,2,C158,Hamra
3955,2024-04-27,17,302,2,C158,Hamra
3832,2024-02-28,7,410,1,C153,Hamra
2199,2024-02-02,8,101,1,C088,Hamra
1858,2024-11-13,14,404,1,C074,Hamra
3166,2024-02-19,7,704,1,C127,Hamra
4839,2024-01-19,13,104,1,C194,Hamra
2570,2024-08-01,20,308,3,C102,Hamra
2408,2024-07-15,20,403,2,C096,Hamra
4073,2024-02-16,11,301,1,C163,Hamra
1251,2024-06-15,9,202,1,C051,Hamra
2548,2024-10-15,18,706,2,C101,Hamra
1767,2024-05-20,18,306,1,C071,Hamra
1764,2024-03-24,17,603,1,C071,Hamra
3885,2024-06-30,13,302,1,C155,Hamra
218,2024-03-19,15,504,1,C010,Hamra
2433,2024-08-02,8,203,2,C097,Hamra
4245,2024-01-14,14,705,1,C171,Hamra
4547,2024-08-02,15,407,1,C183,Hamra
4956,2024-05-07,17,501,1,C199,Hamra
3348,2024-11-05,9,703,2,C134,Hamra
141,2024-09-04,8,205,1,C006,Hamra
1913,2024-01-29,13,202,1,C077,Hamra
4371,2024-10-06,11,702,3,C176,Hamra
1941,2024-12-03,11,205,3,C077,Hamra
49,2024-11-14,16,409,3,C002,Hamra
1256,2024-07-20,11,106,2,C051,Hamra
4736,2024-12-26,10,302,1,C189,Hamra
3705,2024-02-26,19,701,1,C147,Hamra
3050,2024-08-05,11,702,1,C121,Hamra
3179,2024-03-02,19,305,1,C128,Hamra
39,2024-06-05,10,109,3,C002,Hamra
1257,2024-07-20,19,105,2,C051,Hamra
3857,2024-01-17,12,308,2,C154,Hamra
1752,2024-11-17,10,408,1,C070,Hamra
487,2024-01-06,8,502,3,C020,Hamra
556,2024-02-27,15,204,2,C023,Hamra
1340,2024-11-20,8,302,1,C054,Hamra
3608,2024-11-13,15,304,2,C143,Hamra
3331,2024-06-17,16,408,1,C134,Hamra
4075,2024-03-22,12,101,1,C163,Hamra
3404,2024-08-06,15,203,1,C136,Hamra
1410,2024-06-25,15,604,1,C057,Hamra
4412,2024-07-22,9,402,1,C178,Hamra
4380,2024-03-11,7,106,1,C177,Hamra
2906,2024-09-22,7,106,3,C115,Hamra
3745,2024-04-07,9,408,1,C149,Hamra
3095,2024-12-10,11,405,2,C123,Hamra
879,2024-10-17,19,604,1,C036,Hamra
1771,2024-07-26,9,410,1,C071,Hamra
1705,2024-01-02,18,308,1,C069,Hamra
1428,2024-05-03,15,110,1,C058,Hamra
1573,2024-10-06,15,704,1,C063,Hamra
372,2024-03-14,9,304,1,C016,Hamra
3330,2024-06-14,9,704,1,C134,Hamra
1944,2024-01-22,18,403,1,C078,Hamra
3070,2024-06-02,20,308,2,C122,Hamra
4483,2024-10-21,11,104,1,C180,Hamra
41,2024-08-06,8,305,1,C002,Hamra
2875,2024-06-05,12,304,1,C114,Hamra
2880,2024-08-17,13,506,1,C114,Hamra
3099,2024-01-20,19,402,1,C124,Hamra
3677,2024-02-10,15,409,3,C146,Hamra
4079,2024-05-27,12,104,2,C163,Hamra
2155,2024-04-17,9,502,1,C086,Hamra
4164,2024-03-24,18,107,1,C167,Hamra
3213,2024-11-17,11,701,1,C129,Hamra
4130,2024-11-04,10,107,2,C165,Hamra
526,2024-10-16,11,703,1,C021,Hamra
24,2024-11-18,14,705,1,C001,Hamra
3275,2024-05-13,14,401,2,C132,Hamra
1434,2024-07-25,12,401,2,C058,Hamra
18,2024-10-09,7,304,2,C001,Hamra
3552,2024-09-22,14,109,2,C141,Hamra
4315,2024-03-13,14,305,3,C174,Hamra
4349,2024-12-17,8,506,1,C175,Hamra
150,2024-02-17,10,603,1,C007,Hamra
1262,2024-11-21,18,703,2,C051,Hamra
75,2024-08-20,8,301,1,C003,Hamra
4404,2024-04-09,10,302,3,C178,Hamra
3859,2024-02-28,18,307,1,C154,Hamra
762,2024-09-14,19,203,1,C031,Hamra
2496,2024-03-05,19,202,1,C100,Hamra
1527,2024-03-23,16,110,1,C062,Hamra
3867,2024-06-02,13,101,1,C154,Hamra
4875,2024-09-22,15,407,2,C195,Hamra
2732,2024-11-04,20,405,1,C108,Hamra
1349,2024-03-19,20,108,2,C055,Hamra
3920,2024-11-10,14,306,1,C156,Hamra
1069,2024-05-29,18,307,1,C044,Hamra
2017,2024-02-17,15,303,1,C081,Hamra
4152,2024-09-04,14,102,1,C166,Hamra
735,2024-10-04,8,701,2,C030,Hamra
1646,2024-12-21,13,602,2,C066,Hamra
3392,2024-04-07,8,109,2,C136,Hamra
319,2024-01-25,19,103,3,C014,Hamra
2547,2024-10-10,18,401,1,C101,Hamra
2681,2024-10-27,17,306,3,C106,Hamra
2587,2024-03-08,8,405,2,C103,Hamra
1524,2024-01-07,10,403,2,C062,Hamra
1882,2024-10-31,7,411,1,C075,Hamra
4770,2024-05-16,11,401,3,C191,Hamra
1975,2024-06-12,12,409,1,C079,Hamra
4847,2024-03-23,15,108,2,C194,Hamra
2691,2024-05-17,16,110,1,C107,Hamra
2394,2024-03-13,14,701,1,C096,Hamra
971,2024-08-24,8,601,1,C040,Hamra
3539,2024-02-15,7,703,1,C141,Hamra
2688,2024-04-15,8,204,1,C107,Hamra
421,2024-10-14,13,504,2,C017,Hamra
362,2024-09-18,10,205,1,C015,Hamra
4026,2024-06-24,16,302,1,C161,Hamra
380,2024-06-14,11,706,1,C016,Hamra
304,2024-05-24,18,303,1,C013,Hamra
3807,2024-11-25,13,407,1,C151,Hamra
877,2024-10-09,9,502,1,C036,Hamra
1039,2024-02-23,16,308,1,C043,Hamra
4409,2024-06-26,8,604,1,C178,Hamra
2883,2024-08-31,19,308,1,C114,Hamra
1860,2024-12-06,13,410,1,C074,Hamra
2027,2024-05-06,11,503,1,C081,Hamra
2355,2024-09-27,20,205,3,C094,Hamra
3545,2024-05-11,7,706,1,C141,Hamra
722,2024-04-02,7,309,1,C030,Hamra
4590,2024-03-13,15,403,1,C185,Hamra
732,2024-09-04,11,301,1,C030,Hamra
4971,2024-12-13,7,301,1,C199,Hamra
236,2024-09-29,13,504,1,C010,Hamra
2480,2024-02-12,15,503,1,C099,Hamra
4841,2024-02-10,17,106,1,C194,Hamra
2345,2024-06-18,7,102,1,C094,Hamra
946,2024-07-30,16,203,1,C039,Hamra
894,2024-06-16,20,602,3,C037,Hamra
3245,2024-02-08,19,605,1,C131,Hamra
2241,2024-09-01,10,109,1,C089,Hamra
4053,2024-05-30,20,409,3,C162,Hamra
4141,2024-04-20,9,302,2,C166,Hamra
322,2024-02-16,11,402,1,C014,Hamra
4794,2024-03-03,13,404,2,C192,Hamra
948,2024-08-12,14,501,1,C039,Hamra
4533,2024-12-31,19,601,1,C182,Hamra
3221,2024-03-09,8,307,1,C130,Hamra
1053,2024-10-25,13,704,1,C043,Hamra
4499,2024-10-16,20,309,1,C181,Hamra
3262,2024-10-22,20,107,1,C131,Hamra
4215,2024-07-21,7,409,1,C169,Hamra
172,2024-03-01,13,701,1,C008,Hamra
2416,2024-11-13,14,202,1,C096,Hamra
4783,2024-11-09,8,308,1,C191,Hamra
1614,2024-06-09,15,205,1,C065,Hamra
1984,2024-11-26,7,408,1,C079,Hamra
3267,2024-01-16,19,203,3,C132,Hamra
1701,2024-12-03,12,308,1,C068,Hamra
2297,2024-04-03,7,502,1,C092,Hamra
237,2024-10-30,9,407,2,C010,Hamra
1871,2024-05-17,17,603,1,C075,Hamra
4420,2024-12-03,12,703,2,C178,Hamra
3789,2024-02-07,9,410,1,C151,Hamra
1503,2024-05-06,14,101,1,C061,Hamra
1159,2024-10-01,11,605,1,C047,Hamra
66,2024-06-12,8,603,1,C003,Hamra
2610,2024-11-14,10,105,1,C103,Hamra
405,2024-03-17,15,203,2,C017,Hamra
539,2024-06-22,10,105,2,C022,Hamra
2938,2024-12-23,16,407,1,C116,Hamra
2283,2024-11-16,16,704,2,C091,Hamra
3623,2024-03-31,14,306,1,C144,Hamra
2629,2024-08-25,11,309,1,C104,Hamra
76,2024-09-20,17,303,1,C003,Hamra
1273,2024-06-27,17,306,2,C052,Hamra
2801,2024-07-27,16,110,1,C111,Hamra
4018,2024-03-13,19,309,1,C161,Hamra
1012,2024-04-16,19,504,2,C042,Hamra
3241,2024-12-10,20,605,1,C130,Hamra
950,2024-10-21,7,306,1,C039,Hamra
1132,2024-10-10,13,310,1,C046,Hamra
1194,2024-12-18,9,705,1,C048,Hamra
660,2024-06-30,16,308,1,C027,Hamra
349,2024-02-06,14,307,3,C015,Hamra
154,2024-05-16,20,104,1,C007,Hamra
2755,2024-12-03,18,409,1,C109,Hamra
4589,2024-02-25,9,106,1,C185,Hamra
1022,2024-07-05,7,403,1,C042,Hamra
215,2024-12-06,11,406,1,C009,Hamra
2653,2024-09-14,8,410,3,C105,Hamra
3326,2024-02-27,17,503,1,C134,Hamra
4616,2024-12-28,10,506,1,C185,Hamra
1892,2024-05-02,7,308,1,C076,Hamra
730,2024-07-06,15,106,1,C030,Hamra
4548,2024-08-17,12,301,2,C183,Hamra
2099,2024-06-16,14,102,2,C084,Hamra
3147,2024-04-23,17,309,1,C126,Hamra
2109,2024-09-08,10,302,3,C084,Hamra
1321,2024-04-16,15,603,1,C054,Hamra
2760,2024-02-06,8,101,1,C110,Hamra
668,2024-11-30,15,106,1,C027,Hamra
2093,2024-04-01,18,105,1,C084,Hamra
4651,2024-01-18,11,603,3,C187,Hamra
166,2024-12-19,19,703,1,C007,Hamra
4190,2024-03-03,12,404,1,C168,Hamra
2621,2024-05-29,9,202,2,C104,Hamra
1797,2024-05-18,10,503,1,C072,Hamra
40,2024-07-04,12,605,2,C002,Hamra
3573,2024-07-03,13,103,1,C142,Hamra
3459,2024-07-23,7,701,1,C138,Hamra
1233,2024-09-16,13,101,3,C050,Hamra
3689,2024-08-01,7,402,1,C146,Hamra
449,2024-09-12,11,701,2,C018,Hamra
375,2024-05-14,12,309,1,C016,Hamra
1266,2024-03-01,19,602,2,C052,Hamra
4922,2024-12-28,8,304,1,C197,Hamra
4484,2024-11-05,19,108,1,C180,Hamra
3979,2024-03-28,16,602,2,C159,Hamra
2113,2024-11-19,15,605,1,C084,Hamra
3797,2024-07-25,20,102,2,C151,Hamra
2399,2024-05-08,16,405,2,C096,Hamra
1034,2024-11-06,12,405,2,C042,Hamra
4738,2024-01-03,13,702,3,C190,Hamra
2857,2024-08-29,20,503,1,C113,Hamra
4407,2024-04-30,16,603,1,C178,Hamra
3102,2024-04-11,14,407,1,C124,Hamra
350,2024-02-07,17,101,1,C015,Hamra
2267,2024-12-06,19,502,1,C090,Hamra
4269,2024-05-12,16,203,1,C172,Hamra
1023,2024-07-20,7,201,1,C042,Hamra
1102,2024-12-13,20,110,1,C045,Hamra
2336,2024-01-21,14,701,1,C094,Hamra
2700,2024-08-29,10,401,2,C107,Hamra
4076,2024-04-18,16,305,1,C163,Hamra
548,2024-10-29,14,302,1,C022,Hamra
3182,2024-03-24,19,302,2,C128,Hamra
915,2024-03-23,12,104,1,C038,Hamra
2444,2024-10-17,17,105,3,C097,Hamra
4927,2024-03-09,15,308,1,C198,Hamra
4802,2024-05-08,17,604,1,C192,Hamra
2543,2024-07-14,10,705,1,C101,Hamra
155,2024-05-19,8,110,2,C007,Hamra
1079,2024-10-09,20,604,1,C044,Hamra
1907,2024-11-07,8,403,2,C076,Hamra
158,2024-08-21,11,408,1,C007,Hamra
4840,2024-01-23,16,601,1,C194,Hamra
1477,2024-06-01,15,401,1,C060,Hamra
17,2024-10-03,18,703,1,C001,Hamra
1526,2024-03-01,9,701,1,C062,Hamra
2193,2024-11-14,14,404,3,C087,Hamra
2225,2024-02-21,10,402,1,C089,Hamra
461,2024-12-09,12,303,1,C018,Hamra
2717,2024-06-01,16,504,1,C108,Hamra
3373,2024-08-24,12,110,2,C135,Hamra
2911,2024-11-06,9,506,3,C115,Hamra
1336,2024-10-28,20,105,2,C054,Hamra
1650,2024-02-01,11,110,3,C067,Hamra
2313,2024-02-24,18,703,2,C093,Hamra
3476,2024-12-17,9,306,3,C138,Hamra
4713,2024-02-05,17,309,2,C189,Hamra
1450,2024-04-19,17,502,1,C059,Hamra
4667,2024-06-25,7,103,1,C187,Hamra
1727,2024-12-27,13,504,1,C069,Hamra
4785,2024-11-09,10,406,1,C191,Hamra
2471,2024-10-21,20,505,1,C098,Hamra
185,2024-12-01,13,501,1,C008,Hamra
1353,2024-04-06,9,102,3,C055,Hamra
3337,2024-07-31,18,102,1,C134,Hamra
3211,2024-11-12,17,503,2,C129,Hamra
1383,2024-05-16,11,702,2,C056,Hamra
2614,2024-01-06,11,506,3,C104,Hamra
2872,2024-04-18,19,602,3,C114,Hamra
2200,2024-02-04,8,409,2,C088,Hamra
3444,2024-02-08,17,506,1,C138,Hamra
2716,2024-05-29,16,305,1,C108,Hamra
562,2024-04-27,18,408,1,C023,Hamra
3637,2024-09-17,8,104,2,C144,Hamra
2529,2024-03-27,10,603,2,C101,Hamra
3620,2024-03-16,10,602,2,C144,Hamra
1392,2024-11-08,10,201,1,C056,Hamra
2726,2024-08-01,12,506,1,C108,Hamra
2377,2024-10-11,8,605,1,C095,Hamra
138,2024-08-26,12,105,1,C006,Hamra
729,2024-06-13,13,310,1,C030,Hamra
4763,2024-03-27,17,702,1,C191,Hamra
3204,2024-05-20,16,501,2,C129,Hamra
1248,2024-06-08,9,409,1,C051,Hamra
2664,2024-02-15,17,109,1,C106,Hamra
2232,2024-04-21,18,106,3,C089,Hamra
3165,2024-02-14,14,303,1,C127,Hamra
1129,2024-09-03,8,204,1,C046,Hamra
3041,2024-04-13,17,304,1,C121,Hamra
3744,2024-03-25,14,204,1,C149,Hamra
2484,2024-05-13,19,504,1,C099,Hamra
4140,2024-04-17,17,302,1,C166,Hamra
1706,2024-01-18,11,410,1,C069,Hamra
1559,2024-04-03,8,404,1,C063,Hamra
1223,2024-05-29,13,506,1,C050,Hamra
281,2024-09-02,20,302,2,C012,Hamra
1723,2024-10-15,8,601,1,C069,Hamra
1819,2024-07-27,20,108,3,C073,Hamra
1064,2024-05-05,12,101,1,C044,Hamra
1280,2024-08-22,16,603,1,C052,Hamra
198,2024-05-01,9,706,2,C009,Hamra
4819,2024-05-17,15,411,1,C193,Hamra
2965,2024-04-24,9,107,1,C118,Hamra
222,2024-06-10,17,604,1,C010,Hamra
1122,2024-07-19,18,105,1,C046,Hamra
2600,2024-08-21,18,309,2,C103,Hamra
4620,2024-01-28,9,403,3,C186,Hamra
883,2024-01-11,11,601,1,C037,Hamra
1276,2024-07-24,13,302,1,C052,Hamra
2485,2024-06-15,20,501,1,C099,Hamra
2039,2024-09-03,14,305,3,C081,Hamra
295,2024-02-16,18,103,2,C013,Hamra
3342,2024-09-02,17,501,3,C134,Hamra
4629,2024-05-06,13,401,1,C186,Hamra
2536,2024-05-26,15,205,2,C101,Hamra
3184,2024-04-27,11,704,1,C128,Hamra
1178,2024-05-31,16,701,1,C048,Hamra
3995,2024-03-12,17,108,3,C160,Hamra
266,2024-12-28,9,203,1,C011,Hamra
2028,2024-05-16,12,701,3,C081,Hamra
108,2024-06-23,11,103,1,C005,Hamra
143,2024-10-15,18,101,2,C006,Hamra
2939,2024-01-19,10,109,1,C117,Hamra
3750,2024-07-13,18,406,1,C149,Hamra
1036,2024-11-25,8,505,1,C042,Hamra
2032,2024-06-23,13,401,1,C081,Hamra
3897,2024-12-19,19,302,1,C155,Hamra
63,2024-05-20,11,409,1,C003,Hamra
1484,2024-09-02,10,109,1,C060,Hamra
4848,2024-04-02,18,704,1,C194,Hamra
2325,2024-08-26,20,203,1,C093,Hamra
1205,2024-07-23,14,105,1,C049,Hamra
811,2024-02-17,15,505,2,C034,Hamra
900,2024-09-01,15,203,2,C037,Hamra
1035,2024-11-15,9,101,1,C042,Hamra
4833,2024-11-12,9,310,1,C193,Hamra
4698,2024-10-21,11,605,2,C188,Hamra
8,2024-05-07,11,104,1,C001,Hamra
4679,2024-12-09,16,411,1,C187,Hamra
3286,2024-10-08,8,705,1,C132,Hamra
2584,2024-01-17,7,110,1,C103,Hamra
3561,2024-03-11,14,403,1,C142,Hamra
2780,2024-09-25,9,106,1,C110,Hamra
3697,2024-11-20,7,402,1,C146,Hamra
829,2024-10-08,7,202,1,C034,Hamra
20,2024-10-31,17,705,1,C001,Hamra
1288,2024-01-07,8,701,1,C053,Hamra
550,2024-11-09,12,103,1,C022,Hamra
4733,2024-10-31,12,604,1,C189,Hamra
3765,2024-04-12,20,408,3,C150,Hamra
4416,2024-11-04,9,110,1,C178,Hamra
383,2024-07-11,18,406,1,C016,Hamra
3916,2024-08-28,10,205,1,C156,Hamra
2985,2024-03-02,18,107,1,C119,Hamra
2147,2024-01-17,19,411,1,C086,Hamra
4935,2024-06-19,8,204,1,C198,Hamra
1002,2024-01-25,8,701,2,C042,Hamra
4859,2024-09-07,13,204,1,C194,Hamra
1777,2024-09-09,19,103,2,C071,Hamra
2948,2024-07-25,7,702,1,C117,Hamra
4071,2024-01-29,13,706,3,C163,Hamra
495,2024-04-26,20,604,2,C020,Hamra
2729,2024-10-08,18,703,3,C108,Hamra
3229,2024-05-23,20,103,1,C130,Hamra
148,2024-01-25,18,307,1,C007,Hamra
4397,2024-11-05,20,304,2,C177,Hamra
201,2024-06-04,7,410,2,C009,Hamra
649,2024-03-13,20,202,3,C027,Hamra
3227,2024-04-29,12,105,1,C130,Hamra
2143,2024-11-07,9,110,2,C085,Hamra
4900,2024-11-16,14,505,1,C196,Hamra
1472,2024-04-02,12,408,1,C060,Hamra
2817,2024-03-26,17,203,1,C112,Hamra
2167,2024-12-01,8,410,1,C086,Hamra
4398,2024-12-29,14,704,3,C177,Hamra
3226,2024-04-27,11,407,1,C130,Hamra
3667,2024-08-20,14,201,1,C145,Hamra
2074,2024-07-17,14,701,1,C083,Hamra
2624,2024-07-24,12,502,1,C104,Hamra
2217,2024-12-04,8,309,1,C088,Hamra
496,2024-05-26,14,410,1,C020,Hamra
3157,2024-09-27,17,304,1,C126,Hamra
2458,2024-05-18,12,106,2,C098,Hamra
4006,2024-06-29,12,504,3,C160,Hamra
1242,2024-01-30,14,603,1,C051,Hamra
2203,2024-02-26,7,602,1,C088,Hamra
4237,2024-08-19,8,506,1,C170,Hamra
1562,2024-05-25,18,410,2,C063,Hamra
2224,2024-02-17,18,104,1,C089,Hamra
4726,2024-07-12,15,408,1,C189,Hamra
4752,2024-08-11,17,203,1,C190,Hamra
3250,2024-05-15,18,411,3,C131,Hamra
2222,2024-01-22,14,601,1,C089,Hamra
2290,2024-01-06,18,304,1,C092,Hamra
1898,2024-07-22,13,601,3,C076,Hamra
639,2024-08-26,13,202,1,C026,Hamra
4365,2024-07-03,11,201,2,C176,Hamra
2735,2024-12-25,8,106,1,C108,Hamra
182,2024-10-18,17,202,3,C008,Hamra
3322,2024-11-30,12,402,1,C133,Hamra
3495,2024-08-07,16,505,2,C139,Hamra
1014,2024-04-25,9,310,1,C042,Hamra
3003,2024-11-08,10,506,2,C119,Hamra
4207,2024-02-18,19,103,1,C169,Hamra
2719,2024-06-21,16,103,1,C108,Hamra
3708,2024-03-22,18,305,2,C147,Hamra
4374,2024-11-17,17,403,1,C176,Hamra
4502,2024-11-28,8,308,1,C181,Hamra
4538,2024-02-14,20,701,1,C183,Hamra
3025,2024-11-30,8,103,2,C120,Hamra
4711,2024-01-20,18,506,1,C189,Hamra
4007,2024-08-08,14,309,2,C160,Hamra
1115,2024-05-02,14,601,1,C046,Hamra
2303,2024-08-21,16,504,1,C092,Hamra
4107,2024-08-08,12,106,1,C164,Hamra
3696,2024-11-18,19,305,1,C146,Hamra
1859,2024-12-04,11,201,1,C074,Hamra
2385,2024-01-03,14,407,1,C096,Hamra
436,2024-06-30,10,402,1,C018,Hamra
3529,2024-07-24,17,306,3,C140,Hamra
2912,2024-11-15,10,602,1,C115,Hamra
1789,2024-02-09,11,701,1,C072,Hamra
1111,2024-02-28,7,703,1,C046,Hamra
4539,2024-03-02,7,203,1,C183,Hamra
921,2024-05-11,8,307,1,C038,Hamra
3218,2024-02-29,20,410,1,C130,Hamra
214,2024-11-26,14,605,2,C009,Hamra
2714,2024-05-01,13,307,1,C108,Hamra
3300,2024-04-16,16,403,1,C133,Hamra
2454,2024-04-05,15,306,1,C098,Hamra
485,2024-12-12,11,604,1,C019,Hamra
1773,2024-08-22,8,303,1,C071,Hamra
939,2024-03-02,13,406,1,C039,Hamra
1029,2024-09-12,14,604,1,C042,Hamra
3653,2024-02-18,18,501,1,C145,Hamra
4789,2024-12-13,13,306,2,C191,Hamra
2258,2024-06-07,20,204,1,C090,Hamra
4318,2024-05-03,13,310,1,C174,Hamra
2705,2024-11-12,18,402,1,C107,Hamra
3731,2024-07-25,20,504,1,C148,Hamra
4925,2024-02-17,11,308,1,C198,Hamra
3397,2024-05-15,8,406,1,C136,Hamra
2409,2024-07-19,12,605,2,C096,Hamra
3715,2024-09-06,10,404,1,C147,Hamra
783,2024-11-09,16,605,1,C032,Hamra
3161,2024-12-22,8,405,1,C126,Hamra
3718,2024-11-13,18,704,1,C147,Hamra
598,2024-10-21,15,401,1,C024,Hamra
599,2024-11-09,13,305,1,C024,Hamra
4574,2024-07-27,12,502,1,C184,Hamra
3031,2024-12-20,18,304,1,C120,Hamra
443,2024-07-29,11,402,1,C018,Hamra
3528,2024-07-10,9,310,2,C140,Hamra
981,2024-02-13,18,504,1,C041,Hamra
2172,2024-01-29,16,502,1,C087,Hamra
4355,2024-02-28,16,705,2,C176,Hamra
2049,2024-03-11,10,308,2,C082,Hamra
4797,2024-04-01,9,404,2,C192,Hamra
3638,2024-09-21,18,205,1,C144,Hamra
3798,2024-08-07,17,103,2,C151,Hamra
4170,2024-08-02,14,110,1,C167,Hamra
803,2024-10-03,9,205,1,C033,Hamra
582,2024-03-04,13,301,1,C024,Hamra
1522,2024-12-11,13,302,2,C061,Hamra
1369,2024-10-18,13,304,1,C055,Hamra
4730,2024-09-01,19,201,1,C189,Hamra
2090,2024-03-02,13,701,1,C084,Hamra
4201,2024-11-27,20,105,1,C168,Hamra
4635,2024-06-18,8,105,2,C186,Hamra
2998,2024-09-25,16,204,1,C119,Hamra
1805,2024-09-23,9,703,1,C072,Hamra
1841,2024-02-23,16,401,2,C074,Hamra
3197,2024-01-16,15,108,1,C129,Hamra
2123,2024-01-08,9,105,1,C085,Hamra
3834,2024-04-13,8,107,2,C153,Hamra
2393,2024-02-28,15,301,3,C096,Hamra
1309,2024-11-08,19,204,2,C053,Hamra
4714,2024-02-09,16,501,1,C189,Hamra
4324,2024-08-24,15,505,1,C174,Hamra
2764,2024-04-03,10,104,1,C110,Hamra
1483,2024-08-09,20,411,1,C060,Hamra
1258,2024-07-22,18,701,1,C051,Hamra
3044,2024-05-17,15,302,1,C121,Hamra
1829,2024-10-26,9,605,2,C073,Hamra
4367,2024-07-25,13,411,1,C176,Hamra
4202,2024-12-01,13,106,1,C168,Hamra
151,2024-03-21,17,301,1,C007,Hamra
1877,2024-08-05,14,404,1,C075,Hamra
463,2024-01-02,16,411,3,C019,Hamra
3596,2024-06-26,10,502,1,C143,Hamra
1754,2024-12-11,9,501,1,C070,Hamra
4732,2024-10-05,9,701,1,C189,Hamra
1384,2024-05-25,18,701,1,C056,Hamra
3473,2024-11-13,11,110,1,C138,Hamra
4322,2024-08-11,17,505,2,C174,Hamra
1992,2024-03-02,20,411,1,C080,Hamra
2750,2024-10-20,7,404,1,C109,Hamra
4603,2024-08-26,16,204,1,C185,Hamra
844,2024-07-13,9,104,2,C035,Hamra
1798,2024-06-14,20,602,2,C072,Hamra
2301,2024-08-09,12,506,1,C092,Hamra
57,2024-03-01,9,411,1,C003,Hamra
1629,2024-05-08,11,703,2,C066,Hamra
4491,2024-06-21,15,603,2,C181,Hamra
1270,2024-06-04,8,203,2,C052,Hamra
2317,2024-04-19,17,604,2,C093,Hamra
4498,2024-09-25,8,303,1,C181,Hamra
4531,2024-12-21,18,408,1,C182,Hamra
1160,2024-10-04,12,306,2,C047,Hamra
58,2024-03-14,12,301,3,C003,Hamra
4824,2024-07-25,17,205,1,C193,Hamra
3604,2024-10-05,17,105,1,C143,Hamra
2114,2024-11-21,14,106,3,C084,Hamra
832,2024-12-05,18,502,1,C034,Hamra
1239,2024-12-22,19,103,2,C050,Hamra
805,2024-12-05,17,701,1,C033,Hamra
1818,2024-07-22,20,202,1,C073,Hamra
65,2024-06-09,8,411,1,C003,Hamra
28,2024-01-28,15,408,1,C002,Hamra
3283,2024-09-13,8,411,1,C132,Hamra
379,2024-06-13,19,408,1,C016,Hamra
4509,2024-03-03,7,406,2,C182,Hamra
788,2024-01-22,16,306,3,C033,Hamra
194,2024-03-10,8,402,1,C009,Hamra
1404,2024-04-05,18,402,1,C057,Hamra
968,2024-06-11,13,108,1,C040,Hamra
1267,2024-03-19,14,501,1,C052,Hamra
366,2024-01-05,11,407,1,C016,Hamra
3414,2024-11-11,12,401,1,C136,Hamra
2180,2024-04-29,18,102,1,C087,Hamra
1489,2024-10-28,7,202,1,C060,Hamra
4104,2024-06-26,12,307,1,C164,Hamra
68,2024-06-24,18,302,2,C003,Hamra
358,2024-08-04,14,107,1,C015,Hamra
2557,2024-02-25,19,601,2,C102,Hamra
579,2024-12-31,9,104,3,C023,Hamra
3257,2024-07-05,17,501,3,C131,Hamra
3965,2024-08-19,7,502,3,C158,Hamra
4301,2024-09-11,17,407,1,C173,Hamra
408,2024-04-13,10,201,1,C017,Hamra
2867,2024-03-17,7,101,1,C114,Hamra
4641,2024-08-17,20,310,2,C186,Hamra
1439,2024-09-14,14,506,2,C058,Hamra
2778,2024-09-20,11,705,2,C110,Hamra
4614,2024-11-26,7,309,1,C185,Hamra
3370,2024-06-30,20,706,2,C135,Hamra
4175,2024-09-12,14,601,1,C167,Hamra
1946,2024-02-07,15,302,1,C078,Hamra
4636,2024-06-24,16,108,2,C186,Hamra
4558,2024-01-27,8,603,1,C184,Hamra
3603,2024-10-02,15,402,3,C143,Hamra
1066,2024-05-19,14,705,1,C044,Hamra
283,2024-10-25,13,303,2,C012,Hamra
181,2024-10-13,9,402,1,C008,Hamra
1995,2024-03-31,8,307,2,C080,Hamra
983,2024-03-01,13,301,2,C041,Hamra
4067,2024-12-30,11,102,3,C162,Hamra
1138,2024-12-12,12,105,1,C046,Hamra
706,2024-06-11,10,303,3,C029,Hamra
396,2024-12-16,8,103,1,C016,Hamra
3304,2024-05-22,15,402,1,C133,Hamra
113,2024-09-09,9,302,1,C005,Hamra
734,2024-09-25,18,301,2,C030,Hamra
2951,2024-10-17,20,106,1,C117,Hamra
4410,2024-07-05,13,704,2,C178,Hamra
119,2024-10-30,20,107,2,C005,Hamra
3555,2024-10-17,14,703,1,C141,Hamra
1199,2024-03-26,8,204,3,C049,Hamra
2235,2024-06-14,20,502,1,C089,Hamra
1219,2024-04-23,12,504,2,C050,Hamra
345,2024-12-21,17,205,1,C014,Hamra
2721,2024-07-01,14,605,1,C108,Hamra
1123,2024-07-25,13,605,1,C046,Hamra
2057,2024-09-12,17,701,1,C082,Hamra
3152,2024-08-22,9,408,1,C126,Hamra
2119,2024-12-20,7,601,1,C084,Hamra
809,2024-01-03,20,402,1,C034,Hamra
1772,2024-07-26,12,404,1,C071,Hamra
4337,2024-07-15,14,501,1,C175,Hamra
1496,2024-12-06,12,105,2,C060,Hamra
1848,2024-05-04,11,404,1,C074,Hamra
2029,2024-05-17,17,407,2,C081,Hamra
3504,2024-12-04,18,706,1,C139,Hamra
2447,2024-01-25,14,106,1,C098,Hamra
2269,2024-03-08,8,102,1,C091,Hamra
2361,2024-03-01,18,106,1,C095,Hamra
4400,2024-01-29,7,604,1,C178,Hamra
3268,2024-01-19,7,601,1,C132,Hamra
4213,2024-06-19,20,104,2,C169,Hamra
4658,2024-03-14,10,404,2,C187,Hamra
1469,2024-03-01,12,310,1,C060,Hamra
2851,2024-06-01,19,109,2,C113,Hamra
2042,2024-10-02,15,103,1,C081,Hamra
4742,2024-02-17,7,401,1,C190,Hamra
2104,2024-07-29,18,701,1,C084,Hamra
623,2024-12-08,7,601,2,C025,Hamra
797,2024-05-18,19,402,2,C033,Hamra
472,2024-04-19,19,411,2,C019,Hamra
1411,2024-07-01,11,407,1,C057,Hamra
348,2024-01-28,16,101,1,C015,Hamra
992,2024-07-15,11,706,2,C041,Hamra
4910,2024-07-09,11,301,1,C197,Hamra
1492,2024-11-10,16,704,1,C060,Hamra
2737,2024-02-20,12,701,1,C109,Hamra
2402,2024-05-28,14,201,1,C096,Hamra
543,2024-09-24,9,401,1,C022,Hamra
4248,2024-02-19,15,504,1,C171,Hamra
4010,2024-09-02,19,101,1,C160,Hamra
3543,2024-04-22,7,401,1,C141,Hamra
4148,2024-06-18,10,403,1,C166,Hamra
634,2024-06-14,15,706,1,C026,Hamra
3291,2024-01-14,20,109,1,C133,Hamra
3125,2024-07-21,14,602,1,C125,Hamra
4395,2024-10-14,16,307,1,C177,Hamra
2429,2024-07-07,15,108,1,C097,Hamra
3307,2024-06-03,7,702,2,C133,Hamra
1762,2024-02-24,15,506,2,C071,Hamra
4364,2024-06-30,9,402,1,C176,Hamra
442,2024-07-28,17,503,1,C018,Hamra
2362,2024-03-15,18,304,2,C095,Hamra
3344,2024-10-03,16,310,1,C134,Hamra
1631,2024-05-12,15,502,1,C066,Hamra
3176,2024-12-08,7,306,1,C127,Hamra
1007,2024-02-28,7,309,1,C042,Hamra
2954,2024-12-10,15,309,1,C117,Hamra
4468,2024-06-30,17,304,3,C180,Hamra
264,2024-12-04,20,703,2,C011,Hamra
646,2024-11-16,12,605,1,C026,Hamra
3741,2024-03-04,10,102,1,C149,Hamra
4863,2024-11-22,13,204,1,C194,Hamra
4199,2024-09-16,11,706,1,C168,Hamra
1388,2024-07-11,16,407,1,C056,Hamra
2968,2024-05-22,20,506,1,C118,Hamra
4433,2024-04-13,13,407,1,C179,Hamra
3732,2024-08-01,14,403,1,C148,Hamra
1414,2024-08-29,14,701,1,C057,Hamra
109,2024-07-27,7,503,3,C005,Hamra
327,2024-04-02,14,504,1,C014,Hamra
589,2024-05-21,12,506,3,C024,Hamra
1683,2024-04-21,10,605,1,C068,Hamra
4456,2024-02-28,19,504,1,C180,Hamra
1165,2024-02-12,20,203,1,C048,Hamra
4339,2024-07-25,18,202,1,C175,Hamra
1486,2024-09-24,14,108,1,C060,Hamra
79,2024-10-22,9,205,3,C003,Hamra
2989,2024-04-27,19,401,3,C119,Hamra
3419,2024-01-20,10,202,1,C137,Hamra
2511,2024-08-09,12,601,1,C100,Hamra
2071,2024-06-14,17,704,1,C083,Hamra
588,2024-05-10,13,604,1,C024,Hamra
3277,2024-06-04,10,402,1,C132,Hamra
3428,2024-07-02,10,303,1,C137,Hamra
5,2024-03-30,13,603,1,C001,Hamra
2919,2024-04-03,12,411,1,C116,Hamra
4069,2024-01-13,19,702,1,C163,Hamra
3535,2024-11-17,17,704,1,C140,Hamra
3691,2024-10-19,14,402,1,C146,Hamra
229,2024-08-17,7,109,3,C010,Hamra
3695,2024-11-17,16,503,1,C146,Hamra
3826,2024-10-18,19,101,2,C152,Hamra
3198,2024-01-26,17,107,2,C129,Hamra
1968,2024-03-15,13,401,3,C079,Hamra
4991,2024-12-29,18,107,2,C200,Hamra
2491,2024-10-25,13,705,1,C099,Hamra
3628,2024-05-29,17,107,2,C144,Hamra
3594,2024-05-27,13,108,1,C143,Hamra
4740,2024-01-08,13,301,1,C190,Hamra
3295,2024-01-29,16,103,3,C133,Hamra
1097,2024-10-22,20,603,2,C045,Hamra
2971,2024-07-27,16,110,3,C118,Hamra
1269,2024-05-07,14,703,2,C052,Hamra
4970,2024-12-05,15,107,2,C199,Hamra
2823,2024-04-25,15,306,2,C112,Hamra
3364,2024-05-23,8,706,2,C135,Hamra
3896,2024-11-13,19,501,1,C155,Hamra
2830,2024-08-22,19,406,3,C112,Hamra
290,2024-01-07,13,308,2,C013,Hamra
402,2024-02-14,13,402,2,C017,Hamra
1075,2024-08-26,10,307,1,C044,Hamra
3547,2024-06-03,15,503,1,C141,Hamra
1816,2024-06-29,14,402,1,C073,Hamra
111,2024-08-02,18,702,3,C005,Hamra
792,2024-03-28,7,104,1,C033,Hamra
3282,2024-09-12,8,309,1,C132,Hamra
3860,2024-03-13,19,308,1,C154,Hamra
1691,2024-06-27,19,701,2,C068,Hamra
385,2024-07-30,8,304,2,C016,Hamra
3786,2024-10-19,18,506,2,C150,Hamra
872,2024-08-21,18,103,1,C036,Hamra
2572,2024-08-26,17,402,1,C102,Hamra
4640,2024-08-10,14,103,1,C186,Hamra
4544,2024-04-28,7,403,1,C183,Hamra
4088,2024-11-08,10,302,2,C163,Hamra
620,2024-09-20,16,406,1,C025,Hamra
1802,2024-07-25,18,110,1,C072,Hamra
2023,2024-04-04,11,702,1,C081,Hamra
1512,2024-08-09,15,307,1,C061,Hamra
462,2024-12-31,13,405,3,C018,Hamra
1440,2024-10-02,14,702,1,C058,Hamra
1902,2024-08-18,20,306,2,C076,Hamra
3057,2024-11-04,17,411,1,C121,Hamra
1406,2024-04-28,15,706,1,C057,Hamra
2441,2024-09-24,19,308,1,C097,Hamra
1572,2024-09-29,13,502,1,C063,Hamra
267,2024-03-04,11,202,2,C012,Hamra
261,2024-10-24,19,310,1,C011,Hamra
3557,2024-12-15,11,305,1,C141,Hamra
4068,2024-01-11,16,702,1,C163,Hamra
653,2024-04-07,17,702,1,C027,Hamra
2617,2024-03-11,12,506,2,C104,Hamra
1676,2024-12-29,11,107,1,C067,Hamra
2226,2024-02-27,19,404,1,C089,Hamra
1096,2024-10-16,18,701,2,C045,Hamra
2041,2024-09-07,17,404,1,C081,Hamra
1671,2024-10-02,15,203,1,C067,Hamra
3758,2024-02-19,9,103,1,C150,Hamra
2580,2024-12-23,9,102,1,C102,Hamra
2280,2024-08-03,13,301,2,C091,Hamra
1006,2024-02-21,13,405,1,C042,Hamra
