Time_ID,Date,Day,Month,Year,Weekday,Hour
1,2024-01-01,1,1,2024,Monday,7
2,2024-01-01,1,1,2024,Monday,8
3,2024-01-01,1,1,2024,Monday,9
4,2024-01-01,1,1,2024,Monday,10
5,2024-01-01,1,1,2024,Monday,11
6,2024-01-01,1,1,2024,Monday,12
7,2024-01-01,1,1,2024,Monday,13
8,2024-01-01,1,1,2024,Monday,14
9,2024-01-01,1,1,2024,Monday,15
10,2024-01-01,1,1,2024,Monday,16
11,2024-01-01,1,1,2024,Monday,17
12,2024-01-01,1,1,2024,Monday,18
13,2024-01-01,1,1,2024,Monday,19
14,2024-01-01,1,1,2024,Monday,20
15,2024-01-02,2,1,2024,Tuesday,7
16,2024-01-02,2,1,2024,Tuesday,8
17,2024-01-02,2,1,2024,Tuesday,9
18,2024-01-02,2,1,2024,Tuesday,10
19,2024-01-02,2,1,2024,Tuesday,11
20,2024-01-02,2,1,2024,Tuesday,12
21,2024-01-02,2,1,2024,Tuesday,13
22,2024-01-02,2,1,2024,Tuesday,14
23,2024-01-02,2,1,2024,Tuesday,15
24,2024-01-02,2,1,2024,Tuesday,16
25,2024-01-02,2,1,2024,Tuesday,17
26,2024-01-02,2,1,2024,Tuesday,18
27,2024-01-02,2,1,2024,Tuesday,19
28,2024-01-02,2,1,2024,Tuesday,20
29,2024-01-03,3,1,2024,Wednesday,7
30,2024-01-03,3,1,2024,Wednesday,8
31,2024-01-03,3,1,2024,Wednesday,9
32,2024-01-03,3,1,2024,Wednesday,10
33,2024-01-03,3,1,2024,Wednesday,11
34,2024-01-03,3,1,2024,Wednesday,12
35,2024-01-03,3,1,2024,Wednesday,13
36,2024-01-03,3,1,2024,Wednesday,14
37,2024-01-03,3,1,2024,Wednesday,15
38,2024-01-03,3,1,2024,Wednesday,16
39,2024-01-03,3,1,2024,Wednesday,17
40,2024-01-03,3,1,2024,Wednesday,18
41,2024-01-03,3,1,2024,Wednesday,19
42,2024-01-03,3,1,2024,Wednesday,20
43,2024-01-04,4,1,2024,Thursday,7
44,2024-01-04,4,1,2024,Thursday,8
45,2024-01-04,4,1,2024,Thursday,9
46,2024-01-04,4,1,2024,Thursday,10
47,2024-01-04,4,1,2024,Thursday,11
48,2024-01-04,4,1,2024,Thursday,12
49,2024-01-04,4,1,2024,Thursday,13
50,2024-01-04,4,1,2024,Thursday,14
51,2024-01-04,4,1,2024,Thursday,15
52,2024-01-04,4,1,2024,Thursday,16
53,2024-01-04,4,1,2024,Thursday,17
54,2024-01-04,4,1,2024,Thursday,18
55,2024-01-04,4,1,2024,Thursday,19
56,2024-01-04,4,1,2024,Thursday,20
57,2024-01-05,5,1,2024,Friday,7
58,2024-01-05,5,1,2024,Friday,8
59,2024-01-05,5,1,2024,Friday,9
60,2024-01-05,5,1,2024,Friday,10
61,2024-01-05,5,1,2024,Friday,11
62,2024-01-05,5,1,2024,Friday,12
63,2024-01-05,5,1,2024,Friday,13
64,2024-01-05,5,1,2024,Friday,14
65,2024-01-05,5,1,2024,Friday,15
66,2024-01-05,5,1,2024,Friday,16
67,2024-01-05,5,1,2024,Friday,17
68,2024-01-05,5,1,2024,Friday,18
69,2024-01-05,5,1,2024,Friday,19
70,2024-01-05,5,1,2024,Friday,20
71,2024-01-06,6,1,2024,Saturday,7
72,2024-01-06,6,1,2024,Saturday,8
73,2024-01-06,6,1,2024,Saturday,9
74,2024-01-06,6,1,2024,Saturday,10
75,2024-01-06,6,1,2024,Saturday,11
76,2024-01-06,6,1,2024,Saturday,12
77,2024-01-06,6,1,2024,Saturday,13
78,2024-01-06,6,1,2024,Saturday,14
79,2024-01-06,6,1,2024,Saturday,15
80,2024-01-06,6,1,2024,Saturday,16
81,2024-01-06,6,1,2024,Saturday,17
82,2024-01-06,6,1,2024,Saturday,18
83,2024-01-06,6,1,2024,Saturday,19
84,2024-01-06,6,1,2024,Saturday,20
85,2024-01-07,7,1,2024,Sunday,7
86,2024-01-07,7,1,2024,Sunday,8
87,2024-01-07,7,1,2024,Sunday,9
88,2024-01-07,7,1,2024,Sunday,10
89,2024-01-07,7,1,2024,Sunday,11
90,2024-01-07,7,1,2024,Sunday,12
91,2024-01-07,7,1,2024,Sunday,13
92,2024-01-07,7,1,2024,Sunday,14
93,2024-01-07,7,1,2024,Sunday,15
94,2024-01-07,7,1,2024,Sunday,16
95,2024-01-07,7,1,2024,Sunday,17
96,2024-01-07,7,1,2024,Sunday,18
97,2024-01-07,7,1,2024,Sunday,19
98,2024-01-07,7,1,2024,Sunday,20
99,2024-01-08,8,1,2024,Monday,7
100,2024-01-08,8,1,2024,Monday,8
101,2024-01-08,8,1,2024,Monday,9
102,2024-01-08,8,1,2024,Monday,10
103,2024-01-08,8,1,2024,Monday,11
104,2024-01-08,8,1,2024,Monday,12
105,2024-01-08,8,1,2024,Monday,13
106,2024-01-08,8,1,2024,Monday,14
107,2024-01-08,8,1,2024,Monday,15
108,2024-01-08,8,1,2024,Monday,16
109,2024-01-08,8,1,2024,Monday,17
110,2024-01-08,8,1,2024,Monday,18
111,2024-01-08,8,1,2024,Monday,19
112,2024-01-08,8,1,2024,Monday,20
113,2024-01-09,9,1,2024,Tuesday,7
114,2024-01-09,9,1,2024,Tuesday,8
115,2024-01-09,9,1,2024,Tuesday,9
116,2024-01-09,9,1,2024,Tuesday,10
117,2024-01-09,9,1,2024,Tuesday,11
118,2024-01-09,9,1,2024,Tuesday,12
119,2024-01-09,9,1,2024,Tuesday,13
120,2024-01-09,9,1,2024,Tuesday,14
121,2024-01-09,9,1,2024,Tuesday,15
122,2024-01-09,9,1,2024,Tuesday,16
123,2024-01-09,9,1,2024,Tuesday,17
124,2024-01-09,9,1,2024,Tuesday,18
125,2024-01-09,9,1,2024,Tuesday,19
126,2024-01-09,9,1,2024,Tuesday,20
127,2024-01-10,10,1,2024,Wednesday,7
128,2024-01-10,10,1,2024,Wednesday,8
129,2024-01-10,10,1,2024,Wednesday,9
130,2024-01-10,10,1,2024,Wednesday,10
131,2024-01-10,10,1,2024,Wednesday,11
132,2024-01-10,10,1,2024,Wednesday,12
133,2024-01-10,10,1,2024,Wednesday,13
134,2024-01-10,10,1,2024,Wednesday,14
135,2024-01-10,10,1,2024,Wednesday,15
136,2024-01-10,10,1,2024,Wednesday,16
137,2024-01-10,10,1,2024,Wednesday,17
138,2024-01-10,10,1,2024,Wednesday,18
139,2024-01-10,10,1,2024,Wednesday,19
140,2024-01-10,10,1,2024,Wednesday,20
141,2024-01-11,11,1,2024,Thursday,7
142,2024-01-11,11,1,2024,Thursday,8
143,2024-01-11,11,1,2024,Thursday,9
144,2024-01-11,11,1,2024,Thursday,10
145,2024-01-11,11,1,2024,Thursday,11
146,2024-01-11,11,1,2024,Thursday,12
147,2024-01-11,11,1,2024,Thursday,13
148,2024-01-11,11,1,2024,Thursday,14
149,2024-01-11,11,1,2024,Thursday,15
150,2024-01-11,11,1,2024,Thursday,16
151,2024-01-11,11,1,2024,Thursday,17
152,2024-01-11,11,1,2024,Thursday,18
153,2024-01-11,11,1,2024,Thursday,19
154,2024-01-11,11,1,2024,Thursday,20
155,2024-01-12,12,1,2024,Friday,7
156,2024-01-12,12,1,2024,Friday,8
157,2024-01-12,12,1,2024,Friday,9
158,2024-01-12,12,1,2024,Friday,10
159,2024-01-12,12,1,2024,Friday,11
160,2024-01-12,12,1,2024,Friday,12
161,2024-01-12,12,1,2024,Friday,13
162,2024-01-12,12,1,2024,Friday,14
163,2024-01-12,12,1,2024,Friday,15
164,2024-01-12,12,1,2024,Friday,16
165,2024-01-12,12,1,2024,Friday,17
166,2024-01-12,12,1,2024,Friday,18
167,2024-01-12,12,1,2024,Friday,19
168,2024-01-12,12,1,2024,Friday,20
169,2024-01-13,13,1,2024,Saturday,7
170,2024-01-13,13,1,2024,Saturday,8
171,2024-01-13,13,1,2024,Saturday,9
172,2024-01-13,13,1,2024,Saturday,10
173,2024-01-13,13,1,2024,Saturday,11
174,2024-01-13,13,1,2024,Saturday,12
175,2024-01-13,13,1,2024,Saturday,13
176,2024-01-13,13,1,2024,Saturday,14
177,2024-01-13,13,1,2024,Saturday,15
178,2024-01-13,13,1,2024,Saturday,16
179,2024-01-13,13,1,2024,Saturday,17
180,2024-01-13,13,1,2024,Saturday,18
181,2024-01-13,13,1,2024,Saturday,19
182,2024-01-13,13,1,2024,Saturday,20
183,2024-01-14,14,1,2024,Sunday,7
184,2024-01-14,14,1,2024,Sunday,8
185,2024-01-14,14,1,2024,Sunday,9
186,2024-01-14,14,1,2024,Sunday,10
187,2024-01-14,14,1,2024,Sunday,11
188,2024-01-14,14,1,2024,Sunday,12
189,2024-01-14,14,1,2024,Sunday,13
190,2024-01-14,14,1,2024,Sunday,14
191,2024-01-14,14,1,2024,Sunday,15
192,2024-01-14,14,1,2024,Sunday,16
193,2024-01-14,14,1,2024,Sunday,17
194,2024-01-14,14,1,2024,Sunday,18
195,2024-01-14,14,1,2024,Sunday,19
196,2024-01-14,14,1,2024,Sunday,20
197,2024-01-15,15,1,2024,Monday,7
198,2024-01-15,15,1,2024,Monday,8
199,2024-01-15,15,1,2024,Monday,9
200,2024-01-15,15,1,2024,Monday,10
201,2024-01-15,15,1,2024,Monday,11
202,2024-01-15,15,1,2024,Monday,12
203,2024-01-15,15,1,2024,Monday,13
204,2024-01-15,15,1,2024,Monday,14
205,2024-01-15,15,1,2024,Monday,15
206,2024-01-15,15,1,2024,Monday,16
207,2024-01-15,15,1,2024,Monday,17
208,2024-01-15,15,1,2024,Monday,18
209,2024-01-15,15,1,2024,Monday,19
210,2024-01-15,15,1,2024,Monday,20
211,2024-01-16,16,1,2024,Tuesday,7
212,2024-01-16,16,1,2024,Tuesday,8
213,2024-01-16,16,1,2024,Tuesday,9
214,2024-01-16,16,1,2024,Tuesday,10
215,2024-01-16,16,1,2024,Tuesday,11
216,2024-01-16,16,1,2024,Tuesday,12
217,2024-01-16,16,1,2024,Tuesday,13
218,2024-01-16,16,1,2024,Tuesday,14
219,2024-01-16,16,1,2024,Tuesday,15
220,2024-01-16,16,1,2024,Tuesday,16
221,2024-01-16,16,1,2024,Tuesday,17
222,2024-01-16,16,1,2024,Tuesday,18
223,2024-01-16,16,1,2024,Tuesday,19
224,2024-01-16,16,1,2024,Tuesday,20
225,2024-01-17,17,1,2024,Wednesday,7
226,2024-01-17,17,1,2024,Wednesday,8
227,2024-01-17,17,1,2024,Wednesday,9
228,2024-01-17,17,1,2024,Wednesday,10
229,2024-01-17,17,1,2024,Wednesday,11
230,2024-01-17,17,1,2024,Wednesday,12
231,2024-01-17,17,1,2024,Wednesday,13
232,2024-01-17,17,1,2024,Wednesday,14
233,2024-01-17,17,1,2024,Wednesday,15
234,2024-01-17,17,1,2024,Wednesday,16
235,2024-01-17,17,1,2024,Wednesday,17
236,2024-01-17,17,1,2024,Wednesday,18
237,2024-01-17,17,1,2024,Wednesday,19
238,2024-01-17,17,1,2024,Wednesday,20
239,2024-01-18,18,1,2024,Thursday,7
240,2024-01-18,18,1,2024,Thursday,8
241,2024-01-18,18,1,2024,Thursday,9
242,2024-01-18,18,1,2024,Thursday,10
243,2024-01-18,18,1,2024,Thursday,11
244,2024-01-18,18,1,2024,Thursday,12
245,2024-01-18,18,1,2024,Thursday,13
246,2024-01-18,18,1,2024,Thursday,14
247,2024-01-18,18,1,2024,Thursday,15
248,2024-01-18,18,1,2024,Thursday,16
249,2024-01-18,18,1,2024,Thursday,17
250,2024-01-18,18,1,2024,Thursday,18
251,2024-01-18,18,1,2024,Thursday,19
252,2024-01-18,18,1,2024,Thursday,20
253,2024-01-19,19,1,2024,Friday,7
254,2024-01-19,19,1,2024,Friday,8
255,2024-01-19,19,1,2024,Friday,9
256,2024-01-19,19,1,2024,Friday,10
257,2024-01-19,19,1,2024,Friday,11
258,2024-01-19,19,1,2024,Friday,12
259,2024-01-19,19,1,2024,Friday,13
260,2024-01-19,19,1,2024,Friday,14
261,2024-01-19,19,1,2024,Friday,15
262,2024-01-19,19,1,2024,Friday,16
263,2024-01-19,19,1,2024,Friday,17
264,2024-01-19,19,1,2024,Friday,18
265,2024-01-19,19,1,2024,Friday,19
266,2024-01-19,19,1,2024,Friday,20
267,2024-01-20,20,1,2024,Saturday,7
268,2024-01-20,20,1,2024,Saturday,8
269,2024-01-20,20,1,2024,Saturday,9
270,2024-01-20,20,1,2024,Saturday,10
271,2024-01-20,20,1,2024,Saturday,11
272,2024-01-20,20,1,2024,Saturday,12
273,2024-01-20,20,1,2024,Saturday,13
274,2024-01-20,20,1,2024,Saturday,14
275,2024-01-20,20,1,2024,Saturday,15
276,2024-01-20,20,1,2024,Saturday,16
277,2024-01-20,20,1,2024,Saturday,17
278,2024-01-20,20,1,2024,Saturday,18
279,2024-01-20,20,1,2024,Saturday,19
280,2024-01-20,20,1,2024,Saturday,20
281,2024-01-21,21,1,2024,Sunday,7
282,2024-01-21,21,1,2024,Sunday,8
283,2024-01-21,21,1,2024,Sunday,9
284,2024-01-21,21,1,2024,Sunday,10
285,2024-01-21,21,1,2024,Sunday,11
286,2024-01-21,21,1,2024,Sunday,12
287,2024-01-21,21,1,2024,Sunday,13
288,2024-01-21,21,1,2024,Sunday,14
289,2024-01-21,21,1,2024,Sunday,15
290,2024-01-21,21,1,2024,Sunday,16
291,2024-01-21,21,1,2024,Sunday,17
292,2024-01-21,21,1,2024,Sunday,18
293,2024-01-21,21,1,2024,Sunday,19
294,2024-01-21,21,1,2024,Sunday,20
295,2024-01-22,22,1,2024,Monday,7
296,2024-01-22,22,1,2024,Monday,8
297,2024-01-22,22,1,2024,Monday,9
298,2024-01-22,22,1,2024,Monday,10
299,2024-01-22,22,1,2024,Monday,11
300,2024-01-22,22,1,2024,Monday,12
301,2024-01-22,22,1,2024,Monday,13
302,2024-01-22,22,1,2024,Monday,14
303,2024-01-22,22,1,2024,Monday,15
304,2024-01-22,22,1,2024,Monday,16
305,2024-01-22,22,1,2024,Monday,17
306,2024-01-22,22,1,2024,Monday,18
307,2024-01-22,22,1,2024,Monday,19
308,2024-01-22,22,1,2024,Monday,20
309,2024-01-23,23,1,2024,Tuesday,7
310,2024-01-23,23,1,2024,Tuesday,8
311,2024-01-23,23,1,2024,Tuesday,9
312,2024-01-23,23,1,2024,Tuesday,10
313,2024-01-23,23,1,2024,Tuesday,11
314,2024-01-23,23,1,2024,Tuesday,12
315,2024-01-23,23,1,2024,Tuesday,13
316,2024-01-23,23,1,2024,Tuesday,14
317,2024-01-23,23,1,2024,Tuesday,15
318,2024-01-23,23,1,2024,Tuesday,16
319,2024-01-23,23,1,2024,Tuesday,17
320,2024-01-23,23,1,2024,Tuesday,18
321,2024-01-23,23,1,2024,Tuesday,19
322,2024-01-23,23,1,2024,Tuesday,20
323,2024-01-24,24,1,2024,Wednesday,7
324,2024-01-24,24,1,2024,Wednesday,8
325,2024-01-24,24,1,2024,Wednesday,9
326,2024-01-24,24,1,2024,Wednesday,10
327,2024-01-24,24,1,2024,Wednesday,11
328,2024-01-24,24,1,2024,Wednesday,12
329,2024-01-24,24,1,2024,Wednesday,13
330,2024-01-24,24,1,2024,Wednesday,14
331,2024-01-24,24,1,2024,Wednesday,15
332,2024-01-24,24,1,2024,Wednesday,16
333,2024-01-24,24,1,2024,Wednesday,17
334,2024-01-24,24,1,2024,Wednesday,18
335,2024-01-24,24,1,2024,Wednesday,19
336,2024-01-24,24,1,2024,Wednesday,20
337,2024-01-25,25,1,2024,Thursday,7
338,2024-01-25,25,1,2024,Thursday,8
339,2024-01-25,25,1,2024,Thursday,9
340,2024-01-25,25,1,2024,Thursday,10
341,2024-01-25,25,1,2024,Thursday,11
342,2024-01-25,25,1,2024,Thursday,12
343,2024-01-25,25,1,2024,Thursday,13
344,2024-01-25,25,1,2024,Thursday,14
345,2024-01-25,25,1,2024,Thursday,15
346,2024-01-25,25,1,2024,Thursday,16
347,2024-01-25,25,1,2024,Thursday,17
348,2024-01-25,25,1,2024,Thursday,18
349,2024-01-25,25,1,2024,Thursday,19
350,2024-01-25,25,1,2024,Thursday,20
351,2024-01-26,26,1,2024,Friday,7
352,2024-01-26,26,1,2024,Friday,8
353,2024-01-26,26,1,2024,Friday,9
354,2024-01-26,26,1,2024,Friday,10
355,2024-01-26,26,1,2024,Friday,11
356,2024-01-26,26,1,2024,Friday,12
357,2024-01-26,26,1,2024,Friday,13
358,2024-01-26,26,1,2024,Friday,14
359,2024-01-26,26,1,2024,Friday,15
360,2024-01-26,26,1,2024,Friday,16
361,2024-01-26,26,1,2024,Friday,17
362,2024-01-26,26,1,2024,Friday,18
363,2024-01-26,26,1,2024,Friday,19
364,2024-01-26,26,1,2024,Friday,20
365,2024-01-27,27,1,2024,Saturday,7
366,2024-01-27,27,1,2024,Saturday,8
367,2024-01-27,27,1,2024,Saturday,9
368,2024-01-27,27,1,2024,Saturday,10
369,2024-01-27,27,1,2024,Saturday,11
370,2024-01-27,27,1,2024,Saturday,12
371,2024-01-27,27,1,2024,Saturday,13
372,2024-01-27,27,1,2024,Saturday,14
373,2024-01-27,27,1,2024,Saturday,15
374,2024-01-27,27,1,2024,Saturday,16
375,2024-01-27,27,1,2024,Saturday,17
376,2024-01-27,27,1,2024,Saturday,18
377,2024-01-27,27,1,2024,Saturday,19
378,2024-01-27,27,1,2024,Saturday,20
379,2024-01-28,28,1,2024,Sunday,7
380,2024-01-28,28,1,2024,Sunday,8
381,2024-01-28,28,1,2024,Sunday,9
382,2024-01-28,28,1,2024,Sunday,10
383,2024-01-28,28,1,2024,Sunday,11
384,2024-01-28,28,1,2024,Sunday,12
385,2024-01-28,28,1,2024,Sunday,13
386,2024-01-28,28,1,2024,Sunday,14
387,2024-01-28,28,1,2024,Sunday,15
388,2024-01-28,28,1,2024,Sunday,16
389,2024-01-28,28,1,2024,Sunday,17
390,2024-01-28,28,1,2024,Sunday,18
391,2024-01-28,28,1,2024,Sunday,19
392,2024-01-28,28,1,2024,Sunday,20
393,2024-01-29,29,1,2024,Monday,7
394,2024-01-29,29,1,2024,Monday,8
395,2024-01-29,29,1,2024,Monday,9
396,2024-01-29,29,1,2024,Monday,10
397,2024-01-29,29,1,2024,Monday,11
398,2024-01-29,29,1,2024,Monday,12
399,2024-01-29,29,1,2024,Monday,13
400,2024-01-29,29,1,2024,Monday,14
401,2024-01-29,29,1,2024,Monday,15
402,2024-01-29,29,1,2024,Monday,16
403,2024-01-29,29,1,2024,Monday,17
404,2024-01-29,29,1,2024,Monday,18
405,2024-01-29,29,1,2024,Monday,19
406,2024-01-29,29,1,2024,Monday,20
407,2024-01-30,30,1,2024,Tuesday,7
408,2024-01-30,30,1,2024,Tuesday,8
409,2024-01-30,30,1,2024,Tuesday,9
410,2024-01-30,30,1,2024,Tuesday,10
411,2024-01-30,30,1,2024,Tuesday,11
412,2024-01-30,30,1,2024,Tuesday,12
413,2024-01-30,30,1,2024,Tuesday,13
414,2024-01-30,30,1,2024,Tuesday,14
415,2024-01-30,30,1,2024,Tuesday,15
416,2024-01-30,30,1,2024,Tuesday,16
417,2024-01-30,30,1,2024,Tuesday,17
418,2024-01-30,30,1,2024,Tuesday,18
419,2024-01-30,30,1,2024,Tuesday,19
420,2024-01-30,30,1,2024,Tuesday,20
421,2024-01-31,31,1,2024,Wednesday,7
422,2024-01-31,31,1,2024,Wednesday,8
423,2024-01-31,31,1,2024,Wednesday,9
424,2024-01-31,31,1,2024,Wednesday,10
425,2024-01-31,31,1,2024,Wednesday,11
426,2024-01-31,31,1,2024,Wednesday,12
427,2024-01-31,31,1,2024,Wednesday,13
428,2024-01-31,31,1,2024,Wednesday,14
429,2024-01-31,31,1,2024,Wednesday,15
430,2024-01-31,31,1,2024,Wednesday,16
431,2024-01-31,31,1,2024,Wednesday,17
432,2024-01-31,31,1,2024,Wednesday,18
433,2024-01-31,31,1,2024,Wednesday,19
434,2024-01-31,31,1,2024,Wednesday,20
435,2024-02-01,1,2,2024,Thursday,7
436,2024-02-01,1,2,2024,Thursday,8
437,2024-02-01,1,2,2024,Thursday,9
438,2024-02-01,1,2,2024,Thursday,10
439,2024-02-01,1,2,2024,Thursday,11
440,2024-02-01,1,2,2024,Thursday,12
441,2024-02-01,1,2,2024,Thursday,13
442,2024-02-01,1,2,2024,Thursday,14
443,2024-02-01,1,2,2024,Thursday,15
444,2024-02-01,1,2,2024,Thursday,16
445,2024-02-01,1,2,2024,Thursday,17
446,2024-02-01,1,2,2024,Thursday,18
447,2024-02-01,1,2,2024,Thursday,19
448,2024-02-01,1,2,2024,Thursday,20
449,2024-02-02,2,2,2024,Friday,7
450,2024-02-02,2,2,2024,Friday,8
451,2024-02-02,2,2,2024,Friday,9
452,2024-02-02,2,2,2024,Friday,10
453,2024-02-02,2,2,2024,Friday,11
454,2024-02-02,2,2,2024,Friday,12
455,2024-02-02,2,2,2024,Friday,13
456,2024-02-02,2,2,2024,Friday,14
457,2024-02-02,2,2,2024,Friday,15
458,2024-02-02,2,2,2024,Friday,16
459,2024-02-02,2,2,2024,Friday,17
460,2024-02-02,2,2,2024,Friday,18
461,2024-02-02,2,2,2024,Friday,19
462,2024-02-02,2,2,2024,Friday,20
463,2024-02-03,3,2,2024,Saturday,7
464,2024-02-03,3,2,2024,Saturday,8
465,2024-02-03,3,2,2024,Saturday,9
466,2024-02-03,3,2,2024,Saturday,10
467,2024-02-03,3,2,2024,Saturday,11
468,2024-02-03,3,2,2024,Saturday,12
469,2024-02-03,3,2,2024,Saturday,13
470,2024-02-03,3,2,2024,Saturday,14
471,2024-02-03,3,2,2024,Saturday,15
472,2024-02-03,3,2,2024,Saturday,16
473,2024-02-03,3,2,2024,Saturday,17
474,2024-02-03,3,2,2024,Saturday,18
475,2024-02-03,3,2,2024,Saturday,19
476,2024-02-03,3,2,2024,Saturday,20
477,2024-02-04,4,2,2024,Sunday,7
478,2024-02-04,4,2,2024,Sunday,8
479,2024-02-04,4,2,2024,Sunday,9
480,2024-02-04,4,2,2024,Sunday,10
481,2024-02-04,4,2,2024,Sunday,11
482,2024-02-04,4,2,2024,Sunday,12
483,2024-02-04,4,2,2024,Sunday,13
484,2024-02-04,4,2,2024,Sunday,14
485,2024-02-04,4,2,2024,Sunday,15
486,2024-02-04,4,2,2024,Sunday,16
487,2024-02-04,4,2,2024,Sunday,17
488,2024-02-04,4,2,2024,Sunday,18
489,2024-02-04,4,2,2024,Sunday,19
490,2024-02-04,4,2,2024,Sunday,20
491,2024-02-05,5,2,2024,Monday,7
492,2024-02-05,5,2,2024,Monday,8
493,2024-02-05,5,2,2024,Monday,9
494,2024-02-05,5,2,2024,Monday,10
495,2024-02-05,5,2,2024,Monday,11
496,2024-02-05,5,2,2024,Monday,12
497,2024-02-05,5,2,2024,Monday,13
498,2024-02-05,5,2,2024,Monday,14
499,2024-02-05,5,2,2024,Monday,15
500,2024-02-05,5,2,2024,Monday,16
501,2024-02-05,5,2,2024,Monday,17
502,2024-02-05,5,2,2024,Monday,18
503,2024-02-05,5,2,2024,Monday,19
504,2024-02-05,5,2,2024,Monday,20
505,2024-02-06,6,2,2024,Tuesday,7
506,2024-02-06,6,2,2024,Tuesday,8
507,2024-02-06,6,2,2024,Tuesday,9
508,2024-02-06,6,2,2024,Tuesday,10
509,2024-02-06,6,2,2024,Tuesday,11
510,2024-02-06,6,2,2024,Tuesday,12
511,2024-02-06,6,2,2024,Tuesday,13
512,2024-02-06,6,2,2024,Tuesday,14
513,2024-02-06,6,2,2024,Tuesday,15
514,2024-02-06,6,2,2024,Tuesday,16
515,2024-02-06,6,2,2024,Tuesday,17
516,2024-02-06,6,2,2024,Tuesday,18
517,2024-02-06,6,2,2024,Tuesday,19
518,2024-02-06,6,2,2024,Tuesday,20
519,2024-02-07,7,2,2024,Wednesday,7
520,2024-02-07,7,2,2024,Wednesday,8
521,2024-02-07,7,2,2024,Wednesday,9
522,2024-02-07,7,2,2024,Wednesday,10
523,2024-02-07,7,2,2024,Wednesday,11
524,2024-02-07,7,2,2024,Wednesday,12
525,2024-02-07,7,2,2024,Wednesday,13
526,2024-02-07,7,2,2024,Wednesday,14
527,2024-02-07,7,2,2024,Wednesday,15
528,2024-02-07,7,2,2024,Wednesday,16
529,2024-02-07,7,2,2024,Wednesday,17
530,2024-02-07,7,2,2024,Wednesday,18
531,2024-02-07,7,2,2024,Wednesday,19
532,2024-02-07,7,2,2024,Wednesday,20
533,2024-02-08,8,2,2024,Thursday,7
534,2024-02-08,8,2,2024,Thursday,8
535,2024-02-08,8,2,2024,Thursday,9
536,2024-02-08,8,2,2024,Thursday,10
537,2024-02-08,8,2,2024,Thursday,11
538,2024-02-08,8,2,2024,Thursday,12
539,2024-02-08,8,2,2024,Thursday,13
540,2024-02-08,8,2,2024,Thursday,14
541,2024-02-08,8,2,2024,Thursday,15
542,2024-02-08,8,2,2024,Thursday,16
543,2024-02-08,8,2,2024,Thursday,17
544,2024-02-08,8,2,2024,Thursday,18
545,2024-02-08,8,2,2024,Thursday,19
546,2024-02-08,8,2,2024,Thursday,20
547,2024-02-09,9,2,2024,Friday,7
548,2024-02-09,9,2,2024,Friday,8
549,2024-02-09,9,2,2024,Friday,9
550,2024-02-09,9,2,2024,Friday,10
551,2024-02-09,9,2,2024,Friday,11
552,2024-02-09,9,2,2024,Friday,12
553,2024-02-09,9,2,2024,Friday,13
554,2024-02-09,9,2,2024,Friday,14
555,2024-02-09,9,2,2024,Friday,15
556,2024-02-09,9,2,2024,Friday,16
557,2024-02-09,9,2,2024,Friday,17
558,2024-02-09,9,2,2024,Friday,18
559,2024-02-09,9,2,2024,Friday,19
560,2024-02-09,9,2,2024,Friday,20
561,2024-02-10,10,2,2024,Saturday,7
562,2024-02-10,10,2,2024,Saturday,8
563,2024-02-10,10,2,2024,Saturday,9
564,2024-02-10,10,2,2024,Saturday,10
565,2024-02-10,10,2,2024,Saturday,11
566,2024-02-10,10,2,2024,Saturday,12
567,2024-02-10,10,2,2024,Saturday,13
568,2024-02-10,10,2,2024,Saturday,14
569,2024-02-10,10,2,2024,Saturday,15
570,2024-02-10,10,2,2024,Saturday,16
571,2024-02-10,10,2,2024,Saturday,17
572,2024-02-10,10,2,2024,Saturday,18
573,2024-02-10,10,2,2024,Saturday,19
574,2024-02-10,10,2,2024,Saturday,20
575,2024-02-11,11,2,2024,Sunday,7
576,2024-02-11,11,2,2024,Sunday,8
577,2024-02-11,11,2,2024,Sunday,9
578,2024-02-11,11,2,2024,Sunday,10
579,2024-02-11,11,2,2024,Sunday,11
580,2024-02-11,11,2,2024,Sunday,12
581,2024-02-11,11,2,2024,Sunday,13
582,2024-02-11,11,2,2024,Sunday,14
583,2024-02-11,11,2,2024,Sunday,15
584,2024-02-11,11,2,2024,Sunday,16
585,2024-02-11,11,2,2024,Sunday,17
586,2024-02-11,11,2,2024,Sunday,18
587,2024-02-11,11,2,2024,Sunday,19
588,2024-02-11,11,2,2024,Sunday,20
589,2024-02-12,12,2,2024,Monday,7
590,2024-02-12,12,2,2024,Monday,8
591,2024-02-12,12,2,2024,Monday,9
592,2024-02-12,12,2,2024,Monday,10
593,2024-02-12,12,2,2024,Monday,11
594,2024-02-12,12,2,2024,Monday,12
595,2024-02-12,12,2,2024,Monday,13
596,2024-02-12,12,2,2024,Monday,14
597,2024-02-12,12,2,2024,Monday,15
598,2024-02-12,12,2,2024,Monday,16
599,2024-02-12,12,2,2024,Monday,17
600,2024-02-12,12,2,2024,Monday,18
601,2024-02-12,12,2,2024,Monday,19
602,2024-02-12,12,2,2024,Monday,20
603,2024-02-13,13,2,2024,Tuesday,7
604,2024-02-13,13,2,2024,Tuesday,8
605,2024-02-13,13,2,2024,Tuesday,9
606,2024-02-13,13,2,2024,Tuesday,10
607,2024-02-13,13,2,2024,Tuesday,11
608,2024-02-13,13,2,2024,Tuesday,12
609,2024-02-13,13,2,2024,Tuesday,13
610,2024-02-13,13,2,2024,Tuesday,14
611,2024-02-13,13,2,2024,Tuesday,15
612,2024-02-13,13,2,2024,Tuesday,16
613,2024-02-13,13,2,2024,Tuesday,17
614,2024-02-13,13,2,2024,Tuesday,18
615,2024-02-13,13,2,2024,Tuesday,19
616,2024-02-13,13,2,2024,Tuesday,20
617,2024-02-14,14,2,2024,Wednesday,7
618,2024-02-14,14,2,2024,Wednesday,8
619,2024-02-14,14,2,2024,Wednesday,9
620,2024-02-14,14,2,2024,Wednesday,10
621,2024-02-14,14,2,2024,Wednesday,11
622,2024-02-14,14,2,2024,Wednesday,12
623,2024-02-14,14,2,2024,Wednesday,13
624,2024-02-14,14,2,2024,Wednesday,14
625,2024-02-14,14,2,2024,Wednesday,15
626,2024-02-14,14,2,2024,Wednesday,16
627,2024-02-14,14,2,2024,Wednesday,17
628,2024-02-14,14,2,2024,Wednesday,18
629,2024-02-14,14,2,2024,Wednesday,19
630,2024-02-14,14,2,2024,Wednesday,20
631,2024-02-15,15,2,2024,Thursday,7
632,2024-02-15,15,2,2024,Thursday,8
633,2024-02-15,15,2,2024,Thursday,9
634,2024-02-15,15,2,2024,Thursday,10
635,2024-02-15,15,2,2024,Thursday,11
636,2024-02-15,15,2,2024,Thursday,12
637,2024-02-15,15,2,2024,Thursday,13
638,2024-02-15,15,2,2024,Thursday,14
639,2024-02-15,15,2,2024,Thursday,15
640,2024-02-15,15,2,2024,Thursday,16
641,2024-02-15,15,2,2024,Thursday,17
642,2024-02-15,15,2,2024,Thursday,18
643,2024-02-15,15,2,2024,Thursday,19
644,2024-02-15,15,2,2024,Thursday,20
645,2024-02-16,16,2,2024,Friday,7
646,2024-02-16,16,2,2024,Friday,8
647,2024-02-16,16,2,2024,Friday,9
648,2024-02-16,16,2,2024,Friday,10
649,2024-02-16,16,2,2024,Friday,11
650,2024-02-16,16,2,2024,Friday,12
651,2024-02-16,16,2,2024,Friday,13
652,2024-02-16,16,2,2024,Friday,14
653,2024-02-16,16,2,2024,Friday,15
654,2024-02-16,16,2,2024,Friday,16
655,2024-02-16,16,2,2024,Friday,17
656,2024-02-16,16,2,2024,Friday,18
657,2024-02-16,16,2,2024,Friday,19
658,2024-02-16,16,2,2024,Friday,20
659,2024-02-17,17,2,2024,Saturday,7
660,2024-02-17,17,2,2024,Saturday,8
661,2024-02-17,17,2,2024,Saturday,9
662,2024-02-17,17,2,2024,Saturday,10
663,2024-02-17,17,2,2024,Saturday,11
664,2024-02-17,17,2,2024,Saturday,12
665,2024-02-17,17,2,2024,Saturday,13
666,2024-02-17,17,2,2024,Saturday,14
667,2024-02-17,17,2,2024,Saturday,15
668,2024-02-17,17,2,2024,Saturday,16
669,2024-02-17,17,2,2024,Saturday,17
670,2024-02-17,17,2,2024,Saturday,18
671,2024-02-17,17,2,2024,Saturday,19
672,2024-02-17,17,2,2024,Saturday,20
673,2024-02-18,18,2,2024,Sunday,7
674,2024-02-18,18,2,2024,Sunday,8
675,2024-02-18,18,2,2024,Sunday,9
676,2024-02-18,18,2,2024,Sunday,10
677,2024-02-18,18,2,2024,Sunday,11
678,2024-02-18,18,2,2024,Sunday,12
679,2024-02-18,18,2,2024,Sunday,13
680,2024-02-18,18,2,2024,Sunday,14
681,2024-02-18,18,2,2024,Sunday,15
682,2024-02-18,18,2,2024,Sunday,16
683,2024-02-18,18,2,2024,Sunday,17
684,2024-02-18,18,2,2024,Sunday,18
685,2024-02-18,18,2,2024,Sunday,19
686,2024-02-18,18,2,2024,Sunday,20
687,2024-02-19,19,2,2024,Monday,7
688,2024-02-19,19,2,2024,Monday,8
689,2024-02-19,19,2,2024,Monday,9
690,2024-02-19,19,2,2024,Monday,10
691,2024-02-19,19,2,2024,Monday,11
692,2024-02-19,19,2,2024,Monday,12
693,2024-02-19,19,2,2024,Monday,13
694,2024-02-19,19,2,2024,Monday,14
695,2024-02-19,19,2,2024,Monday,15
696,2024-02-19,19,2,2024,Monday,16
697,2024-02-19,19,2,2024,Monday,17
698,2024-02-19,19,2,2024,Monday,18
699,2024-02-19,19,2,2024,Monday,19
700,2024-02-19,19,2,2024,Monday,20
701,2024-02-20,20,2,2024,Tuesday,7
702,2024-02-20,20,2,2024,Tuesday,8
703,2024-02-20,20,2,2024,Tuesday,9
704,2024-02-20,20,2,2024,Tuesday,10
705,2024-02-20,20,2,2024,Tuesday,11
706,2024-02-20,20,2,2024,Tuesday,12
707,2024-02-20,20,2,2024,Tuesday,13
708,2024-02-20,20,2,2024,Tuesday,14
709,2024-02-20,20,2,2024,Tuesday,15
710,2024-02-20,20,2,2024,Tuesday,16
711,2024-02-20,20,2,2024,Tuesday,17
712,2024-02-20,20,2,2024,Tuesday,18
713,2024-02-20,20,2,2024,Tuesday,19
714,2024-02-20,20,2,2024,Tuesday,20
715,2024-02-21,21,2,2024,Wednesday,7
716,2024-02-21,21,2,2024,Wednesday,8
717,2024-02-21,21,2,2024,Wednesday,9
718,2024-02-21,21,2,2024,Wednesday,10
719,2024-02-21,21,2,2024,Wednesday,11
720,2024-02-21,21,2,2024,Wednesday,12
721,2024-02-21,21,2,2024,Wednesday,13
722,2024-02-21,21,2,2024,Wednesday,14
723,2024-02-21,21,2,2024,Wednesday,15
724,2024-02-21,21,2,2024,Wednesday,16
725,2024-02-21,21,2,2024,Wednesday,17
726,2024-02-21,21,2,2024,Wednesday,18
727,2024-02-21,21,2,2024,Wednesday,19
728,2024-02-21,21,2,2024,Wednesday,20
729,2024-02-22,22,2,2024,Thursday,7
730,2024-02-22,22,2,2024,Thursday,8
731,2024-02-22,22,2,2024,Thursday,9
732,2024-02-22,22,2,2024,Thursday,10
733,2024-02-22,22,2,2024,Thursday,11
734,2024-02-22,22,2,2024,Thursday,12
735,2024-02-22,22,2,2024,Thursday,13
736,2024-02-22,22,2,2024,Thursday,14
737,2024-02-22,22,2,2024,Thursday,15
738,2024-02-22,22,2,2024,Thursday,16
739,2024-02-22,22,2,2024,Thursday,17
740,2024-02-22,22,2,2024,Thursday,18
741,2024-02-22,22,2,2024,Thursday,19
742,2024-02-22,22,2,2024,Thursday,20
743,2024-02-23,23,2,2024,Friday,7
744,2024-02-23,23,2,2024,Friday,8
745,2024-02-23,23,2,2024,Friday,9
746,2024-02-23,23,2,2024,Friday,10
747,2024-02-23,23,2,2024,Friday,11
748,2024-02-23,23,2,2024,Friday,12
749,2024-02-23,23,2,2024,Friday,13
750,2024-02-23,23,2,2024,Friday,14
751,2024-02-23,23,2,2024,Friday,15
752,2024-02-23,23,2,2024,Friday,16
753,2024-02-23,23,2,2024,Friday,17
754,2024-02-23,23,2,2024,Friday,18
755,2024-02-23,23,2,2024,Friday,19
756,2024-02-23,23,2,2024,Friday,20
757,2024-02-24,24,2,2024,Saturday,7
758,2024-02-24,24,2,2024,Saturday,8
759,2024-02-24,24,2,2024,Saturday,9
760,2024-02-24,24,2,2024,Saturday,10
761,2024-02-24,24,2,2024,Saturday,11
762,2024-02-24,24,2,2024,Saturday,12
763,2024-02-24,24,2,2024,Saturday,13
764,2024-02-24,24,2,2024,Saturday,14
765,2024-02-24,24,2,2024,Saturday,15
766,2024-02-24,24,2,2024,Saturday,16
767,2024-02-24,24,2,2024,Saturday,17
768,2024-02-24,24,2,2024,Saturday,18
769,2024-02-24,24,2,2024,Saturday,19
770,2024-02-24,24,2,2024,Saturday,20
771,2024-02-25,25,2,2024,Sunday,7
772,2024-02-25,25,2,2024,Sunday,8
773,2024-02-25,25,2,2024,Sunday,9
774,2024-02-25,25,2,2024,Sunday,10
775,2024-02-25,25,2,2024,Sunday,11
776,2024-02-25,25,2,2024,Sunday,12
777,2024-02-25,25,2,2024,Sunday,13
778,2024-02-25,25,2,2024,Sunday,14
779,2024-02-25,25,2,2024,Sunday,15
780,2024-02-25,25,2,2024,Sunday,16
781,2024-02-25,25,2,2024,Sunday,17
782,2024-02-25,25,2,2024,Sunday,18
783,2024-02-25,25,2,2024,Sunday,19
784,2024-02-25,25,2,2024,Sunday,20
785,2024-02-26,26,2,2024,Monday,7
786,2024-02-26,26,2,2024,Monday,8
787,2024-02-26,26,2,2024,Monday,9
788,2024-02-26,26,2,2024,Monday,10
789,2024-02-26,26,2,2024,Monday,11
790,2024-02-26,26,2,2024,Monday,12
791,2024-02-26,26,2,2024,Monday,13
792,2024-02-26,26,2,2024,Monday,14
793,2024-02-26,26,2,2024,Monday,15
794,2024-02-26,26,2,2024,Monday,16
795,2024-02-26,26,2,2024,Monday,17
796,2024-02-26,26,2,2024,Monday,18
797,2024-02-26,26,2,2024,Monday,19
798,2024-02-26,26,2,2024,Monday,20
799,2024-02-27,27,2,2024,Tuesday,7
800,2024-02-27,27,2,2024,Tuesday,8
801,2024-02-27,27,2,2024,Tuesday,9
802,2024-02-27,27,2,2024,Tuesday,10
803,2024-02-27,27,2,2024,Tuesday,11
804,2024-02-27,27,2,2024,Tuesday,12
805,2024-02-27,27,2,2024,Tuesday,13
806,2024-02-27,27,2,2024,Tuesday,14
807,2024-02-27,27,2,2024,Tuesday,15
808,2024-02-27,27,2,2024,Tuesday,16
809,2024-02-27,27,2,2024,Tuesday,17
810,2024-02-27,27,2,2024,Tuesday,18
811,2024-02-27,27,2,2024,Tuesday,19
812,2024-02-27,27,2,2024,Tuesday,20
813,2024-02-28,28,2,2024,Wednesday,7
814,2024-02-28,28,2,2024,Wednesday,8
815,2024-02-28,28,2,2024,Wednesday,9
816,2024-02-28,28,2,2024,Wednesday,10
817,2024-02-28,28,2,2024,Wednesday,11
818,2024-02-28,28,2,2024,Wednesday,12
819,2024-02-28,28,2,2024,Wednesday,13
820,2024-02-28,28,2,2024,Wednesday,14
821,2024-02-28,28,2,2024,Wednesday,15
822,2024-02-28,28,2,2024,Wednesday,16
823,2024-02-28,28,2,2024,Wednesday,17
824,2024-02-28,28,2,2024,Wednesday,18
825,2024-02-28,28,2,2024,Wednesday,19
826,2024-02-28,28,2,2024,Wednesday,20
827,2024-02-29,29,2,2024,Thursday,7
828,2024-02-29,29,2,2024,Thursday,8
829,2024-02-29,29,2,2024,Thursday,9
830,2024-02-29,29,2,2024,Thursday,10
831,2024-02-29,29,2,2024,Thursday,11
832,2024-02-29,29,2,2024,Thursday,12
833,2024-02-29,29,2,2024,Thursday,13
834,2024-02-29,29,2,2024,Thursday,14
835,2024-02-29,29,2,2024,Thursday,15
836,2024-02-29,29,2,2024,Thursday,16
837,2024-02-29,29,2,2024,Thursday,17
838,2024-02-29,29,2,2024,Thursday,18
839,2024-02-29,29,2,2024,Thursday,19
840,2024-02-29,29,2,2024,Thursday,20
841,2024-03-01,1,3,2024,Friday,7
842,2024-03-01,1,3,2024,Friday,8
843,2024-03-01,1,3,2024,Friday,9
844,2024-03-01,1,3,2024,Friday,10
845,2024-03-01,1,3,2024,Friday,11
846,2024-03-01,1,3,2024,Friday,12
847,2024-03-01,1,3,2024,Friday,13
848,2024-03-01,1,3,2024,Friday,14
849,2024-03-01,1,3,2024,Friday,15
850,2024-03-01,1,3,2024,Friday,16
851,2024-03-01,1,3,2024,Friday,17
852,2024-03-01,1,3,2024,Friday,18
853,2024-03-01,1,3,2024,Friday,19
854,2024-03-01,1,3,2024,Friday,20
855,2024-03-02,2,3,2024,Saturday,7
856,2024-03-02,2,3,2024,Saturday,8
857,2024-03-02,2,3,2024,Saturday,9
858,2024-03-02,2,3,2024,Saturday,10
859,2024-03-02,2,3,2024,Saturday,11
860,2024-03-02,2,3,2024,Saturday,12
861,2024-03-02,2,3,2024,Saturday,13
862,2024-03-02,2,3,2024,Saturday,14
863,2024-03-02,2,3,2024,Saturday,15
864,2024-03-02,2,3,2024,Saturday,16
865,2024-03-02,2,3,2024,Saturday,17
866,2024-03-02,2,3,2024,Saturday,18
867,2024-03-02,2,3,2024,Saturday,19
868,2024-03-02,2,3,2024,Saturday,20
869,2024-03-03,3,3,2024,Sunday,7
870,2024-03-03,3,3,2024,Sunday,8
871,2024-03-03,3,3,2024,Sunday,9
872,2024-03-03,3,3,2024,Sunday,10
873,2024-03-03,3,3,2024,Sunday,11
874,2024-03-03,3,3,2024,Sunday,12
875,2024-03-03,3,3,2024,Sunday,13
876,2024-03-03,3,3,2024,Sunday,14
877,2024-03-03,3,3,2024,Sunday,15
878,2024-03-03,3,3,2024,Sunday,16
879,2024-03-03,3,3,2024,Sunday,17
880,2024-03-03,3,3,2024,Sunday,18
881,2024-03-03,3,3,2024,Sunday,19
882,2024-03-03,3,3,2024,Sunday,20
883,2024-03-04,4,3,2024,Monday,7
884,2024-03-04,4,3,2024,Monday,8
885,2024-03-04,4,3,2024,Monday,9
886,2024-03-04,4,3,2024,Monday,10
887,2024-03-04,4,3,2024,Monday,11
888,2024-03-04,4,3,2024,Monday,12
889,2024-03-04,4,3,2024,Monday,13
890,2024-03-04,4,3,2024,Monday,14
891,2024-03-04,4,3,2024,Monday,15
892,2024-03-04,4,3,2024,Monday,16
893,2024-03-04,4,3,2024,Monday,17
894,2024-03-04,4,3,2024,Monday,18
895,2024-03-04,4,3,2024,Monday,19
896,2024-03-04,4,3,2024,Monday,20
897,2024-03-05,5,3,2024,Tuesday,7
898,2024-03-05,5,3,2024,Tuesday,8
899,2024-03-05,5,3,2024,Tuesday,9
900,2024-03-05,5,3,2024,Tuesday,10
901,2024-03-05,5,3,2024,Tuesday,11
902,2024-03-05,5,3,2024,Tuesday,12
903,2024-03-05,5,3,2024,Tuesday,13
904,2024-03-05,5,3,2024,Tuesday,14
905,2024-03-05,5,3,2024,Tuesday,15
906,2024-03-05,5,3,2024,Tuesday,16
907,2024-03-05,5,3,2024,Tuesday,17
908,2024-03-05,5,3,2024,Tuesday,18
909,2024-03-05,5,3,2024,Tuesday,19
910,2024-03-05,5,3,2024,Tuesday,20
911,2024-03-06,6,3,2024,Wednesday,7
912,2024-03-06,6,3,2024,Wednesday,8
913,2024-03-06,6,3,2024,Wednesday,9
914,2024-03-06,6,3,2024,Wednesday,10
915,2024-03-06,6,3,2024,Wednesday,11
916,2024-03-06,6,3,2024,Wednesday,12
917,2024-03-06,6,3,2024,Wednesday,13
918,2024-03-06,6,3,2024,Wednesday,14
919,2024-03-06,6,3,2024,Wednesday,15
920,2024-03-06,6,3,2024,Wednesday,16
921,2024-03-06,6,3,2024,Wednesday,17
922,2024-03-06,6,3,2024,Wednesday,18
923,2024-03-06,6,3,2024,Wednesday,19
924,2024-03-06,6,3,2024,Wednesday,20
925,2024-03-07,7,3,2024,Thursday,7
926,2024-03-07,7,3,2024,Thursday,8
927,2024-03-07,7,3,2024,Thursday,9
928,2024-03-07,7,3,2024,Thursday,10
929,2024-03-07,7,3,2024,Thursday,11
930,2024-03-07,7,3,2024,Thursday,12
931,2024-03-07,7,3,2024,Thursday,13
932,2024-03-07,7,3,2024,Thursday,14
933,2024-03-07,7,3,2024,Thursday,15
934,2024-03-07,7,3,2024,Thursday,16
935,2024-03-07,7,3,2024,Thursday,17
936,2024-03-07,7,3,2024,Thursday,18
937,2024-03-07,7,3,2024,Thursday,19
938,2024-03-07,7,3,2024,Thursday,20
939,2024-03-08,8,3,2024,Friday,7
940,2024-03-08,8,3,2024,Friday,8
941,2024-03-08,8,3,2024,Friday,9
942,2024-03-08,8,3,2024,Friday,10
943,2024-03-08,8,3,2024,Friday,11
944,2024-03-08,8,3,2024,Friday,12
945,2024-03-08,8,3,2024,Friday,13
946,2024-03-08,8,3,2024,Friday,14
947,2024-03-08,8,3,2024,Friday,15
948,2024-03-08,8,3,2024,Friday,16
949,2024-03-08,8,3,2024,Friday,17
950,2024-03-08,8,3,2024,Friday,18
951,2024-03-08,8,3,2024,Friday,19
952,2024-03-08,8,3,2024,Friday,20
953,2024-03-09,9,3,2024,Saturday,7
954,2024-03-09,9,3,2024,Saturday,8
955,2024-03-09,9,3,2024,Saturday,9
956,2024-03-09,9,3,2024,Saturday,10
957,2024-03-09,9,3,2024,Saturday,11
958,2024-03-09,9,3,2024,Saturday,12
959,2024-03-09,9,3,2024,Saturday,13
960,2024-03-09,9,3,2024,Saturday,14
961,2024-03-09,9,3,2024,Saturday,15
962,2024-03-09,9,3,2024,Saturday,16
963,2024-03-09,9,3,2024,Saturday,17
964,2024-03-09,9,3,2024,Saturday,18
965,2024-03-09,9,3,2024,Saturday,19
966,2024-03-09,9,3,2024,Saturday,20
967,2024-03-10,10,3,2024,Sunday,7
968,2024-03-10,10,3,2024,Sunday,8
969,2024-03-10,10,3,2024,Sunday,9
970,2024-03-10,10,3,2024,Sunday,10
971,2024-03-10,10,3,2024,Sunday,11
972,2024-03-10,10,3,2024,Sunday,12
973,2024-03-10,10,3,2024,Sunday,13
974,2024-03-10,10,3,2024,Sunday,14
975,2024-03-10,10,3,2024,Sunday,15
976,2024-03-10,10,3,2024,Sunday,16
977,2024-03-10,10,3,2024,Sunday,17
978,2024-03-10,10,3,2024,Sunday,18
979,2024-03-10,10,3,2024,Sunday,19
980,2024-03-10,10,3,2024,Sunday,20
981,2024-03-11,11,3,2024,Monday,7
982,2024-03-11,11,3,2024,Monday,8
983,2024-03-11,11,3,2024,Monday,9
984,2024-03-11,11,3,2024,Monday,10
985,2024-03-11,11,3,2024,Monday,11
986,2024-03-11,11,3,2024,Monday,12
987,2024-03-11,11,3,2024,Monday,13
988,2024-03-11,11,3,2024,Monday,14
989,2024-03-11,11,3,2024,Monday,15
990,2024-03-11,11,3,2024,Monday,16
991,2024-03-11,11,3,2024,Monday,17
992,2024-03-11,11,3,2024,Monday,18
993,2024-03-11,11,3,2024,Monday,19
994,2024-03-11,11,3,2024,Monday,20
995,2024-03-12,12,3,2024,Tuesday,7
996,2024-03-12,12,3,2024,Tuesday,8
997,2024-03-12,12,3,2024,Tuesday,9
998,2024-03-12,12,3,2024,Tuesday,10
999,2024-03-12,12,3,2024,Tuesday,11
1000,2024-03-12,12,3,2024,Tuesday,12
1001,2024-03-12,12,3,2024,Tuesday,13
1002,2024-03-12,12,3,2024,Tuesday,14
1003,2024-03-12,12,3,2024,Tuesday,15
1004,2024-03-12,12,3,2024,Tuesday,16
1005,2024-03-12,12,3,2024,Tuesday,17
1006,2024-03-12,12,3,2024,Tuesday,18
1007,2024-03-12,12,3,2024,Tuesday,19
1008,2024-03-12,12,3,2024,Tuesday,20
1009,2024-03-13,13,3,2024,Wednesday,7
1010,2024-03-13,13,3,2024,Wednesday,8
1011,2024-03-13,13,3,2024,Wednesday,9
1012,2024-03-13,13,3,2024,Wednesday,10
1013,2024-03-13,13,3,2024,Wednesday,11
1014,2024-03-13,13,3,2024,Wednesday,12
1015,2024-03-13,13,3,2024,Wednesday,13
1016,2024-03-13,13,3,2024,Wednesday,14
1017,2024-03-13,13,3,2024,Wednesday,15
1018,2024-03-13,13,3,2024,Wednesday,16
1019,2024-03-13,13,3,2024,Wednesday,17
1020,2024-03-13,13,3,2024,Wednesday,18
1021,2024-03-13,13,3,2024,Wednesday,19
1022,2024-03-13,13,3,2024,Wednesday,20
1023,2024-03-14,14,3,2024,Thursday,7
1024,2024-03-14,14,3,2024,Thursday,8
1025,2024-03-14,14,3,2024,Thursday,9
1026,2024-03-14,14,3,2024,Thursday,10
1027,2024-03-14,14,3,2024,Thursday,11
1028,2024-03-14,14,3,2024,Thursday,12
1029,2024-03-14,14,3,2024,Thursday,13
1030,2024-03-14,14,3,2024,Thursday,14
1031,2024-03-14,14,3,2024,Thursday,15
1032,2024-03-14,14,3,2024,Thursday,16
1033,2024-03-14,14,3,2024,Thursday,17
1034,2024-03-14,14,3,2024,Thursday,18
1035,2024-03-14,14,3,2024,Thursday,19
1036,2024-03-14,14,3,2024,Thursday,20
1037,2024-03-15,15,3,2024,Friday,7
1038,2024-03-15,15,3,2024,Friday,8
1039,2024-03-15,15,3,2024,Friday,9
1040,2024-03-15,15,3,2024,Friday,10
1041,2024-03-15,15,3,2024,Friday,11
1042,2024-03-15,15,3,2024,Friday,12
1043,2024-03-15,15,3,2024,Friday,13
1044,2024-03-15,15,3,2024,Friday,14
1045,2024-03-15,15,3,2024,Friday,15
1046,2024-03-15,15,3,2024,Friday,16
1047,2024-03-15,15,3,2024,Friday,17
1048,2024-03-15,15,3,2024,Friday,18
1049,2024-03-15,15,3,2024,Friday,19
1050,2024-03-15,15,3,2024,Friday,20
1051,2024-03-16,16,3,2024,Saturday,7
1052,2024-03-16,16,3,2024,Saturday,8
1053,2024-03-16,16,3,2024,Saturday,9
1054,2024-03-16,16,3,2024,Saturday,10
1055,2024-03-16,16,3,2024,Saturday,11
1056,2024-03-16,16,3,2024,Saturday,12
1057,2024-03-16,16,3,2024,Saturday,13
1058,2024-03-16,16,3,2024,Saturday,14
1059,2024-03-16,16,3,2024,Saturday,15
1060,2024-03-16,16,3,2024,Saturday,16
1061,2024-03-16,16,3,2024,Saturday,17
1062,2024-03-16,16,3,2024,Saturday,18
1063,2024-03-16,16,3,2024,Saturday,19
1064,2024-03-16,16,3,2024,Saturday,20
1065,2024-03-17,17,3,2024,Sunday,7
1066,2024-03-17,17,3,2024,Sunday,8
1067,2024-03-17,17,3,2024,Sunday,9
1068,2024-03-17,17,3,2024,Sunday,10
1069,2024-03-17,17,3,2024,Sunday,11
1070,2024-03-17,17,3,2024,Sunday,12
1071,2024-03-17,17,3,2024,Sunday,13
1072,2024-03-17,17,3,2024,Sunday,14
1073,2024-03-17,17,3,2024,Sunday,15
1074,2024-03-17,17,3,2024,Sunday,16
1075,2024-03-17,17,3,2024,Sunday,17
1076,2024-03-17,17,3,2024,Sunday,18
1077,2024-03-17,17,3,2024,Sunday,19
1078,2024-03-17,17,3,2024,Sunday,20
1079,2024-03-18,18,3,2024,Monday,7
1080,2024-03-18,18,3,2024,Monday,8
1081,2024-03-18,18,3,2024,Monday,9
1082,2024-03-18,18,3,2024,Monday,10
1083,2024-03-18,18,3,2024,Monday,11
1084,2024-03-18,18,3,2024,Monday,12
1085,2024-03-18,18,3,2024,Monday,13
1086,2024-03-18,18,3,2024,Monday,14
1087,2024-03-18,18,3,2024,Monday,15
1088,2024-03-18,18,3,2024,Monday,16
1089,2024-03-18,18,3,2024,Monday,17
1090,2024-03-18,18,3,2024,Monday,18
1091,2024-03-18,18,3,2024,Monday,19
1092,2024-03-18,18,3,2024,Monday,20
1093,2024-03-19,19,3,2024,Tuesday,7
1094,2024-03-19,19,3,2024,Tuesday,8
1095,2024-03-19,19,3,2024,Tuesday,9
1096,2024-03-19,19,3,2024,Tuesday,10
1097,2024-03-19,19,3,2024,Tuesday,11
1098,2024-03-19,19,3,2024,Tuesday,12
1099,2024-03-19,19,3,2024,Tuesday,13
1100,2024-03-19,19,3,2024,Tuesday,14
1101,2024-03-19,19,3,2024,Tuesday,15
1102,2024-03-19,19,3,2024,Tuesday,16
1103,2024-03-19,19,3,2024,Tuesday,17
1104,2024-03-19,19,3,2024,Tuesday,18
1105,2024-03-19,19,3,2024,Tuesday,19
1106,2024-03-19,19,3,2024,Tuesday,20
1107,2024-03-20,20,3,2024,Wednesday,7
1108,2024-03-20,20,3,2024,Wednesday,8
1109,2024-03-20,20,3,2024,Wednesday,9
1110,2024-03-20,20,3,2024,Wednesday,10
1111,2024-03-20,20,3,2024,Wednesday,11
1112,2024-03-20,20,3,2024,Wednesday,12
1113,2024-03-20,20,3,2024,Wednesday,13
1114,2024-03-20,20,3,2024,Wednesday,14
1115,2024-03-20,20,3,2024,Wednesday,15
1116,2024-03-20,20,3,2024,Wednesday,16
1117,2024-03-20,20,3,2024,Wednesday,17
1118,2024-03-20,20,3,2024,Wednesday,18
1119,2024-03-20,20,3,2024,Wednesday,19
1120,2024-03-20,20,3,2024,Wednesday,20
1121,2024-03-21,21,3,2024,Thursday,7
1122,2024-03-21,21,3,2024,Thursday,8
1123,2024-03-21,21,3,2024,Thursday,9
1124,2024-03-21,21,3,2024,Thursday,10
1125,2024-03-21,21,3,2024,Thursday,11
1126,2024-03-21,21,3,2024,Thursday,12
1127,2024-03-21,21,3,2024,Thursday,13
1128,2024-03-21,21,3,2024,Thursday,14
1129,2024-03-21,21,3,2024,Thursday,15
1130,2024-03-21,21,3,2024,Thursday,16
1131,2024-03-21,21,3,2024,Thursday,17
1132,2024-03-21,21,3,2024,Thursday,18
1133,2024-03-21,21,3,2024,Thursday,19
1134,2024-03-21,21,3,2024,Thursday,20
1135,2024-03-22,22,3,2024,Friday,7
1136,2024-03-22,22,3,2024,Friday,8
1137,2024-03-22,22,3,2024,Friday,9
1138,2024-03-22,22,3,2024,Friday,10
1139,2024-03-22,22,3,2024,Friday,11
1140,2024-03-22,22,3,2024,Friday,12
1141,2024-03-22,22,3,2024,Friday,13
1142,2024-03-22,22,3,2024,Friday,14
1143,2024-03-22,22,3,2024,Friday,15
1144,2024-03-22,22,3,2024,Friday,16
1145,2024-03-22,22,3,2024,Friday,17
1146,2024-03-22,22,3,2024,Friday,18
1147,2024-03-22,22,3,2024,Friday,19
1148,2024-03-22,22,3,2024,Friday,20
1149,2024-03-23,23,3,2024,Saturday,7
1150,2024-03-23,23,3,2024,Saturday,8
1151,2024-03-23,23,3,2024,Saturday,9
1152,2024-03-23,23,3,2024,Saturday,10
1153,2024-03-23,23,3,2024,Saturday,11
1154,2024-03-23,23,3,2024,Saturday,12
1155,2024-03-23,23,3,2024,Saturday,13
1156,2024-03-23,23,3,2024,Saturday,14
1157,2024-03-23,23,3,2024,Saturday,15
1158,2024-03-23,23,3,2024,Saturday,16
1159,2024-03-23,23,3,2024,Saturday,17
1160,2024-03-23,23,3,2024,Saturday,18
1161,2024-03-23,23,3,2024,Saturday,19
1162,2024-03-23,23,3,2024,Saturday,20
1163,2024-03-24,24,3,2024,Sunday,7
1164,2024-03-24,24,3,2024,Sunday,8
1165,2024-03-24,24,3,2024,Sunday,9
1166,2024-03-24,24,3,2024,Sunday,10
1167,2024-03-24,24,3,2024,Sunday,11
1168,2024-03-24,24,3,2024,Sunday,12
1169,2024-03-24,24,3,2024,Sunday,13
1170,2024-03-24,24,3,2024,Sunday,14
1171,2024-03-24,24,3,2024,Sunday,15
1172,2024-03-24,24,3,2024,Sunday,16
1173,2024-03-24,24,3,2024,Sunday,17
1174,2024-03-24,24,3,2024,Sunday,18
1175,2024-03-24,24,3,2024,Sunday,19
1176,2024-03-24,24,3,2024,Sunday,20
1177,2024-03-25,25,3,2024,Monday,7
1178,2024-03-25,25,3,2024,Monday,8
1179,2024-03-25,25,3,2024,Monday,9
1180,2024-03-25,25,3,2024,Monday,10
1181,2024-03-25,25,3,2024,Monday,11
1182,2024-03-25,25,3,2024,Monday,12
1183,2024-03-25,25,3,2024,Monday,13
1184,2024-03-25,25,3,2024,Monday,14
1185,2024-03-25,25,3,2024,Monday,15
1186,2024-03-25,25,3,2024,Monday,16
1187,2024-03-25,25,3,2024,Monday,17
1188,2024-03-25,25,3,2024,Monday,18
1189,2024-03-25,25,3,2024,Monday,19
1190,2024-03-25,25,3,2024,Monday,20
1191,2024-03-26,26,3,2024,Tuesday,7
1192,2024-03-26,26,3,2024,Tuesday,8
1193,2024-03-26,26,3,2024,Tuesday,9
1194,2024-03-26,26,3,2024,Tuesday,10
1195,2024-03-26,26,3,2024,Tuesday,11
1196,2024-03-26,26,3,2024,Tuesday,12
1197,2024-03-26,26,3,2024,Tuesday,13
1198,2024-03-26,26,3,2024,Tuesday,14
1199,2024-03-26,26,3,2024,Tuesday,15
1200,2024-03-26,26,3,2024,Tuesday,16
1201,2024-03-26,26,3,2024,Tuesday,17
1202,2024-03-26,26,3,2024,Tuesday,18
1203,2024-03-26,26,3,2024,Tuesday,19
1204,2024-03-26,26,3,2024,Tuesday,20
1205,2024-03-27,27,3,2024,Wednesday,7
1206,2024-03-27,27,3,2024,Wednesday,8
1207,2024-03-27,27,3,2024,Wednesday,9
1208,2024-03-27,27,3,2024,Wednesday,10
1209,2024-03-27,27,3,2024,Wednesday,11
1210,2024-03-27,27,3,2024,Wednesday,12
1211,2024-03-27,27,3,2024,Wednesday,13
1212,2024-03-27,27,3,2024,Wednesday,14
1213,2024-03-27,27,3,2024,Wednesday,15
1214,2024-03-27,27,3,2024,Wednesday,16
1215,2024-03-27,27,3,2024,Wednesday,17
1216,2024-03-27,27,3,2024,Wednesday,18
1217,2024-03-27,27,3,2024,Wednesday,19
1218,2024-03-27,27,3,2024,Wednesday,20
1219,2024-03-28,28,3,2024,Thursday,7
1220,2024-03-28,28,3,2024,Thursday,8
1221,2024-03-28,28,3,2024,Thursday,9
1222,2024-03-28,28,3,2024,Thursday,10
1223,2024-03-28,28,3,2024,Thursday,11
1224,2024-03-28,28,3,2024,Thursday,12
1225,2024-03-28,28,3,2024,Thursday,13
1226,2024-03-28,28,3,2024,Thursday,14
1227,2024-03-28,28,3,2024,Thursday,15
1228,2024-03-28,28,3,2024,Thursday,16
1229,2024-03-28,28,3,2024,Thursday,17
1230,2024-03-28,28,3,2024,Thursday,18
1231,2024-03-28,28,3,2024,Thursday,19
1232,2024-03-28,28,3,2024,Thursday,20
1233,2024-03-29,29,3,2024,Friday,7
1234,2024-03-29,29,3,2024,Friday,8
1235,2024-03-29,29,3,2024,Friday,9
1236,2024-03-29,29,3,2024,Friday,10
1237,2024-03-29,29,3,2024,Friday,11
1238,2024-03-29,29,3,2024,Friday,12
1239,2024-03-29,29,3,2024,Friday,13
1240,2024-03-29,29,3,2024,Friday,14
1241,2024-03-29,29,3,2024,Friday,15
1242,2024-03-29,29,3,2024,Friday,16
1243,2024-03-29,29,3,2024,Friday,17
1244,2024-03-29,29,3,2024,Friday,18
1245,2024-03-29,29,3,2024,Friday,19
1246,2024-03-29,29,3,2024,Friday,20
1247,2024-03-30,30,3,2024,Saturday,7
1248,2024-03-30,30,3,2024,Saturday,8
1249,2024-03-30,30,3,2024,Saturday,9
1250,2024-03-30,30,3,2024,Saturday,10
1251,2024-03-30,30,3,2024,Saturday,11
1252,2024-03-30,30,3,2024,Saturday,12
1253,2024-03-30,30,3,2024,Saturday,13
1254,2024-03-30,30,3,2024,Saturday,14
1255,2024-03-30,30,3,2024,Saturday,15
1256,2024-03-30,30,3,2024,Saturday,16
1257,2024-03-30,30,3,2024,Saturday,17
1258,2024-03-30,30,3,2024,Saturday,18
1259,2024-03-30,30,3,2024,Saturday,19
1260,2024-03-30,30,3,2024,Saturday,20
1261,2024-03-31,31,3,2024,Sunday,7
1262,2024-03-31,31,3,2024,Sunday,8
1263,2024-03-31,31,3,2024,Sunday,9
1264,2024-03-31,31,3,2024,Sunday,10
1265,2024-03-31,31,3,2024,Sunday,11
1266,2024-03-31,31,3,2024,Sunday,12
1267,2024-03-31,31,3,2024,Sunday,13
1268,2024-03-31,31,3,2024,Sunday,14
1269,2024-03-31,31,3,2024,Sunday,15
1270,2024-03-31,31,3,2024,Sunday,16
1271,2024-03-31,31,3,2024,Sunday,17
1272,2024-03-31,31,3,2024,Sunday,18
1273,2024-03-31,31,3,2024,Sunday,19
1274,2024-03-31,31,3,2024,Sunday,20
1275,2024-04-01,1,4,2024,Monday,7
1276,2024-04-01,1,4,2024,Monday,8
1277,2024-04-01,1,4,2024,Monday,9
1278,2024-04-01,1,4,2024,Monday,10
1279,2024-04-01,1,4,2024,Monday,11
1280,2024-04-01,1,4,2024,Monday,12
1281,2024-04-01,1,4,2024,Monday,13
1282,2024-04-01,1,4,2024,Monday,14
1283,2024-04-01,1,4,2024,Monday,15
1284,2024-04-01,1,4,2024,Monday,16
1285,2024-04-01,1,4,2024,Monday,17
1286,2024-04-01,1,4,2024,Monday,18
1287,2024-04-01,1,4,2024,Monday,19
1288,2024-04-01,1,4,2024,Monday,20
1289,2024-04-02,2,4,2024,Tuesday,7
1290,2024-04-02,2,4,2024,Tuesday,8
1291,2024-04-02,2,4,2024,Tuesday,9
1292,2024-04-02,2,4,2024,Tuesday,10
1293,2024-04-02,2,4,2024,Tuesday,11
1294,2024-04-02,2,4,2024,Tuesday,12
1295,2024-04-02,2,4,2024,Tuesday,13
1296,2024-04-02,2,4,2024,Tuesday,14
1297,2024-04-02,2,4,2024,Tuesday,15
1298,2024-04-02,2,4,2024,Tuesday,16
1299,2024-04-02,2,4,2024,Tuesday,17
1300,2024-04-02,2,4,2024,Tuesday,18
1301,2024-04-02,2,4,2024,Tuesday,19
1302,2024-04-02,2,4,2024,Tuesday,20
1303,2024-04-03,3,4,2024,Wednesday,7
1304,2024-04-03,3,4,2024,Wednesday,8
1305,2024-04-03,3,4,2024,Wednesday,9
1306,2024-04-03,3,4,2024,Wednesday,10
1307,2024-04-03,3,4,2024,Wednesday,11
1308,2024-04-03,3,4,2024,Wednesday,12
1309,2024-04-03,3,4,2024,Wednesday,13
1310,2024-04-03,3,4,2024,Wednesday,14
1311,2024-04-03,3,4,2024,Wednesday,15
1312,2024-04-03,3,4,2024,Wednesday,16
1313,2024-04-03,3,4,2024,Wednesday,17
1314,2024-04-03,3,4,2024,Wednesday,18
1315,2024-04-03,3,4,2024,Wednesday,19
1316,2024-04-03,3,4,2024,Wednesday,20
1317,2024-04-04,4,4,2024,Thursday,7
1318,2024-04-04,4,4,2024,Thursday,8
1319,2024-04-04,4,4,2024,Thursday,9
1320,2024-04-04,4,4,2024,Thursday,10
1321,2024-04-04,4,4,2024,Thursday,11
1322,2024-04-04,4,4,2024,Thursday,12
1323,2024-04-04,4,4,2024,Thursday,13
1324,2024-04-04,4,4,2024,Thursday,14
1325,2024-04-04,4,4,2024,Thursday,15
1326,2024-04-04,4,4,2024,Thursday,16
1327,2024-04-04,4,4,2024,Thursday,17
1328,2024-04-04,4,4,2024,Thursday,18
1329,2024-04-04,4,4,2024,Thursday,19
1330,2024-04-04,4,4,2024,Thursday,20
1331,2024-04-05,5,4,2024,Friday,7
1332,2024-04-05,5,4,2024,Friday,8
1333,2024-04-05,5,4,2024,Friday,9
1334,2024-04-05,5,4,2024,Friday,10
1335,2024-04-05,5,4,2024,Friday,11
1336,2024-04-05,5,4,2024,Friday,12
1337,2024-04-05,5,4,2024,Friday,13
1338,2024-04-05,5,4,2024,Friday,14
1339,2024-04-05,5,4,2024,Friday,15
1340,2024-04-05,5,4,2024,Friday,16
1341,2024-04-05,5,4,2024,Friday,17
1342,2024-04-05,5,4,2024,Friday,18
1343,2024-04-05,5,4,2024,Friday,19
1344,2024-04-05,5,4,2024,Friday,20
1345,2024-04-06,6,4,2024,Saturday,7
1346,2024-04-06,6,4,2024,Saturday,8
1347,2024-04-06,6,4,2024,Saturday,9
1348,2024-04-06,6,4,2024,Saturday,10
1349,2024-04-06,6,4,2024,Saturday,11
1350,2024-04-06,6,4,2024,Saturday,12
1351,2024-04-06,6,4,2024,Saturday,13
1352,2024-04-06,6,4,2024,Saturday,14
1353,2024-04-06,6,4,2024,Saturday,15
1354,2024-04-06,6,4,2024,Saturday,16
1355,2024-04-06,6,4,2024,Saturday,17
1356,2024-04-06,6,4,2024,Saturday,18
1357,2024-04-06,6,4,2024,Saturday,19
1358,2024-04-06,6,4,2024,Saturday,20
1359,2024-04-07,7,4,2024,Sunday,7
1360,2024-04-07,7,4,2024,Sunday,8
1361,2024-04-07,7,4,2024,Sunday,9
1362,2024-04-07,7,4,2024,Sunday,10
1363,2024-04-07,7,4,2024,Sunday,11
1364,2024-04-07,7,4,2024,Sunday,12
1365,2024-04-07,7,4,2024,Sunday,13
1366,2024-04-07,7,4,2024,Sunday,14
1367,2024-04-07,7,4,2024,Sunday,15
1368,2024-04-07,7,4,2024,Sunday,16
1369,2024-04-07,7,4,2024,Sunday,17
1370,2024-04-07,7,4,2024,Sunday,18
1371,2024-04-07,7,4,2024,Sunday,19
1372,2024-04-07,7,4,2024,Sunday,20
1373,2024-04-08,8,4,2024,Monday,7
1374,2024-04-08,8,4,2024,Monday,8
1375,2024-04-08,8,4,2024,Monday,9
1376,2024-04-08,8,4,2024,Monday,10
1377,2024-04-08,8,4,2024,Monday,11
1378,2024-04-08,8,4,2024,Monday,12
1379,2024-04-08,8,4,2024,Monday,13
1380,2024-04-08,8,4,2024,Monday,14
1381,2024-04-08,8,4,2024,Monday,15
1382,2024-04-08,8,4,2024,Monday,16
1383,2024-04-08,8,4,2024,Monday,17
1384,2024-04-08,8,4,2024,Monday,18
1385,2024-04-08,8,4,2024,Monday,19
1386,2024-04-08,8,4,2024,Monday,20
1387,2024-04-09,9,4,2024,Tuesday,7
1388,2024-04-09,9,4,2024,Tuesday,8
1389,2024-04-09,9,4,2024,Tuesday,9
1390,2024-04-09,9,4,2024,Tuesday,10
1391,2024-04-09,9,4,2024,Tuesday,11
1392,2024-04-09,9,4,2024,Tuesday,12
1393,2024-04-09,9,4,2024,Tuesday,13
1394,2024-04-09,9,4,2024,Tuesday,14
1395,2024-04-09,9,4,2024,Tuesday,15
1396,2024-04-09,9,4,2024,Tuesday,16
1397,2024-04-09,9,4,2024,Tuesday,17
1398,2024-04-09,9,4,2024,Tuesday,18
1399,2024-04-09,9,4,2024,Tuesday,19
1400,2024-04-09,9,4,2024,Tuesday,20
1401,2024-04-10,10,4,2024,Wednesday,7
1402,2024-04-10,10,4,2024,Wednesday,8
1403,2024-04-10,10,4,2024,Wednesday,9
1404,2024-04-10,10,4,2024,Wednesday,10
1405,2024-04-10,10,4,2024,Wednesday,11
1406,2024-04-10,10,4,2024,Wednesday,12
1407,2024-04-10,10,4,2024,Wednesday,13
1408,2024-04-10,10,4,2024,Wednesday,14
1409,2024-04-10,10,4,2024,Wednesday,15
1410,2024-04-10,10,4,2024,Wednesday,16
1411,2024-04-10,10,4,2024,Wednesday,17
1412,2024-04-10,10,4,2024,Wednesday,18
1413,2024-04-10,10,4,2024,Wednesday,19
1414,2024-04-10,10,4,2024,Wednesday,20
1415,2024-04-11,11,4,2024,Thursday,7
1416,2024-04-11,11,4,2024,Thursday,8
1417,2024-04-11,11,4,2024,Thursday,9
1418,2024-04-11,11,4,2024,Thursday,10
1419,2024-04-11,11,4,2024,Thursday,11
1420,2024-04-11,11,4,2024,Thursday,12
1421,2024-04-11,11,4,2024,Thursday,13
1422,2024-04-11,11,4,2024,Thursday,14
1423,2024-04-11,11,4,2024,Thursday,15
1424,2024-04-11,11,4,2024,Thursday,16
1425,2024-04-11,11,4,2024,Thursday,17
1426,2024-04-11,11,4,2024,Thursday,18
1427,2024-04-11,11,4,2024,Thursday,19
1428,2024-04-11,11,4,2024,Thursday,20
1429,2024-04-12,12,4,2024,Friday,7
1430,2024-04-12,12,4,2024,Friday,8
1431,2024-04-12,12,4,2024,Friday,9
1432,2024-04-12,12,4,2024,Friday,10
1433,2024-04-12,12,4,2024,Friday,11
1434,2024-04-12,12,4,2024,Friday,12
1435,2024-04-12,12,4,2024,Friday,13
1436,2024-04-12,12,4,2024,Friday,14
1437,2024-04-12,12,4,2024,Friday,15
1438,2024-04-12,12,4,2024,Friday,16
1439,2024-04-12,12,4,2024,Friday,17
1440,2024-04-12,12,4,2024,Friday,18
1441,2024-04-12,12,4,2024,Friday,19
1442,2024-04-12,12,4,2024,Friday,20
1443,2024-04-13,13,4,2024,Saturday,7
1444,2024-04-13,13,4,2024,Saturday,8
1445,2024-04-13,13,4,2024,Saturday,9
1446,2024-04-13,13,4,2024,Saturday,10
1447,2024-04-13,13,4,2024,Saturday,11
1448,2024-04-13,13,4,2024,Saturday,12
1449,2024-04-13,13,4,2024,Saturday,13
1450,2024-04-13,13,4,2024,Saturday,14
1451,2024-04-13,13,4,2024,Saturday,15
1452,2024-04-13,13,4,2024,Saturday,16
1453,2024-04-13,13,4,2024,Saturday,17
1454,2024-04-13,13,4,2024,Saturday,18
1455,2024-04-13,13,4,2024,Saturday,19
1456,2024-04-13,13,4,2024,Saturday,20
1457,2024-04-14,14,4,2024,Sunday,7
1458,2024-04-14,14,4,2024,Sunday,8
1459,2024-04-14,14,4,2024,Sunday,9
1460,2024-04-14,14,4,2024,Sunday,10
1461,2024-04-14,14,4,2024,Sunday,11
1462,2024-04-14,14,4,2024,Sunday,12
1463,2024-04-14,14,4,2024,Sunday,13
1464,2024-04-14,14,4,2024,Sunday,14
1465,2024-04-14,14,4,2024,Sunday,15
1466,2024-04-14,14,4,2024,Sunday,16
1467,2024-04-14,14,4,2024,Sunday,17
1468,2024-04-14,14,4,2024,Sunday,18
1469,2024-04-14,14,4,2024,Sunday,19
1470,2024-04-14,14,4,2024,Sunday,20
1471,2024-04-15,15,4,2024,Monday,7
1472,2024-04-15,15,4,2024,Monday,8
1473,2024-04-15,15,4,2024,Monday,9
1474,2024-04-15,15,4,2024,Monday,10
1475,2024-04-15,15,4,2024,Monday,11
1476,2024-04-15,15,4,2024,Monday,12
1477,2024-04-15,15,4,2024,Monday,13
1478,2024-04-15,15,4,2024,Monday,14
1479,2024-04-15,15,4,2024,Monday,15
1480,2024-04-15,15,4,2024,Monday,16
1481,2024-04-15,15,4,2024,Monday,17
1482,2024-04-15,15,4,2024,Monday,18
1483,2024-04-15,15,4,2024,Monday,19
1484,2024-04-15,15,4,2024,Monday,20
1485,2024-04-16,16,4,2024,Tuesday,7
1486,2024-04-16,16,4,2024,Tuesday,8
1487,2024-04-16,16,4,2024,Tuesday,9
1488,2024-04-16,16,4,2024,Tuesday,10
1489,2024-04-16,16,4,2024,Tuesday,11
1490,2024-04-16,16,4,2024,Tuesday,12
1491,2024-04-16,16,4,2024,Tuesday,13
1492,2024-04-16,16,4,2024,Tuesday,14
1493,2024-04-16,16,4,2024,Tuesday,15
1494,2024-04-16,16,4,2024,Tuesday,16
1495,2024-04-16,16,4,2024,Tuesday,17
1496,2024-04-16,16,4,2024,Tuesday,18
1497,2024-04-16,16,4,2024,Tuesday,19
1498,2024-04-16,16,4,2024,Tuesday,20
1499,2024-04-17,17,4,2024,Wednesday,7
1500,2024-04-17,17,4,2024,Wednesday,8
1501,2024-04-17,17,4,2024,Wednesday,9
1502,2024-04-17,17,4,2024,Wednesday,10
1503,2024-04-17,17,4,2024,Wednesday,11
1504,2024-04-17,17,4,2024,Wednesday,12
1505,2024-04-17,17,4,2024,Wednesday,13
1506,2024-04-17,17,4,2024,Wednesday,14
1507,2024-04-17,17,4,2024,Wednesday,15
1508,2024-04-17,17,4,2024,Wednesday,16
1509,2024-04-17,17,4,2024,Wednesday,17
1510,2024-04-17,17,4,2024,Wednesday,18
1511,2024-04-17,17,4,2024,Wednesday,19
1512,2024-04-17,17,4,2024,Wednesday,20
1513,2024-04-18,18,4,2024,Thursday,7
1514,2024-04-18,18,4,2024,Thursday,8
1515,2024-04-18,18,4,2024,Thursday,9
1516,2024-04-18,18,4,2024,Thursday,10
1517,2024-04-18,18,4,2024,Thursday,11
1518,2024-04-18,18,4,2024,Thursday,12
1519,2024-04-18,18,4,2024,Thursday,13
1520,2024-04-18,18,4,2024,Thursday,14
1521,2024-04-18,18,4,2024,Thursday,15
1522,2024-04-18,18,4,2024,Thursday,16
1523,2024-04-18,18,4,2024,Thursday,17
1524,2024-04-18,18,4,2024,Thursday,18
1525,2024-04-18,18,4,2024,Thursday,19
1526,2024-04-18,18,4,2024,Thursday,20
1527,2024-04-19,19,4,2024,Friday,7
1528,2024-04-19,19,4,2024,Friday,8
1529,2024-04-19,19,4,2024,Friday,9
1530,2024-04-19,19,4,2024,Friday,10
1531,2024-04-19,19,4,2024,Friday,11
1532,2024-04-19,19,4,2024,Friday,12
1533,2024-04-19,19,4,2024,Friday,13
1534,2024-04-19,19,4,2024,Friday,14
1535,2024-04-19,19,4,2024,Friday,15
1536,2024-04-19,19,4,2024,Friday,16
1537,2024-04-19,19,4,2024,Friday,17
1538,2024-04-19,19,4,2024,Friday,18
1539,2024-04-19,19,4,2024,Friday,19
1540,2024-04-19,19,4,2024,Friday,20
1541,2024-04-20,20,4,2024,Saturday,7
1542,2024-04-20,20,4,2024,Saturday,8
1543,2024-04-20,20,4,2024,Saturday,9
1544,2024-04-20,20,4,2024,Saturday,10
1545,2024-04-20,20,4,2024,Saturday,11
1546,2024-04-20,20,4,2024,Saturday,12
1547,2024-04-20,20,4,2024,Saturday,13
1548,2024-04-20,20,4,2024,Saturday,14
1549,2024-04-20,20,4,2024,Saturday,15
1550,2024-04-20,20,4,2024,Saturday,16
1551,2024-04-20,20,4,2024,Saturday,17
1552,2024-04-20,20,4,2024,Saturday,18
1553,2024-04-20,20,4,2024,Saturday,19
1554,2024-04-20,20,4,2024,Saturday,20
1555,2024-04-21,21,4,2024,Sunday,7
1556,2024-04-21,21,4,2024,Sunday,8
1557,2024-04-21,21,4,2024,Sunday,9
1558,2024-04-21,21,4,2024,Sunday,10
1559,2024-04-21,21,4,2024,Sunday,11
1560,2024-04-21,21,4,2024,Sunday,12
1561,2024-04-21,21,4,2024,Sunday,13
1562,2024-04-21,21,4,2024,Sunday,14
1563,2024-04-21,21,4,2024,Sunday,15
1564,2024-04-21,21,4,2024,Sunday,16
1565,2024-04-21,21,4,2024,Sunday,17
1566,2024-04-21,21,4,2024,Sunday,18
1567,2024-04-21,21,4,2024,Sunday,19
1568,2024-04-21,21,4,2024,Sunday,20
1569,2024-04-22,22,4,2024,Monday,7
1570,2024-04-22,22,4,2024,Monday,8
1571,2024-04-22,22,4,2024,Monday,9
1572,2024-04-22,22,4,2024,Monday,10
1573,2024-04-22,22,4,2024,Monday,11
1574,2024-04-22,22,4,2024,Monday,12
1575,2024-04-22,22,4,2024,Monday,13
1576,2024-04-22,22,4,2024,Monday,14
1577,2024-04-22,22,4,2024,Monday,15
1578,2024-04-22,22,4,2024,Monday,16
1579,2024-04-22,22,4,2024,Monday,17
1580,2024-04-22,22,4,2024,Monday,18
1581,2024-04-22,22,4,2024,Monday,19
1582,2024-04-22,22,4,2024,Monday,20
1583,2024-04-23,23,4,2024,Tuesday,7
1584,2024-04-23,23,4,2024,Tuesday,8
1585,2024-04-23,23,4,2024,Tuesday,9
1586,2024-04-23,23,4,2024,Tuesday,10
1587,2024-04-23,23,4,2024,Tuesday,11
1588,2024-04-23,23,4,2024,Tuesday,12
1589,2024-04-23,23,4,2024,Tuesday,13
1590,2024-04-23,23,4,2024,Tuesday,14
1591,2024-04-23,23,4,2024,Tuesday,15
1592,2024-04-23,23,4,2024,Tuesday,16
1593,2024-04-23,23,4,2024,Tuesday,17
1594,2024-04-23,23,4,2024,Tuesday,18
1595,2024-04-23,23,4,2024,Tuesday,19
1596,2024-04-23,23,4,2024,Tuesday,20
1597,2024-04-24,24,4,2024,Wednesday,7
1598,2024-04-24,24,4,2024,Wednesday,8
1599,2024-04-24,24,4,2024,Wednesday,9
1600,2024-04-24,24,4,2024,Wednesday,10
1601,2024-04-24,24,4,2024,Wednesday,11
1602,2024-04-24,24,4,2024,Wednesday,12
1603,2024-04-24,24,4,2024,Wednesday,13
1604,2024-04-24,24,4,2024,Wednesday,14
1605,2024-04-24,24,4,2024,Wednesday,15
1606,2024-04-24,24,4,2024,Wednesday,16
1607,2024-04-24,24,4,2024,Wednesday,17
1608,2024-04-24,24,4,2024,Wednesday,18
1609,2024-04-24,24,4,2024,Wednesday,19
1610,2024-04-24,24,4,2024,Wednesday,20
1611,2024-04-25,25,4,2024,Thursday,7
1612,2024-04-25,25,4,2024,Thursday,8
1613,2024-04-25,25,4,2024,Thursday,9
1614,2024-04-25,25,4,2024,Thursday,10
1615,2024-04-25,25,4,2024,Thursday,11
1616,2024-04-25,25,4,2024,Thursday,12
1617,2024-04-25,25,4,2024,Thursday,13
1618,2024-04-25,25,4,2024,Thursday,14
1619,2024-04-25,25,4,2024,Thursday,15
1620,2024-04-25,25,4,2024,Thursday,16
1621,2024-04-25,25,4,2024,Thursday,17
1622,2024-04-25,25,4,2024,Thursday,18
1623,2024-04-25,25,4,2024,Thursday,19
1624,2024-04-25,25,4,2024,Thursday,20
1625,2024-04-26,26,4,2024,Friday,7
1626,2024-04-26,26,4,2024,Friday,8
1627,2024-04-26,26,4,2024,Friday,9
1628,2024-04-26,26,4,2024,Friday,10
1629,2024-04-26,26,4,2024,Friday,11
1630,2024-04-26,26,4,2024,Friday,12
1631,2024-04-26,26,4,2024,Friday,13
1632,2024-04-26,26,4,2024,Friday,14
1633,2024-04-26,26,4,2024,Friday,15
1634,2024-04-26,26,4,2024,Friday,16
1635,2024-04-26,26,4,2024,Friday,17
1636,2024-04-26,26,4,2024,Friday,18
1637,2024-04-26,26,4,2024,Friday,19
1638,2024-04-26,26,4,2024,Friday,20
1639,2024-04-27,27,4,2024,Saturday,7
1640,2024-04-27,27,4,2024,Saturday,8
1641,2024-04-27,27,4,2024,Saturday,9
1642,2024-04-27,27,4,2024,Saturday,10
1643,2024-04-27,27,4,2024,Saturday,11
1644,2024-04-27,27,4,2024,Saturday,12
1645,2024-04-27,27,4,2024,Saturday,13
1646,2024-04-27,27,4,2024,Saturday,14
1647,2024-04-27,27,4,2024,Saturday,15
1648,2024-04-27,27,4,2024,Saturday,16
1649,2024-04-27,27,4,2024,Saturday,17
1650,2024-04-27,27,4,2024,Saturday,18
1651,2024-04-27,27,4,2024,Saturday,19
1652,2024-04-27,27,4,2024,Saturday,20
1653,2024-04-28,28,4,2024,Sunday,7
1654,2024-04-28,28,4,2024,Sunday,8
1655,2024-04-28,28,4,2024,Sunday,9
1656,2024-04-28,28,4,2024,Sunday,10
1657,2024-04-28,28,4,2024,Sunday,11
1658,2024-04-28,28,4,2024,Sunday,12
1659,2024-04-28,28,4,2024,Sunday,13
1660,2024-04-28,28,4,2024,Sunday,14
1661,2024-04-28,28,4,2024,Sunday,15
1662,2024-04-28,28,4,2024,Sunday,16
1663,2024-04-28,28,4,2024,Sunday,17
1664,2024-04-28,28,4,2024,Sunday,18
1665,2024-04-28,28,4,2024,Sunday,19
1666,2024-04-28,28,4,2024,Sunday,20
1667,2024-04-29,29,4,2024,Monday,7
1668,2024-04-29,29,4,2024,Monday,8
1669,2024-04-29,29,4,2024,Monday,9
1670,2024-04-29,29,4,2024,Monday,10
1671,2024-04-29,29,4,2024,Monday,11
1672,2024-04-29,29,4,2024,Monday,12
1673,2024-04-29,29,4,2024,Monday,13
1674,2024-04-29,29,4,2024,Monday,14
1675,2024-04-29,29,4,2024,Monday,15
1676,2024-04-29,29,4,2024,Monday,16
1677,2024-04-29,29,4,2024,Monday,17
1678,2024-04-29,29,4,2024,Monday,18
1679,2024-04-29,29,4,2024,Monday,19
1680,2024-04-29,29,4,2024,Monday,20
1681,2024-04-30,30,4,2024,Tuesday,7
1682,2024-04-30,30,4,2024,Tuesday,8
1683,2024-04-30,30,4,2024,Tuesday,9
1684,2024-04-30,30,4,2024,Tuesday,10
1685,2024-04-30,30,4,2024,Tuesday,11
1686,2024-04-30,30,4,2024,Tuesday,12
1687,2024-04-30,30,4,2024,Tuesday,13
1688,2024-04-30,30,4,2024,Tuesday,14
1689,2024-04-30,30,4,2024,Tuesday,15
1690,2024-04-30,30,4,2024,Tuesday,16
1691,2024-04-30,30,4,2024,Tuesday,17
1692,2024-04-30,30,4,2024,Tuesday,18
1693,2024-04-30,30,4,2024,Tuesday,19
1694,2024-04-30,30,4,2024,Tuesday,20
1695,2024-05-01,1,5,2024,Wednesday,7
1696,2024-05-01,1,5,2024,Wednesday,8
1697,2024-05-01,1,5,2024,Wednesday,9
1698,2024-05-01,1,5,2024,Wednesday,10
1699,2024-05-01,1,5,2024,Wednesday,11
1700,2024-05-01,1,5,2024,Wednesday,12
1701,2024-05-01,1,5,2024,Wednesday,13
1702,2024-05-01,1,5,2024,Wednesday,14
1703,2024-05-01,1,5,2024,Wednesday,15
1704,2024-05-01,1,5,2024,Wednesday,16
1705,2024-05-01,1,5,2024,Wednesday,17
1706,2024-05-01,1,5,2024,Wednesday,18
1707,2024-05-01,1,5,2024,Wednesday,19
1708,2024-05-01,1,5,2024,Wednesday,20
1709,2024-05-02,2,5,2024,Thursday,7
1710,2024-05-02,2,5,2024,Thursday,8
1711,2024-05-02,2,5,2024,Thursday,9
1712,2024-05-02,2,5,2024,Thursday,10
1713,2024-05-02,2,5,2024,Thursday,11
1714,2024-05-02,2,5,2024,Thursday,12
1715,2024-05-02,2,5,2024,Thursday,13
1716,2024-05-02,2,5,2024,Thursday,14
1717,2024-05-02,2,5,2024,Thursday,15
1718,2024-05-02,2,5,2024,Thursday,16
1719,2024-05-02,2,5,2024,Thursday,17
1720,2024-05-02,2,5,2024,Thursday,18
1721,2024-05-02,2,5,2024,Thursday,19
1722,2024-05-02,2,5,2024,Thursday,20
1723,2024-05-03,3,5,2024,Friday,7
1724,2024-05-03,3,5,2024,Friday,8
1725,2024-05-03,3,5,2024,Friday,9
1726,2024-05-03,3,5,2024,Friday,10
1727,2024-05-03,3,5,2024,Friday,11
1728,2024-05-03,3,5,2024,Friday,12
1729,2024-05-03,3,5,2024,Friday,13
1730,2024-05-03,3,5,2024,Friday,14
1731,2024-05-03,3,5,2024,Friday,15
1732,2024-05-03,3,5,2024,Friday,16
1733,2024-05-03,3,5,2024,Friday,17
1734,2024-05-03,3,5,2024,Friday,18
1735,2024-05-03,3,5,2024,Friday,19
1736,2024-05-03,3,5,2024,Friday,20
1737,2024-05-04,4,5,2024,Saturday,7
1738,2024-05-04,4,5,2024,Saturday,8
1739,2024-05-04,4,5,2024,Saturday,9
1740,2024-05-04,4,5,2024,Saturday,10
1741,2024-05-04,4,5,2024,Saturday,11
1742,2024-05-04,4,5,2024,Saturday,12
1743,2024-05-04,4,5,2024,Saturday,13
1744,2024-05-04,4,5,2024,Saturday,14
1745,2024-05-04,4,5,2024,Saturday,15
1746,2024-05-04,4,5,2024,Saturday,16
1747,2024-05-04,4,5,2024,Saturday,17
1748,2024-05-04,4,5,2024,Saturday,18
1749,2024-05-04,4,5,2024,Saturday,19
1750,2024-05-04,4,5,2024,Saturday,20
1751,2024-05-05,5,5,2024,Sunday,7
1752,2024-05-05,5,5,2024,Sunday,8
1753,2024-05-05,5,5,2024,Sunday,9
1754,2024-05-05,5,5,2024,Sunday,10
1755,2024-05-05,5,5,2024,Sunday,11
1756,2024-05-05,5,5,2024,Sunday,12
1757,2024-05-05,5,5,2024,Sunday,13
1758,2024-05-05,5,5,2024,Sunday,14
1759,2024-05-05,5,5,2024,Sunday,15
1760,2024-05-05,5,5,2024,Sunday,16
1761,2024-05-05,5,5,2024,Sunday,17
1762,2024-05-05,5,5,2024,Sunday,18
1763,2024-05-05,5,5,2024,Sunday,19
1764,2024-05-05,5,5,2024,Sunday,20
1765,2024-05-06,6,5,2024,Monday,7
1766,2024-05-06,6,5,2024,Monday,8
1767,2024-05-06,6,5,2024,Monday,9
1768,2024-05-06,6,5,2024,Monday,10
1769,2024-05-06,6,5,2024,Monday,11
1770,2024-05-06,6,5,2024,Monday,12
1771,2024-05-06,6,5,2024,Monday,13
1772,2024-05-06,6,5,2024,Monday,14
1773,2024-05-06,6,5,2024,Monday,15
1774,2024-05-06,6,5,2024,Monday,16
1775,2024-05-06,6,5,2024,Monday,17
1776,2024-05-06,6,5,2024,Monday,18
1777,2024-05-06,6,5,2024,Monday,19
1778,2024-05-06,6,5,2024,Monday,20
1779,2024-05-07,7,5,2024,Tuesday,7
1780,2024-05-07,7,5,2024,Tuesday,8
1781,2024-05-07,7,5,2024,Tuesday,9
1782,2024-05-07,7,5,2024,Tuesday,10
1783,2024-05-07,7,5,2024,Tuesday,11
1784,2024-05-07,7,5,2024,Tuesday,12
1785,2024-05-07,7,5,2024,Tuesday,13
1786,2024-05-07,7,5,2024,Tuesday,14
1787,2024-05-07,7,5,2024,Tuesday,15
1788,2024-05-07,7,5,2024,Tuesday,16
1789,2024-05-07,7,5,2024,Tuesday,17
1790,2024-05-07,7,5,2024,Tuesday,18
1791,2024-05-07,7,5,2024,Tuesday,19
1792,2024-05-07,7,5,2024,Tuesday,20
1793,2024-05-08,8,5,2024,Wednesday,7
1794,2024-05-08,8,5,2024,Wednesday,8
1795,2024-05-08,8,5,2024,Wednesday,9
1796,2024-05-08,8,5,2024,Wednesday,10
1797,2024-05-08,8,5,2024,Wednesday,11
1798,2024-05-08,8,5,2024,Wednesday,12
1799,2024-05-08,8,5,2024,Wednesday,13
1800,2024-05-08,8,5,2024,Wednesday,14
1801,2024-05-08,8,5,2024,Wednesday,15
1802,2024-05-08,8,5,2024,Wednesday,16
1803,2024-05-08,8,5,2024,Wednesday,17
1804,2024-05-08,8,5,2024,Wednesday,18
1805,2024-05-08,8,5,2024,Wednesday,19
1806,2024-05-08,8,5,2024,Wednesday,20
1807,2024-05-09,9,5,2024,Thursday,7
1808,2024-05-09,9,5,2024,Thursday,8
1809,2024-05-09,9,5,2024,Thursday,9
1810,2024-05-09,9,5,2024,Thursday,10
1811,2024-05-09,9,5,2024,Thursday,11
1812,2024-05-09,9,5,2024,Thursday,12
1813,2024-05-09,9,5,2024,Thursday,13
1814,2024-05-09,9,5,2024,Thursday,14
1815,2024-05-09,9,5,2024,Thursday,15
1816,2024-05-09,9,5,2024,Thursday,16
1817,2024-05-09,9,5,2024,Thursday,17
1818,2024-05-09,9,5,2024,Thursday,18
1819,2024-05-09,9,5,2024,Thursday,19
1820,2024-05-09,9,5,2024,Thursday,20
1821,2024-05-10,10,5,2024,Friday,7
1822,2024-05-10,10,5,2024,Friday,8
1823,2024-05-10,10,5,2024,Friday,9
1824,2024-05-10,10,5,2024,Friday,10
1825,2024-05-10,10,5,2024,Friday,11
1826,2024-05-10,10,5,2024,Friday,12
1827,2024-05-10,10,5,2024,Friday,13
1828,2024-05-10,10,5,2024,Friday,14
1829,2024-05-10,10,5,2024,Friday,15
1830,2024-05-10,10,5,2024,Friday,16
1831,2024-05-10,10,5,2024,Friday,17
1832,2024-05-10,10,5,2024,Friday,18
1833,2024-05-10,10,5,2024,Friday,19
1834,2024-05-10,10,5,2024,Friday,20
1835,2024-05-11,11,5,2024,Saturday,7
1836,2024-05-11,11,5,2024,Saturday,8
1837,2024-05-11,11,5,2024,Saturday,9
1838,2024-05-11,11,5,2024,Saturday,10
1839,2024-05-11,11,5,2024,Saturday,11
1840,2024-05-11,11,5,2024,Saturday,12
1841,2024-05-11,11,5,2024,Saturday,13
1842,2024-05-11,11,5,2024,Saturday,14
1843,2024-05-11,11,5,2024,Saturday,15
1844,2024-05-11,11,5,2024,Saturday,16
1845,2024-05-11,11,5,2024,Saturday,17
1846,2024-05-11,11,5,2024,Saturday,18
1847,2024-05-11,11,5,2024,Saturday,19
1848,2024-05-11,11,5,2024,Saturday,20
1849,2024-05-12,12,5,2024,Sunday,7
1850,2024-05-12,12,5,2024,Sunday,8
1851,2024-05-12,12,5,2024,Sunday,9
1852,2024-05-12,12,5,2024,Sunday,10
1853,2024-05-12,12,5,2024,Sunday,11
1854,2024-05-12,12,5,2024,Sunday,12
1855,2024-05-12,12,5,2024,Sunday,13
1856,2024-05-12,12,5,2024,Sunday,14
1857,2024-05-12,12,5,2024,Sunday,15
1858,2024-05-12,12,5,2024,Sunday,16
1859,2024-05-12,12,5,2024,Sunday,17
1860,2024-05-12,12,5,2024,Sunday,18
1861,2024-05-12,12,5,2024,Sunday,19
1862,2024-05-12,12,5,2024,Sunday,20
1863,2024-05-13,13,5,2024,Monday,7
1864,2024-05-13,13,5,2024,Monday,8
1865,2024-05-13,13,5,2024,Monday,9
1866,2024-05-13,13,5,2024,Monday,10
1867,2024-05-13,13,5,2024,Monday,11
1868,2024-05-13,13,5,2024,Monday,12
1869,2024-05-13,13,5,2024,Monday,13
1870,2024-05-13,13,5,2024,Monday,14
1871,2024-05-13,13,5,2024,Monday,15
1872,2024-05-13,13,5,2024,Monday,16
1873,2024-05-13,13,5,2024,Monday,17
1874,2024-05-13,13,5,2024,Monday,18
1875,2024-05-13,13,5,2024,Monday,19
1876,2024-05-13,13,5,2024,Monday,20
1877,2024-05-14,14,5,2024,Tuesday,7
1878,2024-05-14,14,5,2024,Tuesday,8
1879,2024-05-14,14,5,2024,Tuesday,9
1880,2024-05-14,14,5,2024,Tuesday,10
1881,2024-05-14,14,5,2024,Tuesday,11
1882,2024-05-14,14,5,2024,Tuesday,12
1883,2024-05-14,14,5,2024,Tuesday,13
1884,2024-05-14,14,5,2024,Tuesday,14
1885,2024-05-14,14,5,2024,Tuesday,15
1886,2024-05-14,14,5,2024,Tuesday,16
1887,2024-05-14,14,5,2024,Tuesday,17
1888,2024-05-14,14,5,2024,Tuesday,18
1889,2024-05-14,14,5,2024,Tuesday,19
1890,2024-05-14,14,5,2024,Tuesday,20
1891,2024-05-15,15,5,2024,Wednesday,7
1892,2024-05-15,15,5,2024,Wednesday,8
1893,2024-05-15,15,5,2024,Wednesday,9
1894,2024-05-15,15,5,2024,Wednesday,10
1895,2024-05-15,15,5,2024,Wednesday,11
1896,2024-05-15,15,5,2024,Wednesday,12
1897,2024-05-15,15,5,2024,Wednesday,13
1898,2024-05-15,15,5,2024,Wednesday,14
1899,2024-05-15,15,5,2024,Wednesday,15
1900,2024-05-15,15,5,2024,Wednesday,16
1901,2024-05-15,15,5,2024,Wednesday,17
1902,2024-05-15,15,5,2024,Wednesday,18
1903,2024-05-15,15,5,2024,Wednesday,19
1904,2024-05-15,15,5,2024,Wednesday,20
1905,2024-05-16,16,5,2024,Thursday,7
1906,2024-05-16,16,5,2024,Thursday,8
1907,2024-05-16,16,5,2024,Thursday,9
1908,2024-05-16,16,5,2024,Thursday,10
1909,2024-05-16,16,5,2024,Thursday,11
1910,2024-05-16,16,5,2024,Thursday,12
1911,2024-05-16,16,5,2024,Thursday,13
1912,2024-05-16,16,5,2024,Thursday,14
1913,2024-05-16,16,5,2024,Thursday,15
1914,2024-05-16,16,5,2024,Thursday,16
1915,2024-05-16,16,5,2024,Thursday,17
1916,2024-05-16,16,5,2024,Thursday,18
1917,2024-05-16,16,5,2024,Thursday,19
1918,2024-05-16,16,5,2024,Thursday,20
1919,2024-05-17,17,5,2024,Friday,7
1920,2024-05-17,17,5,2024,Friday,8
1921,2024-05-17,17,5,2024,Friday,9
1922,2024-05-17,17,5,2024,Friday,10
1923,2024-05-17,17,5,2024,Friday,11
1924,2024-05-17,17,5,2024,Friday,12
1925,2024-05-17,17,5,2024,Friday,13
1926,2024-05-17,17,5,2024,Friday,14
1927,2024-05-17,17,5,2024,Friday,15
1928,2024-05-17,17,5,2024,Friday,16
1929,2024-05-17,17,5,2024,Friday,17
1930,2024-05-17,17,5,2024,Friday,18
1931,2024-05-17,17,5,2024,Friday,19
1932,2024-05-17,17,5,2024,Friday,20
1933,2024-05-18,18,5,2024,Saturday,7
1934,2024-05-18,18,5,2024,Saturday,8
1935,2024-05-18,18,5,2024,Saturday,9
1936,2024-05-18,18,5,2024,Saturday,10
1937,2024-05-18,18,5,2024,Saturday,11
1938,2024-05-18,18,5,2024,Saturday,12
1939,2024-05-18,18,5,2024,Saturday,13
1940,2024-05-18,18,5,2024,Saturday,14
1941,2024-05-18,18,5,2024,Saturday,15
1942,2024-05-18,18,5,2024,Saturday,16
1943,2024-05-18,18,5,2024,Saturday,17
1944,2024-05-18,18,5,2024,Saturday,18
1945,2024-05-18,18,5,2024,Saturday,19
1946,2024-05-18,18,5,2024,Saturday,20
1947,2024-05-19,19,5,2024,Sunday,7
1948,2024-05-19,19,5,2024,Sunday,8
1949,2024-05-19,19,5,2024,Sunday,9
1950,2024-05-19,19,5,2024,Sunday,10
1951,2024-05-19,19,5,2024,Sunday,11
1952,2024-05-19,19,5,2024,Sunday,12
1953,2024-05-19,19,5,2024,Sunday,13
1954,2024-05-19,19,5,2024,Sunday,14
1955,2024-05-19,19,5,2024,Sunday,15
1956,2024-05-19,19,5,2024,Sunday,16
1957,2024-05-19,19,5,2024,Sunday,17
1958,2024-05-19,19,5,2024,Sunday,18
1959,2024-05-19,19,5,2024,Sunday,19
1960,2024-05-19,19,5,2024,Sunday,20
1961,2024-05-20,20,5,2024,Monday,7
1962,2024-05-20,20,5,2024,Monday,8
1963,2024-05-20,20,5,2024,Monday,9
1964,2024-05-20,20,5,2024,Monday,10
1965,2024-05-20,20,5,2024,Monday,11
1966,2024-05-20,20,5,2024,Monday,12
1967,2024-05-20,20,5,2024,Monday,13
1968,2024-05-20,20,5,2024,Monday,14
1969,2024-05-20,20,5,2024,Monday,15
1970,2024-05-20,20,5,2024,Monday,16
1971,2024-05-20,20,5,2024,Monday,17
1972,2024-05-20,20,5,2024,Monday,18
1973,2024-05-20,20,5,2024,Monday,19
1974,2024-05-20,20,5,2024,Monday,20
1975,2024-05-21,21,5,2024,Tuesday,7
1976,2024-05-21,21,5,2024,Tuesday,8
1977,2024-05-21,21,5,2024,Tuesday,9
1978,2024-05-21,21,5,2024,Tuesday,10
1979,2024-05-21,21,5,2024,Tuesday,11
1980,2024-05-21,21,5,2024,Tuesday,12
1981,2024-05-21,21,5,2024,Tuesday,13
1982,2024-05-21,21,5,2024,Tuesday,14
1983,2024-05-21,21,5,2024,Tuesday,15
1984,2024-05-21,21,5,2024,Tuesday,16
1985,2024-05-21,21,5,2024,Tuesday,17
1986,2024-05-21,21,5,2024,Tuesday,18
1987,2024-05-21,21,5,2024,Tuesday,19
1988,2024-05-21,21,5,2024,Tuesday,20
1989,2024-05-22,22,5,2024,Wednesday,7
1990,2024-05-22,22,5,2024,Wednesday,8
1991,2024-05-22,22,5,2024,Wednesday,9
1992,2024-05-22,22,5,2024,Wednesday,10
1993,2024-05-22,22,5,2024,Wednesday,11
1994,2024-05-22,22,5,2024,Wednesday,12
1995,2024-05-22,22,5,2024,Wednesday,13
1996,2024-05-22,22,5,2024,Wednesday,14
1997,2024-05-22,22,5,2024,Wednesday,15
1998,2024-05-22,22,5,2024,Wednesday,16
1999,2024-05-22,22,5,2024,Wednesday,17
2000,2024-05-22,22,5,2024,Wednesday,18
2001,2024-05-22,22,5,2024,Wednesday,19
2002,2024-05-22,22,5,2024,Wednesday,20
2003,2024-05-23,23,5,2024,Thursday,7
2004,2024-05-23,23,5,2024,Thursday,8
2005,2024-05-23,23,5,2024,Thursday,9
2006,2024-05-23,23,5,2024,Thursday,10
2007,2024-05-23,23,5,2024,Thursday,11
2008,2024-05-23,23,5,2024,Thursday,12
2009,2024-05-23,23,5,2024,Thursday,13
2010,2024-05-23,23,5,2024,Thursday,14
2011,2024-05-23,23,5,2024,Thursday,15
2012,2024-05-23,23,5,2024,Thursday,16
2013,2024-05-23,23,5,2024,Thursday,17
2014,2024-05-23,23,5,2024,Thursday,18
2015,2024-05-23,23,5,2024,Thursday,19
2016,2024-05-23,23,5,2024,Thursday,20
2017,2024-05-24,24,5,2024,Friday,7
2018,2024-05-24,24,5,2024,Friday,8
2019,2024-05-24,24,5,2024,Friday,9
2020,2024-05-24,24,5,2024,Friday,10
2021,2024-05-24,24,5,2024,Friday,11
2022,2024-05-24,24,5,2024,Friday,12
2023,2024-05-24,24,5,2024,Friday,13
2024,2024-05-24,24,5,2024,Friday,14
2025,2024-05-24,24,5,2024,Friday,15
2026,2024-05-24,24,5,2024,Friday,16
2027,2024-05-24,24,5,2024,Friday,17
2028,2024-05-24,24,5,2024,Friday,18
2029,2024-05-24,24,5,2024,Friday,19
2030,2024-05-24,24,5,2024,Friday,20
2031,2024-05-25,25,5,2024,Saturday,7
2032,2024-05-25,25,5,2024,Saturday,8
2033,2024-05-25,25,5,2024,Saturday,9
2034,2024-05-25,25,5,2024,Saturday,10
2035,2024-05-25,25,5,2024,Saturday,11
2036,2024-05-25,25,5,2024,Saturday,12
2037,2024-05-25,25,5,2024,Saturday,13
2038,2024-05-25,25,5,2024,Saturday,14
2039,2024-05-25,25,5,2024,Saturday,15
2040,2024-05-25,25,5,2024,Saturday,16
2041,2024-05-25,25,5,2024,Saturday,17
2042,2024-05-25,25,5,2024,Saturday,18
2043,2024-05-25,25,5,2024,Saturday,19
2044,2024-05-25,25,5,2024,Saturday,20
2045,2024-05-26,26,5,2024,Sunday,7
2046,2024-05-26,26,5,2024,Sunday,8
2047,2024-05-26,26,5,2024,Sunday,9
2048,2024-05-26,26,5,2024,Sunday,10
2049,2024-05-26,26,5,2024,Sunday,11
2050,2024-05-26,26,5,2024,Sunday,12
2051,2024-05-26,26,5,2024,Sunday,13
2052,2024-05-26,26,5,2024,Sunday,14
2053,2024-05-26,26,5,2024,Sunday,15
2054,2024-05-26,26,5,2024,Sunday,16
2055,2024-05-26,26,5,2024,Sunday,17
2056,2024-05-26,26,5,2024,Sunday,18
2057,2024-05-26,26,5,2024,Sunday,19
2058,2024-05-26,26,5,2024,Sunday,20
2059,2024-05-27,27,5,2024,Monday,7
2060,2024-05-27,27,5,2024,Monday,8
2061,2024-05-27,27,5,2024,Monday,9
2062,2024-05-27,27,5,2024,Monday,10
2063,2024-05-27,27,5,2024,Monday,11
2064,2024-05-27,27,5,2024,Monday,12
2065,2024-05-27,27,5,2024,Monday,13
2066,2024-05-27,27,5,2024,Monday,14
2067,2024-05-27,27,5,2024,Monday,15
2068,2024-05-27,27,5,2024,Monday,16
2069,2024-05-27,27,5,2024,Monday,17
2070,2024-05-27,27,5,2024,Monday,18
2071,2024-05-27,27,5,2024,Monday,19
2072,2024-05-27,27,5,2024,Monday,20
2073,2024-05-28,28,5,2024,Tuesday,7
2074,2024-05-28,28,5,2024,Tuesday,8
2075,2024-05-28,28,5,2024,Tuesday,9
2076,2024-05-28,28,5,2024,Tuesday,10
2077,2024-05-28,28,5,2024,Tuesday,11
2078,2024-05-28,28,5,2024,Tuesday,12
2079,2024-05-28,28,5,2024,Tuesday,13
2080,2024-05-28,28,5,2024,Tuesday,14
2081,2024-05-28,28,5,2024,Tuesday,15
2082,2024-05-28,28,5,2024,Tuesday,16
2083,2024-05-28,28,5,2024,Tuesday,17
2084,2024-05-28,28,5,2024,Tuesday,18
2085,2024-05-28,28,5,2024,Tuesday,19
2086,2024-05-28,28,5,2024,Tuesday,20
2087,2024-05-29,29,5,2024,Wednesday,7
2088,2024-05-29,29,5,2024,Wednesday,8
2089,2024-05-29,29,5,2024,Wednesday,9
2090,2024-05-29,29,5,2024,Wednesday,10
2091,2024-05-29,29,5,2024,Wednesday,11
2092,2024-05-29,29,5,2024,Wednesday,12
2093,2024-05-29,29,5,2024,Wednesday,13
2094,2024-05-29,29,5,2024,Wednesday,14
2095,2024-05-29,29,5,2024,Wednesday,15
2096,2024-05-29,29,5,2024,Wednesday,16
2097,2024-05-29,29,5,2024,Wednesday,17
2098,2024-05-29,29,5,2024,Wednesday,18
2099,2024-05-29,29,5,2024,Wednesday,19
2100,2024-05-29,29,5,2024,Wednesday,20
2101,2024-05-30,30,5,2024,Thursday,7
2102,2024-05-30,30,5,2024,Thursday,8
2103,2024-05-30,30,5,2024,Thursday,9
2104,2024-05-30,30,5,2024,Thursday,10
2105,2024-05-30,30,5,2024,Thursday,11
2106,2024-05-30,30,5,2024,Thursday,12
2107,2024-05-30,30,5,2024,Thursday,13
2108,2024-05-30,30,5,2024,Thursday,14
2109,2024-05-30,30,5,2024,Thursday,15
2110,2024-05-30,30,5,2024,Thursday,16
2111,2024-05-30,30,5,2024,Thursday,17
2112,2024-05-30,30,5,2024,Thursday,18
2113,2024-05-30,30,5,2024,Thursday,19
2114,2024-05-30,30,5,2024,Thursday,20
2115,2024-05-31,31,5,2024,Friday,7
2116,2024-05-31,31,5,2024,Friday,8
2117,2024-05-31,31,5,2024,Friday,9
2118,2024-05-31,31,5,2024,Friday,10
2119,2024-05-31,31,5,2024,Friday,11
2120,2024-05-31,31,5,2024,Friday,12
2121,2024-05-31,31,5,2024,Friday,13
2122,2024-05-31,31,5,2024,Friday,14
2123,2024-05-31,31,5,2024,Friday,15
2124,2024-05-31,31,5,2024,Friday,16
2125,2024-05-31,31,5,2024,Friday,17
2126,2024-05-31,31,5,2024,Friday,18
2127,2024-05-31,31,5,2024,Friday,19
2128,2024-05-31,31,5,2024,Friday,20
2129,2024-06-01,1,6,2024,Saturday,7
2130,2024-06-01,1,6,2024,Saturday,8
2131,2024-06-01,1,6,2024,Saturday,9
2132,2024-06-01,1,6,2024,Saturday,10
2133,2024-06-01,1,6,2024,Saturday,11
2134,2024-06-01,1,6,2024,Saturday,12
2135,2024-06-01,1,6,2024,Saturday,13
2136,2024-06-01,1,6,2024,Saturday,14
2137,2024-06-01,1,6,2024,Saturday,15
2138,2024-06-01,1,6,2024,Saturday,16
2139,2024-06-01,1,6,2024,Saturday,17
2140,2024-06-01,1,6,2024,Saturday,18
2141,2024-06-01,1,6,2024,Saturday,19
2142,2024-06-01,1,6,2024,Saturday,20
2143,2024-06-02,2,6,2024,Sunday,7
2144,2024-06-02,2,6,2024,Sunday,8
2145,2024-06-02,2,6,2024,Sunday,9
2146,2024-06-02,2,6,2024,Sunday,10
2147,2024-06-02,2,6,2024,Sunday,11
2148,2024-06-02,2,6,2024,Sunday,12
2149,2024-06-02,2,6,2024,Sunday,13
2150,2024-06-02,2,6,2024,Sunday,14
2151,2024-06-02,2,6,2024,Sunday,15
2152,2024-06-02,2,6,2024,Sunday,16
2153,2024-06-02,2,6,2024,Sunday,17
2154,2024-06-02,2,6,2024,Sunday,18
2155,2024-06-02,2,6,2024,Sunday,19
2156,2024-06-02,2,6,2024,Sunday,20
2157,2024-06-03,3,6,2024,Monday,7
2158,2024-06-03,3,6,2024,Monday,8
2159,2024-06-03,3,6,2024,Monday,9
2160,2024-06-03,3,6,2024,Monday,10
2161,2024-06-03,3,6,2024,Monday,11
2162,2024-06-03,3,6,2024,Monday,12
2163,2024-06-03,3,6,2024,Monday,13
2164,2024-06-03,3,6,2024,Monday,14
2165,2024-06-03,3,6,2024,Monday,15
2166,2024-06-03,3,6,2024,Monday,16
2167,2024-06-03,3,6,2024,Monday,17
2168,2024-06-03,3,6,2024,Monday,18
2169,2024-06-03,3,6,2024,Monday,19
2170,2024-06-03,3,6,2024,Monday,20
2171,2024-06-04,4,6,2024,Tuesday,7
2172,2024-06-04,4,6,2024,Tuesday,8
2173,2024-06-04,4,6,2024,Tuesday,9
2174,2024-06-04,4,6,2024,Tuesday,10
2175,2024-06-04,4,6,2024,Tuesday,11
2176,2024-06-04,4,6,2024,Tuesday,12
2177,2024-06-04,4,6,2024,Tuesday,13
2178,2024-06-04,4,6,2024,Tuesday,14
2179,2024-06-04,4,6,2024,Tuesday,15
2180,2024-06-04,4,6,2024,Tuesday,16
2181,2024-06-04,4,6,2024,Tuesday,17
2182,2024-06-04,4,6,2024,Tuesday,18
2183,2024-06-04,4,6,2024,Tuesday,19
2184,2024-06-04,4,6,2024,Tuesday,20
2185,2024-06-05,5,6,2024,Wednesday,7
2186,2024-06-05,5,6,2024,Wednesday,8
2187,2024-06-05,5,6,2024,Wednesday,9
2188,2024-06-05,5,6,2024,Wednesday,10
2189,2024-06-05,5,6,2024,Wednesday,11
2190,2024-06-05,5,6,2024,Wednesday,12
2191,2024-06-05,5,6,2024,Wednesday,13
2192,2024-06-05,5,6,2024,Wednesday,14
2193,2024-06-05,5,6,2024,Wednesday,15
2194,2024-06-05,5,6,2024,Wednesday,16
2195,2024-06-05,5,6,2024,Wednesday,17
2196,2024-06-05,5,6,2024,Wednesday,18
2197,2024-06-05,5,6,2024,Wednesday,19
2198,2024-06-05,5,6,2024,Wednesday,20
2199,2024-06-06,6,6,2024,Thursday,7
2200,2024-06-06,6,6,2024,Thursday,8
2201,2024-06-06,6,6,2024,Thursday,9
2202,2024-06-06,6,6,2024,Thursday,10
2203,2024-06-06,6,6,2024,Thursday,11
2204,2024-06-06,6,6,2024,Thursday,12
2205,2024-06-06,6,6,2024,Thursday,13
2206,2024-06-06,6,6,2024,Thursday,14
2207,2024-06-06,6,6,2024,Thursday,15
2208,2024-06-06,6,6,2024,Thursday,16
2209,2024-06-06,6,6,2024,Thursday,17
2210,2024-06-06,6,6,2024,Thursday,18
2211,2024-06-06,6,6,2024,Thursday,19
2212,2024-06-06,6,6,2024,Thursday,20
2213,2024-06-07,7,6,2024,Friday,7
2214,2024-06-07,7,6,2024,Friday,8
2215,2024-06-07,7,6,2024,Friday,9
2216,2024-06-07,7,6,2024,Friday,10
2217,2024-06-07,7,6,2024,Friday,11
2218,2024-06-07,7,6,2024,Friday,12
2219,2024-06-07,7,6,2024,Friday,13
2220,2024-06-07,7,6,2024,Friday,14
2221,2024-06-07,7,6,2024,Friday,15
2222,2024-06-07,7,6,2024,Friday,16
2223,2024-06-07,7,6,2024,Friday,17
2224,2024-06-07,7,6,2024,Friday,18
2225,2024-06-07,7,6,2024,Friday,19
2226,2024-06-07,7,6,2024,Friday,20
2227,2024-06-08,8,6,2024,Saturday,7
2228,2024-06-08,8,6,2024,Saturday,8
2229,2024-06-08,8,6,2024,Saturday,9
2230,2024-06-08,8,6,2024,Saturday,10
2231,2024-06-08,8,6,2024,Saturday,11
2232,2024-06-08,8,6,2024,Saturday,12
2233,2024-06-08,8,6,2024,Saturday,13
2234,2024-06-08,8,6,2024,Saturday,14
2235,2024-06-08,8,6,2024,Saturday,15
2236,2024-06-08,8,6,2024,Saturday,16
2237,2024-06-08,8,6,2024,Saturday,17
2238,2024-06-08,8,6,2024,Saturday,18
2239,2024-06-08,8,6,2024,Saturday,19
2240,2024-06-08,8,6,2024,Saturday,20
2241,2024-06-09,9,6,2024,Sunday,7
2242,2024-06-09,9,6,2024,Sunday,8
2243,2024-06-09,9,6,2024,Sunday,9
2244,2024-06-09,9,6,2024,Sunday,10
2245,2024-06-09,9,6,2024,Sunday,11
2246,2024-06-09,9,6,2024,Sunday,12
2247,2024-06-09,9,6,2024,Sunday,13
2248,2024-06-09,9,6,2024,Sunday,14
2249,2024-06-09,9,6,2024,Sunday,15
2250,2024-06-09,9,6,2024,Sunday,16
2251,2024-06-09,9,6,2024,Sunday,17
2252,2024-06-09,9,6,2024,Sunday,18
2253,2024-06-09,9,6,2024,Sunday,19
2254,2024-06-09,9,6,2024,Sunday,20
2255,2024-06-10,10,6,2024,Monday,7
2256,2024-06-10,10,6,2024,Monday,8
2257,2024-06-10,10,6,2024,Monday,9
2258,2024-06-10,10,6,2024,Monday,10
2259,2024-06-10,10,6,2024,Monday,11
2260,2024-06-10,10,6,2024,Monday,12
2261,2024-06-10,10,6,2024,Monday,13
2262,2024-06-10,10,6,2024,Monday,14
2263,2024-06-10,10,6,2024,Monday,15
2264,2024-06-10,10,6,2024,Monday,16
2265,2024-06-10,10,6,2024,Monday,17
2266,2024-06-10,10,6,2024,Monday,18
2267,2024-06-10,10,6,2024,Monday,19
2268,2024-06-10,10,6,2024,Monday,20
2269,2024-06-11,11,6,2024,Tuesday,7
2270,2024-06-11,11,6,2024,Tuesday,8
2271,2024-06-11,11,6,2024,Tuesday,9
2272,2024-06-11,11,6,2024,Tuesday,10
2273,2024-06-11,11,6,2024,Tuesday,11
2274,2024-06-11,11,6,2024,Tuesday,12
2275,2024-06-11,11,6,2024,Tuesday,13
2276,2024-06-11,11,6,2024,Tuesday,14
2277,2024-06-11,11,6,2024,Tuesday,15
2278,2024-06-11,11,6,2024,Tuesday,16
2279,2024-06-11,11,6,2024,Tuesday,17
2280,2024-06-11,11,6,2024,Tuesday,18
2281,2024-06-11,11,6,2024,Tuesday,19
2282,2024-06-11,11,6,2024,Tuesday,20
2283,2024-06-12,12,6,2024,Wednesday,7
2284,2024-06-12,12,6,2024,Wednesday,8
2285,2024-06-12,12,6,2024,Wednesday,9
2286,2024-06-12,12,6,2024,Wednesday,10
2287,2024-06-12,12,6,2024,Wednesday,11
2288,2024-06-12,12,6,2024,Wednesday,12
2289,2024-06-12,12,6,2024,Wednesday,13
2290,2024-06-12,12,6,2024,Wednesday,14
2291,2024-06-12,12,6,2024,Wednesday,15
2292,2024-06-12,12,6,2024,Wednesday,16
2293,2024-06-12,12,6,2024,Wednesday,17
2294,2024-06-12,12,6,2024,Wednesday,18
2295,2024-06-12,12,6,2024,Wednesday,19
2296,2024-06-12,12,6,2024,Wednesday,20
2297,2024-06-13,13,6,2024,Thursday,7
2298,2024-06-13,13,6,2024,Thursday,8
2299,2024-06-13,13,6,2024,Thursday,9
2300,2024-06-13,13,6,2024,Thursday,10
2301,2024-06-13,13,6,2024,Thursday,11
2302,2024-06-13,13,6,2024,Thursday,12
2303,2024-06-13,13,6,2024,Thursday,13
2304,2024-06-13,13,6,2024,Thursday,14
2305,2024-06-13,13,6,2024,Thursday,15
2306,2024-06-13,13,6,2024,Thursday,16
2307,2024-06-13,13,6,2024,Thursday,17
2308,2024-06-13,13,6,2024,Thursday,18
2309,2024-06-13,13,6,2024,Thursday,19
2310,2024-06-13,13,6,2024,Thursday,20
2311,2024-06-14,14,6,2024,Friday,7
2312,2024-06-14,14,6,2024,Friday,8
2313,2024-06-14,14,6,2024,Friday,9
2314,2024-06-14,14,6,2024,Friday,10
2315,2024-06-14,14,6,2024,Friday,11
2316,2024-06-14,14,6,2024,Friday,12
2317,2024-06-14,14,6,2024,Friday,13
2318,2024-06-14,14,6,2024,Friday,14
2319,2024-06-14,14,6,2024,Friday,15
2320,2024-06-14,14,6,2024,Friday,16
2321,2024-06-14,14,6,2024,Friday,17
2322,2024-06-14,14,6,2024,Friday,18
2323,2024-06-14,14,6,2024,Friday,19
2324,2024-06-14,14,6,2024,Friday,20
2325,2024-06-15,15,6,2024,Saturday,7
2326,2024-06-15,15,6,2024,Saturday,8
2327,2024-06-15,15,6,2024,Saturday,9
2328,2024-06-15,15,6,2024,Saturday,10
2329,2024-06-15,15,6,2024,Saturday,11
2330,2024-06-15,15,6,2024,Saturday,12
2331,2024-06-15,15,6,2024,Saturday,13
2332,2024-06-15,15,6,2024,Saturday,14
2333,2024-06-15,15,6,2024,Saturday,15
2334,2024-06-15,15,6,2024,Saturday,16
2335,2024-06-15,15,6,2024,Saturday,17
2336,2024-06-15,15,6,2024,Saturday,18
2337,2024-06-15,15,6,2024,Saturday,19
2338,2024-06-15,15,6,2024,Saturday,20
2339,2024-06-16,16,6,2024,Sunday,7
2340,2024-06-16,16,6,2024,Sunday,8
2341,2024-06-16,16,6,2024,Sunday,9
2342,2024-06-16,16,6,2024,Sunday,10
2343,2024-06-16,16,6,2024,Sunday,11
2344,2024-06-16,16,6,2024,Sunday,12
2345,2024-06-16,16,6,2024,Sunday,13
2346,2024-06-16,16,6,2024,Sunday,14
2347,2024-06-16,16,6,2024,Sunday,15
2348,2024-06-16,16,6,2024,Sunday,16
2349,2024-06-16,16,6,2024,Sunday,17
2350,2024-06-16,16,6,2024,Sunday,18
2351,2024-06-16,16,6,2024,Sunday,19
2352,2024-06-16,16,6,2024,Sunday,20
2353,2024-06-17,17,6,2024,Monday,7
2354,2024-06-17,17,6,2024,Monday,8
2355,2024-06-17,17,6,2024,Monday,9
2356,2024-06-17,17,6,2024,Monday,10
2357,2024-06-17,17,6,2024,Monday,11
2358,2024-06-17,17,6,2024,Monday,12
2359,2024-06-17,17,6,2024,Monday,13
2360,2024-06-17,17,6,2024,Monday,14
2361,2024-06-17,17,6,2024,Monday,15
2362,2024-06-17,17,6,2024,Monday,16
2363,2024-06-17,17,6,2024,Monday,17
2364,2024-06-17,17,6,2024,Monday,18
2365,2024-06-17,17,6,2024,Monday,19
2366,2024-06-17,17,6,2024,Monday,20
2367,2024-06-18,18,6,2024,Tuesday,7
2368,2024-06-18,18,6,2024,Tuesday,8
2369,2024-06-18,18,6,2024,Tuesday,9
2370,2024-06-18,18,6,2024,Tuesday,10
2371,2024-06-18,18,6,2024,Tuesday,11
2372,2024-06-18,18,6,2024,Tuesday,12
2373,2024-06-18,18,6,2024,Tuesday,13
2374,2024-06-18,18,6,2024,Tuesday,14
2375,2024-06-18,18,6,2024,Tuesday,15
2376,2024-06-18,18,6,2024,Tuesday,16
2377,2024-06-18,18,6,2024,Tuesday,17
2378,2024-06-18,18,6,2024,Tuesday,18
2379,2024-06-18,18,6,2024,Tuesday,19
2380,2024-06-18,18,6,2024,Tuesday,20
2381,2024-06-19,19,6,2024,Wednesday,7
2382,2024-06-19,19,6,2024,Wednesday,8
2383,2024-06-19,19,6,2024,Wednesday,9
2384,2024-06-19,19,6,2024,Wednesday,10
2385,2024-06-19,19,6,2024,Wednesday,11
2386,2024-06-19,19,6,2024,Wednesday,12
2387,2024-06-19,19,6,2024,Wednesday,13
2388,2024-06-19,19,6,2024,Wednesday,14
2389,2024-06-19,19,6,2024,Wednesday,15
2390,2024-06-19,19,6,2024,Wednesday,16
2391,2024-06-19,19,6,2024,Wednesday,17
2392,2024-06-19,19,6,2024,Wednesday,18
2393,2024-06-19,19,6,2024,Wednesday,19
2394,2024-06-19,19,6,2024,Wednesday,20
2395,2024-06-20,20,6,2024,Thursday,7
2396,2024-06-20,20,6,2024,Thursday,8
2397,2024-06-20,20,6,2024,Thursday,9
2398,2024-06-20,20,6,2024,Thursday,10
2399,2024-06-20,20,6,2024,Thursday,11
2400,2024-06-20,20,6,2024,Thursday,12
2401,2024-06-20,20,6,2024,Thursday,13
2402,2024-06-20,20,6,2024,Thursday,14
2403,2024-06-20,20,6,2024,Thursday,15
2404,2024-06-20,20,6,2024,Thursday,16
2405,2024-06-20,20,6,2024,Thursday,17
2406,2024-06-20,20,6,2024,Thursday,18
2407,2024-06-20,20,6,2024,Thursday,19
2408,2024-06-20,20,6,2024,Thursday,20
2409,2024-06-21,21,6,2024,Friday,7
2410,2024-06-21,21,6,2024,Friday,8
2411,2024-06-21,21,6,2024,Friday,9
2412,2024-06-21,21,6,2024,Friday,10
2413,2024-06-21,21,6,2024,Friday,11
2414,2024-06-21,21,6,2024,Friday,12
2415,2024-06-21,21,6,2024,Friday,13
2416,2024-06-21,21,6,2024,Friday,14
2417,2024-06-21,21,6,2024,Friday,15
2418,2024-06-21,21,6,2024,Friday,16
2419,2024-06-21,21,6,2024,Friday,17
2420,2024-06-21,21,6,2024,Friday,18
2421,2024-06-21,21,6,2024,Friday,19
2422,2024-06-21,21,6,2024,Friday,20
2423,2024-06-22,22,6,2024,Saturday,7
2424,2024-06-22,22,6,2024,Saturday,8
2425,2024-06-22,22,6,2024,Saturday,9
2426,2024-06-22,22,6,2024,Saturday,10
2427,2024-06-22,22,6,2024,Saturday,11
2428,2024-06-22,22,6,2024,Saturday,12
2429,2024-06-22,22,6,2024,Saturday,13
2430,2024-06-22,22,6,2024,Saturday,14
2431,2024-06-22,22,6,2024,Saturday,15
2432,2024-06-22,22,6,2024,Saturday,16
2433,2024-06-22,22,6,2024,Saturday,17
2434,2024-06-22,22,6,2024,Saturday,18
2435,2024-06-22,22,6,2024,Saturday,19
2436,2024-06-22,22,6,2024,Saturday,20
2437,2024-06-23,23,6,2024,Sunday,7
2438,2024-06-23,23,6,2024,Sunday,8
2439,2024-06-23,23,6,2024,Sunday,9
2440,2024-06-23,23,6,2024,Sunday,10
2441,2024-06-23,23,6,2024,Sunday,11
2442,2024-06-23,23,6,2024,Sunday,12
2443,2024-06-23,23,6,2024,Sunday,13
2444,2024-06-23,23,6,2024,Sunday,14
2445,2024-06-23,23,6,2024,Sunday,15
2446,2024-06-23,23,6,2024,Sunday,16
2447,2024-06-23,23,6,2024,Sunday,17
2448,2024-06-23,23,6,2024,Sunday,18
2449,2024-06-23,23,6,2024,Sunday,19
2450,2024-06-23,23,6,2024,Sunday,20
2451,2024-06-24,24,6,2024,Monday,7
2452,2024-06-24,24,6,2024,Monday,8
2453,2024-06-24,24,6,2024,Monday,9
2454,2024-06-24,24,6,2024,Monday,10
2455,2024-06-24,24,6,2024,Monday,11
2456,2024-06-24,24,6,2024,Monday,12
2457,2024-06-24,24,6,2024,Monday,13
2458,2024-06-24,24,6,2024,Monday,14
2459,2024-06-24,24,6,2024,Monday,15
2460,2024-06-24,24,6,2024,Monday,16
2461,2024-06-24,24,6,2024,Monday,17
2462,2024-06-24,24,6,2024,Monday,18
2463,2024-06-24,24,6,2024,Monday,19
2464,2024-06-24,24,6,2024,Monday,20
2465,2024-06-25,25,6,2024,Tuesday,7
2466,2024-06-25,25,6,2024,Tuesday,8
2467,2024-06-25,25,6,2024,Tuesday,9
2468,2024-06-25,25,6,2024,Tuesday,10
2469,2024-06-25,25,6,2024,Tuesday,11
2470,2024-06-25,25,6,2024,Tuesday,12
2471,2024-06-25,25,6,2024,Tuesday,13
2472,2024-06-25,25,6,2024,Tuesday,14
2473,2024-06-25,25,6,2024,Tuesday,15
2474,2024-06-25,25,6,2024,Tuesday,16
2475,2024-06-25,25,6,2024,Tuesday,17
2476,2024-06-25,25,6,2024,Tuesday,18
2477,2024-06-25,25,6,2024,Tuesday,19
2478,2024-06-25,25,6,2024,Tuesday,20
2479,2024-06-26,26,6,2024,Wednesday,7
2480,2024-06-26,26,6,2024,Wednesday,8
2481,2024-06-26,26,6,2024,Wednesday,9
2482,2024-06-26,26,6,2024,Wednesday,10
2483,2024-06-26,26,6,2024,Wednesday,11
2484,2024-06-26,26,6,2024,Wednesday,12
2485,2024-06-26,26,6,2024,Wednesday,13
2486,2024-06-26,26,6,2024,Wednesday,14
2487,2024-06-26,26,6,2024,Wednesday,15
2488,2024-06-26,26,6,2024,Wednesday,16
2489,2024-06-26,26,6,2024,Wednesday,17
2490,2024-06-26,26,6,2024,Wednesday,18
2491,2024-06-26,26,6,2024,Wednesday,19
2492,2024-06-26,26,6,2024,Wednesday,20
2493,2024-06-27,27,6,2024,Thursday,7
2494,2024-06-27,27,6,2024,Thursday,8
2495,2024-06-27,27,6,2024,Thursday,9
2496,2024-06-27,27,6,2024,Thursday,10
2497,2024-06-27,27,6,2024,Thursday,11
2498,2024-06-27,27,6,2024,Thursday,12
2499,2024-06-27,27,6,2024,Thursday,13
2500,2024-06-27,27,6,2024,Thursday,14
2501,2024-06-27,27,6,2024,Thursday,15
2502,2024-06-27,27,6,2024,Thursday,16
2503,2024-06-27,27,6,2024,Thursday,17
2504,2024-06-27,27,6,2024,Thursday,18
2505,2024-06-27,27,6,2024,Thursday,19
2506,2024-06-27,27,6,2024,Thursday,20
2507,2024-06-28,28,6,2024,Friday,7
2508,2024-06-28,28,6,2024,Friday,8
2509,2024-06-28,28,6,2024,Friday,9
2510,2024-06-28,28,6,2024,Friday,10
2511,2024-06-28,28,6,2024,Friday,11
2512,2024-06-28,28,6,2024,Friday,12
2513,2024-06-28,28,6,2024,Friday,13
2514,2024-06-28,28,6,2024,Friday,14
2515,2024-06-28,28,6,2024,Friday,15
2516,2024-06-28,28,6,2024,Friday,16
2517,2024-06-28,28,6,2024,Friday,17
2518,2024-06-28,28,6,2024,Friday,18
2519,2024-06-28,28,6,2024,Friday,19
2520,2024-06-28,28,6,2024,Friday,20
2521,2024-06-29,29,6,2024,Saturday,7
2522,2024-06-29,29,6,2024,Saturday,8
2523,2024-06-29,29,6,2024,Saturday,9
2524,2024-06-29,29,6,2024,Saturday,10
2525,2024-06-29,29,6,2024,Saturday,11
2526,2024-06-29,29,6,2024,Saturday,12
2527,2024-06-29,29,6,2024,Saturday,13
2528,2024-06-29,29,6,2024,Saturday,14
2529,2024-06-29,29,6,2024,Saturday,15
2530,2024-06-29,29,6,2024,Saturday,16
2531,2024-06-29,29,6,2024,Saturday,17
2532,2024-06-29,29,6,2024,Saturday,18
2533,2024-06-29,29,6,2024,Saturday,19
2534,2024-06-29,29,6,2024,Saturday,20
2535,2024-06-30,30,6,2024,Sunday,7
2536,2024-06-30,30,6,2024,Sunday,8
2537,2024-06-30,30,6,2024,Sunday,9
2538,2024-06-30,30,6,2024,Sunday,10
2539,2024-06-30,30,6,2024,Sunday,11
2540,2024-06-30,30,6,2024,Sunday,12
2541,2024-06-30,30,6,2024,Sunday,13
2542,2024-06-30,30,6,2024,Sunday,14
2543,2024-06-30,30,6,2024,Sunday,15
2544,2024-06-30,30,6,2024,Sunday,16
2545,2024-06-30,30,6,2024,Sunday,17
2546,2024-06-30,30,6,2024,Sunday,18
2547,2024-06-30,30,6,2024,Sunday,19
2548,2024-06-30,30,6,2024,Sunday,20
2549,2024-07-01,1,7,2024,Monday,7
2550,2024-07-01,1,7,2024,Monday,8
2551,2024-07-01,1,7,2024,Monday,9
2552,2024-07-01,1,7,2024,Monday,10
2553,2024-07-01,1,7,2024,Monday,11
2554,2024-07-01,1,7,2024,Monday,12
2555,2024-07-01,1,7,2024,Monday,13
2556,2024-07-01,1,7,2024,Monday,14
2557,2024-07-01,1,7,2024,Monday,15
2558,2024-07-01,1,7,2024,Monday,16
2559,2024-07-01,1,7,2024,Monday,17
2560,2024-07-01,1,7,2024,Monday,18
2561,2024-07-01,1,7,2024,Monday,19
2562,2024-07-01,1,7,2024,Monday,20
2563,2024-07-02,2,7,2024,Tuesday,7
2564,2024-07-02,2,7,2024,Tuesday,8
2565,2024-07-02,2,7,2024,Tuesday,9
2566,2024-07-02,2,7,2024,Tuesday,10
2567,2024-07-02,2,7,2024,Tuesday,11
2568,2024-07-02,2,7,2024,Tuesday,12
2569,2024-07-02,2,7,2024,Tuesday,13
2570,2024-07-02,2,7,2024,Tuesday,14
2571,2024-07-02,2,7,2024,Tuesday,15
2572,2024-07-02,2,7,2024,Tuesday,16
2573,2024-07-02,2,7,2024,Tuesday,17
2574,2024-07-02,2,7,2024,Tuesday,18
2575,2024-07-02,2,7,2024,Tuesday,19
2576,2024-07-02,2,7,2024,Tuesday,20
2577,2024-07-03,3,7,2024,Wednesday,7
2578,2024-07-03,3,7,2024,Wednesday,8
2579,2024-07-03,3,7,2024,Wednesday,9
2580,2024-07-03,3,7,2024,Wednesday,10
2581,2024-07-03,3,7,2024,Wednesday,11
2582,2024-07-03,3,7,2024,Wednesday,12
2583,2024-07-03,3,7,2024,Wednesday,13
2584,2024-07-03,3,7,2024,Wednesday,14
2585,2024-07-03,3,7,2024,Wednesday,15
2586,2024-07-03,3,7,2024,Wednesday,16
2587,2024-07-03,3,7,2024,Wednesday,17
2588,2024-07-03,3,7,2024,Wednesday,18
2589,2024-07-03,3,7,2024,Wednesday,19
2590,2024-07-03,3,7,2024,Wednesday,20
2591,2024-07-04,4,7,2024,Thursday,7
2592,2024-07-04,4,7,2024,Thursday,8
2593,2024-07-04,4,7,2024,Thursday,9
2594,2024-07-04,4,7,2024,Thursday,10
2595,2024-07-04,4,7,2024,Thursday,11
2596,2024-07-04,4,7,2024,Thursday,12
2597,2024-07-04,4,7,2024,Thursday,13
2598,2024-07-04,4,7,2024,Thursday,14
2599,2024-07-04,4,7,2024,Thursday,15
2600,2024-07-04,4,7,2024,Thursday,16
2601,2024-07-04,4,7,2024,Thursday,17
2602,2024-07-04,4,7,2024,Thursday,18
2603,2024-07-04,4,7,2024,Thursday,19
2604,2024-07-04,4,7,2024,Thursday,20
2605,2024-07-05,5,7,2024,Friday,7
2606,2024-07-05,5,7,2024,Friday,8
2607,2024-07-05,5,7,2024,Friday,9
2608,2024-07-05,5,7,2024,Friday,10
2609,2024-07-05,5,7,2024,Friday,11
2610,2024-07-05,5,7,2024,Friday,12
2611,2024-07-05,5,7,2024,Friday,13
2612,2024-07-05,5,7,2024,Friday,14
2613,2024-07-05,5,7,2024,Friday,15
2614,2024-07-05,5,7,2024,Friday,16
2615,2024-07-05,5,7,2024,Friday,17
2616,2024-07-05,5,7,2024,Friday,18
2617,2024-07-05,5,7,2024,Friday,19
2618,2024-07-05,5,7,2024,Friday,20
2619,2024-07-06,6,7,2024,Saturday,7
2620,2024-07-06,6,7,2024,Saturday,8
2621,2024-07-06,6,7,2024,Saturday,9
2622,2024-07-06,6,7,2024,Saturday,10
2623,2024-07-06,6,7,2024,Saturday,11
2624,2024-07-06,6,7,2024,Saturday,12
2625,2024-07-06,6,7,2024,Saturday,13
2626,2024-07-06,6,7,2024,Saturday,14
2627,2024-07-06,6,7,2024,Saturday,15
2628,2024-07-06,6,7,2024,Saturday,16
2629,2024-07-06,6,7,2024,Saturday,17
2630,2024-07-06,6,7,2024,Saturday,18
2631,2024-07-06,6,7,2024,Saturday,19
2632,2024-07-06,6,7,2024,Saturday,20
2633,2024-07-07,7,7,2024,Sunday,7
2634,2024-07-07,7,7,2024,Sunday,8
2635,2024-07-07,7,7,2024,Sunday,9
2636,2024-07-07,7,7,2024,Sunday,10
2637,2024-07-07,7,7,2024,Sunday,11
2638,2024-07-07,7,7,2024,Sunday,12
2639,2024-07-07,7,7,2024,Sunday,13
2640,2024-07-07,7,7,2024,Sunday,14
2641,2024-07-07,7,7,2024,Sunday,15
2642,2024-07-07,7,7,2024,Sunday,16
2643,2024-07-07,7,7,2024,Sunday,17
2644,2024-07-07,7,7,2024,Sunday,18
2645,2024-07-07,7,7,2024,Sunday,19
2646,2024-07-07,7,7,2024,Sunday,20
2647,2024-07-08,8,7,2024,Monday,7
2648,2024-07-08,8,7,2024,Monday,8
2649,2024-07-08,8,7,2024,Monday,9
2650,2024-07-08,8,7,2024,Monday,10
2651,2024-07-08,8,7,2024,Monday,11
2652,2024-07-08,8,7,2024,Monday,12
2653,2024-07-08,8,7,2024,Monday,13
2654,2024-07-08,8,7,2024,Monday,14
2655,2024-07-08,8,7,2024,Monday,15
2656,2024-07-08,8,7,2024,Monday,16
2657,2024-07-08,8,7,2024,Monday,17
2658,2024-07-08,8,7,2024,Monday,18
2659,2024-07-08,8,7,2024,Monday,19
2660,2024-07-08,8,7,2024,Monday,20
2661,2024-07-09,9,7,2024,Tuesday,7
2662,2024-07-09,9,7,2024,Tuesday,8
2663,2024-07-09,9,7,2024,Tuesday,9
2664,2024-07-09,9,7,2024,Tuesday,10
2665,2024-07-09,9,7,2024,Tuesday,11
2666,2024-07-09,9,7,2024,Tuesday,12
2667,2024-07-09,9,7,2024,Tuesday,13
2668,2024-07-09,9,7,2024,Tuesday,14
2669,2024-07-09,9,7,2024,Tuesday,15
2670,2024-07-09,9,7,2024,Tuesday,16
2671,2024-07-09,9,7,2024,Tuesday,17
2672,2024-07-09,9,7,2024,Tuesday,18
2673,2024-07-09,9,7,2024,Tuesday,19
2674,2024-07-09,9,7,2024,Tuesday,20
2675,2024-07-10,10,7,2024,Wednesday,7
2676,2024-07-10,10,7,2024,Wednesday,8
2677,2024-07-10,10,7,2024,Wednesday,9
2678,2024-07-10,10,7,2024,Wednesday,10
2679,2024-07-10,10,7,2024,Wednesday,11
2680,2024-07-10,10,7,2024,Wednesday,12
2681,2024-07-10,10,7,2024,Wednesday,13
2682,2024-07-10,10,7,2024,Wednesday,14
2683,2024-07-10,10,7,2024,Wednesday,15
2684,2024-07-10,10,7,2024,Wednesday,16
2685,2024-07-10,10,7,2024,Wednesday,17
2686,2024-07-10,10,7,2024,Wednesday,18
2687,2024-07-10,10,7,2024,Wednesday,19
2688,2024-07-10,10,7,2024,Wednesday,20
2689,2024-07-11,11,7,2024,Thursday,7
2690,2024-07-11,11,7,2024,Thursday,8
2691,2024-07-11,11,7,2024,Thursday,9
2692,2024-07-11,11,7,2024,Thursday,10
2693,2024-07-11,11,7,2024,Thursday,11
2694,2024-07-11,11,7,2024,Thursday,12
2695,2024-07-11,11,7,2024,Thursday,13
2696,2024-07-11,11,7,2024,Thursday,14
2697,2024-07-11,11,7,2024,Thursday,15
2698,2024-07-11,11,7,2024,Thursday,16
2699,2024-07-11,11,7,2024,Thursday,17
2700,2024-07-11,11,7,2024,Thursday,18
2701,2024-07-11,11,7,2024,Thursday,19
2702,2024-07-11,11,7,2024,Thursday,20
2703,2024-07-12,12,7,2024,Friday,7
2704,2024-07-12,12,7,2024,Friday,8
2705,2024-07-12,12,7,2024,Friday,9
2706,2024-07-12,12,7,2024,Friday,10
2707,2024-07-12,12,7,2024,Friday,11
2708,2024-07-12,12,7,2024,Friday,12
2709,2024-07-12,12,7,2024,Friday,13
2710,2024-07-12,12,7,2024,Friday,14
2711,2024-07-12,12,7,2024,Friday,15
2712,2024-07-12,12,7,2024,Friday,16
2713,2024-07-12,12,7,2024,Friday,17
2714,2024-07-12,12,7,2024,Friday,18
2715,2024-07-12,12,7,2024,Friday,19
2716,2024-07-12,12,7,2024,Friday,20
2717,2024-07-13,13,7,2024,Saturday,7
2718,2024-07-13,13,7,2024,Saturday,8
2719,2024-07-13,13,7,2024,Saturday,9
2720,2024-07-13,13,7,2024,Saturday,10
2721,2024-07-13,13,7,2024,Saturday,11
2722,2024-07-13,13,7,2024,Saturday,12
2723,2024-07-13,13,7,2024,Saturday,13
2724,2024-07-13,13,7,2024,Saturday,14
2725,2024-07-13,13,7,2024,Saturday,15
2726,2024-07-13,13,7,2024,Saturday,16
2727,2024-07-13,13,7,2024,Saturday,17
2728,2024-07-13,13,7,2024,Saturday,18
2729,2024-07-13,13,7,2024,Saturday,19
2730,2024-07-13,13,7,2024,Saturday,20
2731,2024-07-14,14,7,2024,Sunday,7
2732,2024-07-14,14,7,2024,Sunday,8
2733,2024-07-14,14,7,2024,Sunday,9
2734,2024-07-14,14,7,2024,Sunday,10
2735,2024-07-14,14,7,2024,Sunday,11
2736,2024-07-14,14,7,2024,Sunday,12
2737,2024-07-14,14,7,2024,Sunday,13
2738,2024-07-14,14,7,2024,Sunday,14
2739,2024-07-14,14,7,2024,Sunday,15
2740,2024-07-14,14,7,2024,Sunday,16
2741,2024-07-14,14,7,2024,Sunday,17
2742,2024-07-14,14,7,2024,Sunday,18
2743,2024-07-14,14,7,2024,Sunday,19
2744,2024-07-14,14,7,2024,Sunday,20
2745,2024-07-15,15,7,2024,Monday,7
2746,2024-07-15,15,7,2024,Monday,8
2747,2024-07-15,15,7,2024,Monday,9
2748,2024-07-15,15,7,2024,Monday,10
2749,2024-07-15,15,7,2024,Monday,11
2750,2024-07-15,15,7,2024,Monday,12
2751,2024-07-15,15,7,2024,Monday,13
2752,2024-07-15,15,7,2024,Monday,14
2753,2024-07-15,15,7,2024,Monday,15
2754,2024-07-15,15,7,2024,Monday,16
2755,2024-07-15,15,7,2024,Monday,17
2756,2024-07-15,15,7,2024,Monday,18
2757,2024-07-15,15,7,2024,Monday,19
2758,2024-07-15,15,7,2024,Monday,20
2759,2024-07-16,16,7,2024,Tuesday,7
2760,2024-07-16,16,7,2024,Tuesday,8
2761,2024-07-16,16,7,2024,Tuesday,9
2762,2024-07-16,16,7,2024,Tuesday,10
2763,2024-07-16,16,7,2024,Tuesday,11
2764,2024-07-16,16,7,2024,Tuesday,12
2765,2024-07-16,16,7,2024,Tuesday,13
2766,2024-07-16,16,7,2024,Tuesday,14
2767,2024-07-16,16,7,2024,Tuesday,15
2768,2024-07-16,16,7,2024,Tuesday,16
2769,2024-07-16,16,7,2024,Tuesday,17
2770,2024-07-16,16,7,2024,Tuesday,18
2771,2024-07-16,16,7,2024,Tuesday,19
2772,2024-07-16,16,7,2024,Tuesday,20
2773,2024-07-17,17,7,2024,Wednesday,7
2774,2024-07-17,17,7,2024,Wednesday,8
2775,2024-07-17,17,7,2024,Wednesday,9
2776,2024-07-17,17,7,2024,Wednesday,10
2777,2024-07-17,17,7,2024,Wednesday,11
2778,2024-07-17,17,7,2024,Wednesday,12
2779,2024-07-17,17,7,2024,Wednesday,13
2780,2024-07-17,17,7,2024,Wednesday,14
2781,2024-07-17,17,7,2024,Wednesday,15
2782,2024-07-17,17,7,2024,Wednesday,16
2783,2024-07-17,17,7,2024,Wednesday,17
2784,2024-07-17,17,7,2024,Wednesday,18
2785,2024-07-17,17,7,2024,Wednesday,19
2786,2024-07-17,17,7,2024,Wednesday,20
2787,2024-07-18,18,7,2024,Thursday,7
2788,2024-07-18,18,7,2024,Thursday,8
2789,2024-07-18,18,7,2024,Thursday,9
2790,2024-07-18,18,7,2024,Thursday,10
2791,2024-07-18,18,7,2024,Thursday,11
2792,2024-07-18,18,7,2024,Thursday,12
2793,2024-07-18,18,7,2024,Thursday,13
2794,2024-07-18,18,7,2024,Thursday,14
2795,2024-07-18,18,7,2024,Thursday,15
2796,2024-07-18,18,7,2024,Thursday,16
2797,2024-07-18,18,7,2024,Thursday,17
2798,2024-07-18,18,7,2024,Thursday,18
2799,2024-07-18,18,7,2024,Thursday,19
2800,2024-07-18,18,7,2024,Thursday,20
2801,2024-07-19,19,7,2024,Friday,7
2802,2024-07-19,19,7,2024,Friday,8
2803,2024-07-19,19,7,2024,Friday,9
2804,2024-07-19,19,7,2024,Friday,10
2805,2024-07-19,19,7,2024,Friday,11
2806,2024-07-19,19,7,2024,Friday,12
2807,2024-07-19,19,7,2024,Friday,13
2808,2024-07-19,19,7,2024,Friday,14
2809,2024-07-19,19,7,2024,Friday,15
2810,2024-07-19,19,7,2024,Friday,16
2811,2024-07-19,19,7,2024,Friday,17
2812,2024-07-19,19,7,2024,Friday,18
2813,2024-07-19,19,7,2024,Friday,19
2814,2024-07-19,19,7,2024,Friday,20
2815,2024-07-20,20,7,2024,Saturday,7
2816,2024-07-20,20,7,2024,Saturday,8
2817,2024-07-20,20,7,2024,Saturday,9
2818,2024-07-20,20,7,2024,Saturday,10
2819,2024-07-20,20,7,2024,Saturday,11
2820,2024-07-20,20,7,2024,Saturday,12
2821,2024-07-20,20,7,2024,Saturday,13
2822,2024-07-20,20,7,2024,Saturday,14
2823,2024-07-20,20,7,2024,Saturday,15
2824,2024-07-20,20,7,2024,Saturday,16
2825,2024-07-20,20,7,2024,Saturday,17
2826,2024-07-20,20,7,2024,Saturday,18
2827,2024-07-20,20,7,2024,Saturday,19
2828,2024-07-20,20,7,2024,Saturday,20
2829,2024-07-21,21,7,2024,Sunday,7
2830,2024-07-21,21,7,2024,Sunday,8
2831,2024-07-21,21,7,2024,Sunday,9
2832,2024-07-21,21,7,2024,Sunday,10
2833,2024-07-21,21,7,2024,Sunday,11
2834,2024-07-21,21,7,2024,Sunday,12
2835,2024-07-21,21,7,2024,Sunday,13
2836,2024-07-21,21,7,2024,Sunday,14
2837,2024-07-21,21,7,2024,Sunday,15
2838,2024-07-21,21,7,2024,Sunday,16
2839,2024-07-21,21,7,2024,Sunday,17
2840,2024-07-21,21,7,2024,Sunday,18
2841,2024-07-21,21,7,2024,Sunday,19
2842,2024-07-21,21,7,2024,Sunday,20
2843,2024-07-22,22,7,2024,Monday,7
2844,2024-07-22,22,7,2024,Monday,8
2845,2024-07-22,22,7,2024,Monday,9
2846,2024-07-22,22,7,2024,Monday,10
2847,2024-07-22,22,7,2024,Monday,11
2848,2024-07-22,22,7,2024,Monday,12
2849,2024-07-22,22,7,2024,Monday,13
2850,2024-07-22,22,7,2024,Monday,14
2851,2024-07-22,22,7,2024,Monday,15
2852,2024-07-22,22,7,2024,Monday,16
2853,2024-07-22,22,7,2024,Monday,17
2854,2024-07-22,22,7,2024,Monday,18
2855,2024-07-22,22,7,2024,Monday,19
2856,2024-07-22,22,7,2024,Monday,20
2857,2024-07-23,23,7,2024,Tuesday,7
2858,2024-07-23,23,7,2024,Tuesday,8
2859,2024-07-23,23,7,2024,Tuesday,9
2860,2024-07-23,23,7,2024,Tuesday,10
2861,2024-07-23,23,7,2024,Tuesday,11
2862,2024-07-23,23,7,2024,Tuesday,12
2863,2024-07-23,23,7,2024,Tuesday,13
2864,2024-07-23,23,7,2024,Tuesday,14
2865,2024-07-23,23,7,2024,Tuesday,15
2866,2024-07-23,23,7,2024,Tuesday,16
2867,2024-07-23,23,7,2024,Tuesday,17
2868,2024-07-23,23,7,2024,Tuesday,18
2869,2024-07-23,23,7,2024,Tuesday,19
2870,2024-07-23,23,7,2024,Tuesday,20
2871,2024-07-24,24,7,2024,Wednesday,7
2872,2024-07-24,24,7,2024,Wednesday,8
2873,2024-07-24,24,7,2024,Wednesday,9
2874,2024-07-24,24,7,2024,Wednesday,10
2875,2024-07-24,24,7,2024,Wednesday,11
2876,2024-07-24,24,7,2024,Wednesday,12
2877,2024-07-24,24,7,2024,Wednesday,13
2878,2024-07-24,24,7,2024,Wednesday,14
2879,2024-07-24,24,7,2024,Wednesday,15
2880,2024-07-24,24,7,2024,Wednesday,16
2881,2024-07-24,24,7,2024,Wednesday,17
2882,2024-07-24,24,7,2024,Wednesday,18
2883,2024-07-24,24,7,2024,Wednesday,19
2884,2024-07-24,24,7,2024,Wednesday,20
2885,2024-07-25,25,7,2024,Thursday,7
2886,2024-07-25,25,7,2024,Thursday,8
2887,2024-07-25,25,7,2024,Thursday,9
2888,2024-07-25,25,7,2024,Thursday,10
2889,2024-07-25,25,7,2024,Thursday,11
2890,2024-07-25,25,7,2024,Thursday,12
2891,2024-07-25,25,7,2024,Thursday,13
2892,2024-07-25,25,7,2024,Thursday,14
2893,2024-07-25,25,7,2024,Thursday,15
2894,2024-07-25,25,7,2024,Thursday,16
2895,2024-07-25,25,7,2024,Thursday,17
2896,2024-07-25,25,7,2024,Thursday,18
2897,2024-07-25,25,7,2024,Thursday,19
2898,2024-07-25,25,7,2024,Thursday,20
2899,2024-07-26,26,7,2024,Friday,7
2900,2024-07-26,26,7,2024,Friday,8
2901,2024-07-26,26,7,2024,Friday,9
2902,2024-07-26,26,7,2024,Friday,10
2903,2024-07-26,26,7,2024,Friday,11
2904,2024-07-26,26,7,2024,Friday,12
2905,2024-07-26,26,7,2024,Friday,13
2906,2024-07-26,26,7,2024,Friday,14
2907,2024-07-26,26,7,2024,Friday,15
2908,2024-07-26,26,7,2024,Friday,16
2909,2024-07-26,26,7,2024,Friday,17
2910,2024-07-26,26,7,2024,Friday,18
2911,2024-07-26,26,7,2024,Friday,19
2912,2024-07-26,26,7,2024,Friday,20
2913,2024-07-27,27,7,2024,Saturday,7
2914,2024-07-27,27,7,2024,Saturday,8
2915,2024-07-27,27,7,2024,Saturday,9
2916,2024-07-27,27,7,2024,Saturday,10
2917,2024-07-27,27,7,2024,Saturday,11
2918,2024-07-27,27,7,2024,Saturday,12
2919,2024-07-27,27,7,2024,Saturday,13
2920,2024-07-27,27,7,2024,Saturday,14
2921,2024-07-27,27,7,2024,Saturday,15
2922,2024-07-27,27,7,2024,Saturday,16
2923,2024-07-27,27,7,2024,Saturday,17
2924,2024-07-27,27,7,2024,Saturday,18
2925,2024-07-27,27,7,2024,Saturday,19
2926,2024-07-27,27,7,2024,Saturday,20
2927,2024-07-28,28,7,2024,Sunday,7
2928,2024-07-28,28,7,2024,Sunday,8
2929,2024-07-28,28,7,2024,Sunday,9
2930,2024-07-28,28,7,2024,Sunday,10
2931,2024-07-28,28,7,2024,Sunday,11
2932,2024-07-28,28,7,2024,Sunday,12
2933,2024-07-28,28,7,2024,Sunday,13
2934,2024-07-28,28,7,2024,Sunday,14
2935,2024-07-28,28,7,2024,Sunday,15
2936,2024-07-28,28,7,2024,Sunday,16
2937,2024-07-28,28,7,2024,Sunday,17
2938,2024-07-28,28,7,2024,Sunday,18
2939,2024-07-28,28,7,2024,Sunday,19
2940,2024-07-28,28,7,2024,Sunday,20
2941,2024-07-29,29,7,2024,Monday,7
2942,2024-07-29,29,7,2024,Monday,8
2943,2024-07-29,29,7,2024,Monday,9
2944,2024-07-29,29,7,2024,Monday,10
2945,2024-07-29,29,7,2024,Monday,11
2946,2024-07-29,29,7,2024,Monday,12
2947,2024-07-29,29,7,2024,Monday,13
2948,2024-07-29,29,7,2024,Monday,14
2949,2024-07-29,29,7,2024,Monday,15
2950,2024-07-29,29,7,2024,Monday,16
2951,2024-07-29,29,7,2024,Monday,17
2952,2024-07-29,29,7,2024,Monday,18
2953,2024-07-29,29,7,2024,Monday,19
2954,2024-07-29,29,7,2024,Monday,20
2955,2024-07-30,30,7,2024,Tuesday,7
2956,2024-07-30,30,7,2024,Tuesday,8
2957,2024-07-30,30,7,2024,Tuesday,9
2958,2024-07-30,30,7,2024,Tuesday,10
2959,2024-07-30,30,7,2024,Tuesday,11
2960,2024-07-30,30,7,2024,Tuesday,12
2961,2024-07-30,30,7,2024,Tuesday,13
2962,2024-07-30,30,7,2024,Tuesday,14
2963,2024-07-30,30,7,2024,Tuesday,15
2964,2024-07-30,30,7,2024,Tuesday,16
2965,2024-07-30,30,7,2024,Tuesday,17
2966,2024-07-30,30,7,2024,Tuesday,18
2967,2024-07-30,30,7,2024,Tuesday,19
2968,2024-07-30,30,7,2024,Tuesday,20
2969,2024-07-31,31,7,2024,Wednesday,7
2970,2024-07-31,31,7,2024,Wednesday,8
2971,2024-07-31,31,7,2024,Wednesday,9
2972,2024-07-31,31,7,2024,Wednesday,10
2973,2024-07-31,31,7,2024,Wednesday,11
2974,2024-07-31,31,7,2024,Wednesday,12
2975,2024-07-31,31,7,2024,Wednesday,13
2976,2024-07-31,31,7,2024,Wednesday,14
2977,2024-07-31,31,7,2024,Wednesday,15
2978,2024-07-31,31,7,2024,Wednesday,16
2979,2024-07-31,31,7,2024,Wednesday,17
2980,2024-07-31,31,7,2024,Wednesday,18
2981,2024-07-31,31,7,2024,Wednesday,19
2982,2024-07-31,31,7,2024,Wednesday,20
2983,2024-08-01,1,8,2024,Thursday,7
2984,2024-08-01,1,8,2024,Thursday,8
2985,2024-08-01,1,8,2024,Thursday,9
2986,2024-08-01,1,8,2024,Thursday,10
2987,2024-08-01,1,8,2024,Thursday,11
2988,2024-08-01,1,8,2024,Thursday,12
2989,2024-08-01,1,8,2024,Thursday,13
2990,2024-08-01,1,8,2024,Thursday,14
2991,2024-08-01,1,8,2024,Thursday,15
2992,2024-08-01,1,8,2024,Thursday,16
2993,2024-08-01,1,8,2024,Thursday,17
2994,2024-08-01,1,8,2024,Thursday,18
2995,2024-08-01,1,8,2024,Thursday,19
2996,2024-08-01,1,8,2024,Thursday,20
2997,2024-08-02,2,8,2024,Friday,7
2998,2024-08-02,2,8,2024,Friday,8
2999,2024-08-02,2,8,2024,Friday,9
3000,2024-08-02,2,8,2024,Friday,10
3001,2024-08-02,2,8,2024,Friday,11
3002,2024-08-02,2,8,2024,Friday,12
3003,2024-08-02,2,8,2024,Friday,13
3004,2024-08-02,2,8,2024,Friday,14
3005,2024-08-02,2,8,2024,Friday,15
3006,2024-08-02,2,8,2024,Friday,16
3007,2024-08-02,2,8,2024,Friday,17
3008,2024-08-02,2,8,2024,Friday,18
3009,2024-08-02,2,8,2024,Friday,19
3010,2024-08-02,2,8,2024,Friday,20
3011,2024-08-03,3,8,2024,Saturday,7
3012,2024-08-03,3,8,2024,Saturday,8
3013,2024-08-03,3,8,2024,Saturday,9
3014,2024-08-03,3,8,2024,Saturday,10
3015,2024-08-03,3,8,2024,Saturday,11
3016,2024-08-03,3,8,2024,Saturday,12
3017,2024-08-03,3,8,2024,Saturday,13
3018,2024-08-03,3,8,2024,Saturday,14
3019,2024-08-03,3,8,2024,Saturday,15
3020,2024-08-03,3,8,2024,Saturday,16
3021,2024-08-03,3,8,2024,Saturday,17
3022,2024-08-03,3,8,2024,Saturday,18
3023,2024-08-03,3,8,2024,Saturday,19
3024,2024-08-03,3,8,2024,Saturday,20
3025,2024-08-04,4,8,2024,Sunday,7
3026,2024-08-04,4,8,2024,Sunday,8
3027,2024-08-04,4,8,2024,Sunday,9
3028,2024-08-04,4,8,2024,Sunday,10
3029,2024-08-04,4,8,2024,Sunday,11
3030,2024-08-04,4,8,2024,Sunday,12
3031,2024-08-04,4,8,2024,Sunday,13
3032,2024-08-04,4,8,2024,Sunday,14
3033,2024-08-04,4,8,2024,Sunday,15
3034,2024-08-04,4,8,2024,Sunday,16
3035,2024-08-04,4,8,2024,Sunday,17
3036,2024-08-04,4,8,2024,Sunday,18
3037,2024-08-04,4,8,2024,Sunday,19
3038,2024-08-04,4,8,2024,Sunday,20
3039,2024-08-05,5,8,2024,Monday,7
3040,2024-08-05,5,8,2024,Monday,8
3041,2024-08-05,5,8,2024,Monday,9
3042,2024-08-05,5,8,2024,Monday,10
3043,2024-08-05,5,8,2024,Monday,11
3044,2024-08-05,5,8,2024,Monday,12
3045,2024-08-05,5,8,2024,Monday,13
3046,2024-08-05,5,8,2024,Monday,14
3047,2024-08-05,5,8,2024,Monday,15
3048,2024-08-05,5,8,2024,Monday,16
3049,2024-08-05,5,8,2024,Monday,17
3050,2024-08-05,5,8,2024,Monday,18
3051,2024-08-05,5,8,2024,Monday,19
3052,2024-08-05,5,8,2024,Monday,20
3053,2024-08-06,6,8,2024,Tuesday,7
3054,2024-08-06,6,8,2024,Tuesday,8
3055,2024-08-06,6,8,2024,Tuesday,9
3056,2024-08-06,6,8,2024,Tuesday,10
3057,2024-08-06,6,8,2024,Tuesday,11
3058,2024-08-06,6,8,2024,Tuesday,12
3059,2024-08-06,6,8,2024,Tuesday,13
3060,2024-08-06,6,8,2024,Tuesday,14
3061,2024-08-06,6,8,2024,Tuesday,15
3062,2024-08-06,6,8,2024,Tuesday,16
3063,2024-08-06,6,8,2024,Tuesday,17
3064,2024-08-06,6,8,2024,Tuesday,18
3065,2024-08-06,6,8,2024,Tuesday,19
3066,2024-08-06,6,8,2024,Tuesday,20
3067,2024-08-07,7,8,2024,Wednesday,7
3068,2024-08-07,7,8,2024,Wednesday,8
3069,2024-08-07,7,8,2024,Wednesday,9
3070,2024-08-07,7,8,2024,Wednesday,10
3071,2024-08-07,7,8,2024,Wednesday,11
3072,2024-08-07,7,8,2024,Wednesday,12
3073,2024-08-07,7,8,2024,Wednesday,13
3074,2024-08-07,7,8,2024,Wednesday,14
3075,2024-08-07,7,8,2024,Wednesday,15
3076,2024-08-07,7,8,2024,Wednesday,16
3077,2024-08-07,7,8,2024,Wednesday,17
3078,2024-08-07,7,8,2024,Wednesday,18
3079,2024-08-07,7,8,2024,Wednesday,19
3080,2024-08-07,7,8,2024,Wednesday,20
3081,2024-08-08,8,8,2024,Thursday,7
3082,2024-08-08,8,8,2024,Thursday,8
3083,2024-08-08,8,8,2024,Thursday,9
3084,2024-08-08,8,8,2024,Thursday,10
3085,2024-08-08,8,8,2024,Thursday,11
3086,2024-08-08,8,8,2024,Thursday,12
3087,2024-08-08,8,8,2024,Thursday,13
3088,2024-08-08,8,8,2024,Thursday,14
3089,2024-08-08,8,8,2024,Thursday,15
3090,2024-08-08,8,8,2024,Thursday,16
3091,2024-08-08,8,8,2024,Thursday,17
3092,2024-08-08,8,8,2024,Thursday,18
3093,2024-08-08,8,8,2024,Thursday,19
3094,2024-08-08,8,8,2024,Thursday,20
3095,2024-08-09,9,8,2024,Friday,7
3096,2024-08-09,9,8,2024,Friday,8
3097,2024-08-09,9,8,2024,Friday,9
3098,2024-08-09,9,8,2024,Friday,10
3099,2024-08-09,9,8,2024,Friday,11
3100,2024-08-09,9,8,2024,Friday,12
3101,2024-08-09,9,8,2024,Friday,13
3102,2024-08-09,9,8,2024,Friday,14
3103,2024-08-09,9,8,2024,Friday,15
3104,2024-08-09,9,8,2024,Friday,16
3105,2024-08-09,9,8,2024,Friday,17
3106,2024-08-09,9,8,2024,Friday,18
3107,2024-08-09,9,8,2024,Friday,19
3108,2024-08-09,9,8,2024,Friday,20
3109,2024-08-10,10,8,2024,Saturday,7
3110,2024-08-10,10,8,2024,Saturday,8
3111,2024-08-10,10,8,2024,Saturday,9
3112,2024-08-10,10,8,2024,Saturday,10
3113,2024-08-10,10,8,2024,Saturday,11
3114,2024-08-10,10,8,2024,Saturday,12
3115,2024-08-10,10,8,2024,Saturday,13
3116,2024-08-10,10,8,2024,Saturday,14
3117,2024-08-10,10,8,2024,Saturday,15
3118,2024-08-10,10,8,2024,Saturday,16
3119,2024-08-10,10,8,2024,Saturday,17
3120,2024-08-10,10,8,2024,Saturday,18
3121,2024-08-10,10,8,2024,Saturday,19
3122,2024-08-10,10,8,2024,Saturday,20
3123,2024-08-11,11,8,2024,Sunday,7
3124,2024-08-11,11,8,2024,Sunday,8
3125,2024-08-11,11,8,2024,Sunday,9
3126,2024-08-11,11,8,2024,Sunday,10
3127,2024-08-11,11,8,2024,Sunday,11
3128,2024-08-11,11,8,2024,Sunday,12
3129,2024-08-11,11,8,2024,Sunday,13
3130,2024-08-11,11,8,2024,Sunday,14
3131,2024-08-11,11,8,2024,Sunday,15
3132,2024-08-11,11,8,2024,Sunday,16
3133,2024-08-11,11,8,2024,Sunday,17
3134,2024-08-11,11,8,2024,Sunday,18
3135,2024-08-11,11,8,2024,Sunday,19
3136,2024-08-11,11,8,2024,Sunday,20
3137,2024-08-12,12,8,2024,Monday,7
3138,2024-08-12,12,8,2024,Monday,8
3139,2024-08-12,12,8,2024,Monday,9
3140,2024-08-12,12,8,2024,Monday,10
3141,2024-08-12,12,8,2024,Monday,11
3142,2024-08-12,12,8,2024,Monday,12
3143,2024-08-12,12,8,2024,Monday,13
3144,2024-08-12,12,8,2024,Monday,14
3145,2024-08-12,12,8,2024,Monday,15
3146,2024-08-12,12,8,2024,Monday,16
3147,2024-08-12,12,8,2024,Monday,17
3148,2024-08-12,12,8,2024,Monday,18
3149,2024-08-12,12,8,2024,Monday,19
3150,2024-08-12,12,8,2024,Monday,20
3151,2024-08-13,13,8,2024,Tuesday,7
3152,2024-08-13,13,8,2024,Tuesday,8
3153,2024-08-13,13,8,2024,Tuesday,9
3154,2024-08-13,13,8,2024,Tuesday,10
3155,2024-08-13,13,8,2024,Tuesday,11
3156,2024-08-13,13,8,2024,Tuesday,12
3157,2024-08-13,13,8,2024,Tuesday,13
3158,2024-08-13,13,8,2024,Tuesday,14
3159,2024-08-13,13,8,2024,Tuesday,15
3160,2024-08-13,13,8,2024,Tuesday,16
3161,2024-08-13,13,8,2024,Tuesday,17
3162,2024-08-13,13,8,2024,Tuesday,18
3163,2024-08-13,13,8,2024,Tuesday,19
3164,2024-08-13,13,8,2024,Tuesday,20
3165,2024-08-14,14,8,2024,Wednesday,7
3166,2024-08-14,14,8,2024,Wednesday,8
3167,2024-08-14,14,8,2024,Wednesday,9
3168,2024-08-14,14,8,2024,Wednesday,10
3169,2024-08-14,14,8,2024,Wednesday,11
3170,2024-08-14,14,8,2024,Wednesday,12
3171,2024-08-14,14,8,2024,Wednesday,13
3172,2024-08-14,14,8,2024,Wednesday,14
3173,2024-08-14,14,8,2024,Wednesday,15
3174,2024-08-14,14,8,2024,Wednesday,16
3175,2024-08-14,14,8,2024,Wednesday,17
3176,2024-08-14,14,8,2024,Wednesday,18
3177,2024-08-14,14,8,2024,Wednesday,19
3178,2024-08-14,14,8,2024,Wednesday,20
3179,2024-08-15,15,8,2024,Thursday,7
3180,2024-08-15,15,8,2024,Thursday,8
3181,2024-08-15,15,8,2024,Thursday,9
3182,2024-08-15,15,8,2024,Thursday,10
3183,2024-08-15,15,8,2024,Thursday,11
3184,2024-08-15,15,8,2024,Thursday,12
3185,2024-08-15,15,8,2024,Thursday,13
3186,2024-08-15,15,8,2024,Thursday,14
3187,2024-08-15,15,8,2024,Thursday,15
3188,2024-08-15,15,8,2024,Thursday,16
3189,2024-08-15,15,8,2024,Thursday,17
3190,2024-08-15,15,8,2024,Thursday,18
3191,2024-08-15,15,8,2024,Thursday,19
3192,2024-08-15,15,8,2024,Thursday,20
3193,2024-08-16,16,8,2024,Friday,7
3194,2024-08-16,16,8,2024,Friday,8
3195,2024-08-16,16,8,2024,Friday,9
3196,2024-08-16,16,8,2024,Friday,10
3197,2024-08-16,16,8,2024,Friday,11
3198,2024-08-16,16,8,2024,Friday,12
3199,2024-08-16,16,8,2024,Friday,13
3200,2024-08-16,16,8,2024,Friday,14
3201,2024-08-16,16,8,2024,Friday,15
3202,2024-08-16,16,8,2024,Friday,16
3203,2024-08-16,16,8,2024,Friday,17
3204,2024-08-16,16,8,2024,Friday,18
3205,2024-08-16,16,8,2024,Friday,19
3206,2024-08-16,16,8,2024,Friday,20
3207,2024-08-17,17,8,2024,Saturday,7
3208,2024-08-17,17,8,2024,Saturday,8
3209,2024-08-17,17,8,2024,Saturday,9
3210,2024-08-17,17,8,2024,Saturday,10
3211,2024-08-17,17,8,2024,Saturday,11
3212,2024-08-17,17,8,2024,Saturday,12
3213,2024-08-17,17,8,2024,Saturday,13
3214,2024-08-17,17,8,2024,Saturday,14
3215,2024-08-17,17,8,2024,Saturday,15
3216,2024-08-17,17,8,2024,Saturday,16
3217,2024-08-17,17,8,2024,Saturday,17
3218,2024-08-17,17,8,2024,Saturday,18
3219,2024-08-17,17,8,2024,Saturday,19
3220,2024-08-17,17,8,2024,Saturday,20
3221,2024-08-18,18,8,2024,Sunday,7
3222,2024-08-18,18,8,2024,Sunday,8
3223,2024-08-18,18,8,2024,Sunday,9
3224,2024-08-18,18,8,2024,Sunday,10
3225,2024-08-18,18,8,2024,Sunday,11
3226,2024-08-18,18,8,2024,Sunday,12
3227,2024-08-18,18,8,2024,Sunday,13
3228,2024-08-18,18,8,2024,Sunday,14
3229,2024-08-18,18,8,2024,Sunday,15
3230,2024-08-18,18,8,2024,Sunday,16
3231,2024-08-18,18,8,2024,Sunday,17
3232,2024-08-18,18,8,2024,Sunday,18
3233,2024-08-18,18,8,2024,Sunday,19
3234,2024-08-18,18,8,2024,Sunday,20
3235,2024-08-19,19,8,2024,Monday,7
3236,2024-08-19,19,8,2024,Monday,8
3237,2024-08-19,19,8,2024,Monday,9
3238,2024-08-19,19,8,2024,Monday,10
3239,2024-08-19,19,8,2024,Monday,11
3240,2024-08-19,19,8,2024,Monday,12
3241,2024-08-19,19,8,2024,Monday,13
3242,2024-08-19,19,8,2024,Monday,14
3243,2024-08-19,19,8,2024,Monday,15
3244,2024-08-19,19,8,2024,Monday,16
3245,2024-08-19,19,8,2024,Monday,17
3246,2024-08-19,19,8,2024,Monday,18
3247,2024-08-19,19,8,2024,Monday,19
3248,2024-08-19,19,8,2024,Monday,20
3249,2024-08-20,20,8,2024,Tuesday,7
3250,2024-08-20,20,8,2024,Tuesday,8
3251,2024-08-20,20,8,2024,Tuesday,9
3252,2024-08-20,20,8,2024,Tuesday,10
3253,2024-08-20,20,8,2024,Tuesday,11
3254,2024-08-20,20,8,2024,Tuesday,12
3255,2024-08-20,20,8,2024,Tuesday,13
3256,2024-08-20,20,8,2024,Tuesday,14
3257,2024-08-20,20,8,2024,Tuesday,15
3258,2024-08-20,20,8,2024,Tuesday,16
3259,2024-08-20,20,8,2024,Tuesday,17
3260,2024-08-20,20,8,2024,Tuesday,18
3261,2024-08-20,20,8,2024,Tuesday,19
3262,2024-08-20,20,8,2024,Tuesday,20
3263,2024-08-21,21,8,2024,Wednesday,7
3264,2024-08-21,21,8,2024,Wednesday,8
3265,2024-08-21,21,8,2024,Wednesday,9
3266,2024-08-21,21,8,2024,Wednesday,10
3267,2024-08-21,21,8,2024,Wednesday,11
3268,2024-08-21,21,8,2024,Wednesday,12
3269,2024-08-21,21,8,2024,Wednesday,13
3270,2024-08-21,21,8,2024,Wednesday,14
3271,2024-08-21,21,8,2024,Wednesday,15
3272,2024-08-21,21,8,2024,Wednesday,16
3273,2024-08-21,21,8,2024,Wednesday,17
3274,2024-08-21,21,8,2024,Wednesday,18
3275,2024-08-21,21,8,2024,Wednesday,19
3276,2024-08-21,21,8,2024,Wednesday,20
3277,2024-08-22,22,8,2024,Thursday,7
3278,2024-08-22,22,8,2024,Thursday,8
3279,2024-08-22,22,8,2024,Thursday,9
3280,2024-08-22,22,8,2024,Thursday,10
3281,2024-08-22,22,8,2024,Thursday,11
3282,2024-08-22,22,8,2024,Thursday,12
3283,2024-08-22,22,8,2024,Thursday,13
3284,2024-08-22,22,8,2024,Thursday,14
3285,2024-08-22,22,8,2024,Thursday,15
3286,2024-08-22,22,8,2024,Thursday,16
3287,2024-08-22,22,8,2024,Thursday,17
3288,2024-08-22,22,8,2024,Thursday,18
3289,2024-08-22,22,8,2024,Thursday,19
3290,2024-08-22,22,8,2024,Thursday,20
3291,2024-08-23,23,8,2024,Friday,7
3292,2024-08-23,23,8,2024,Friday,8
3293,2024-08-23,23,8,2024,Friday,9
3294,2024-08-23,23,8,2024,Friday,10
3295,2024-08-23,23,8,2024,Friday,11
3296,2024-08-23,23,8,2024,Friday,12
3297,2024-08-23,23,8,2024,Friday,13
3298,2024-08-23,23,8,2024,Friday,14
3299,2024-08-23,23,8,2024,Friday,15
3300,2024-08-23,23,8,2024,Friday,16
3301,2024-08-23,23,8,2024,Friday,17
3302,2024-08-23,23,8,2024,Friday,18
3303,2024-08-23,23,8,2024,Friday,19
3304,2024-08-23,23,8,2024,Friday,20
3305,2024-08-24,24,8,2024,Saturday,7
3306,2024-08-24,24,8,2024,Saturday,8
3307,2024-08-24,24,8,2024,Saturday,9
3308,2024-08-24,24,8,2024,Saturday,10
3309,2024-08-24,24,8,2024,Saturday,11
3310,2024-08-24,24,8,2024,Saturday,12
3311,2024-08-24,24,8,2024,Saturday,13
3312,2024-08-24,24,8,2024,Saturday,14
3313,2024-08-24,24,8,2024,Saturday,15
3314,2024-08-24,24,8,2024,Saturday,16
3315,2024-08-24,24,8,2024,Saturday,17
3316,2024-08-24,24,8,2024,Saturday,18
3317,2024-08-24,24,8,2024,Saturday,19
3318,2024-08-24,24,8,2024,Saturday,20
3319,2024-08-25,25,8,2024,Sunday,7
3320,2024-08-25,25,8,2024,Sunday,8
3321,2024-08-25,25,8,2024,Sunday,9
3322,2024-08-25,25,8,2024,Sunday,10
3323,2024-08-25,25,8,2024,Sunday,11
3324,2024-08-25,25,8,2024,Sunday,12
3325,2024-08-25,25,8,2024,Sunday,13
3326,2024-08-25,25,8,2024,Sunday,14
3327,2024-08-25,25,8,2024,Sunday,15
3328,2024-08-25,25,8,2024,Sunday,16
3329,2024-08-25,25,8,2024,Sunday,17
3330,2024-08-25,25,8,2024,Sunday,18
3331,2024-08-25,25,8,2024,Sunday,19
3332,2024-08-25,25,8,2024,Sunday,20
3333,2024-08-26,26,8,2024,Monday,7
3334,2024-08-26,26,8,2024,Monday,8
3335,2024-08-26,26,8,2024,Monday,9
3336,2024-08-26,26,8,2024,Monday,10
3337,2024-08-26,26,8,2024,Monday,11
3338,2024-08-26,26,8,2024,Monday,12
3339,2024-08-26,26,8,2024,Monday,13
3340,2024-08-26,26,8,2024,Monday,14
3341,2024-08-26,26,8,2024,Monday,15
3342,2024-08-26,26,8,2024,Monday,16
3343,2024-08-26,26,8,2024,Monday,17
3344,2024-08-26,26,8,2024,Monday,18
3345,2024-08-26,26,8,2024,Monday,19
3346,2024-08-26,26,8,2024,Monday,20
3347,2024-08-27,27,8,2024,Tuesday,7
3348,2024-08-27,27,8,2024,Tuesday,8
3349,2024-08-27,27,8,2024,Tuesday,9
3350,2024-08-27,27,8,2024,Tuesday,10
3351,2024-08-27,27,8,2024,Tuesday,11
3352,2024-08-27,27,8,2024,Tuesday,12
3353,2024-08-27,27,8,2024,Tuesday,13
3354,2024-08-27,27,8,2024,Tuesday,14
3355,2024-08-27,27,8,2024,Tuesday,15
3356,2024-08-27,27,8,2024,Tuesday,16
3357,2024-08-27,27,8,2024,Tuesday,17
3358,2024-08-27,27,8,2024,Tuesday,18
3359,2024-08-27,27,8,2024,Tuesday,19
3360,2024-08-27,27,8,2024,Tuesday,20
3361,2024-08-28,28,8,2024,Wednesday,7
3362,2024-08-28,28,8,2024,Wednesday,8
3363,2024-08-28,28,8,2024,Wednesday,9
3364,2024-08-28,28,8,2024,Wednesday,10
3365,2024-08-28,28,8,2024,Wednesday,11
3366,2024-08-28,28,8,2024,Wednesday,12
3367,2024-08-28,28,8,2024,Wednesday,13
3368,2024-08-28,28,8,2024,Wednesday,14
3369,2024-08-28,28,8,2024,Wednesday,15
3370,2024-08-28,28,8,2024,Wednesday,16
3371,2024-08-28,28,8,2024,Wednesday,17
3372,2024-08-28,28,8,2024,Wednesday,18
3373,2024-08-28,28,8,2024,Wednesday,19
3374,2024-08-28,28,8,2024,Wednesday,20
3375,2024-08-29,29,8,2024,Thursday,7
3376,2024-08-29,29,8,2024,Thursday,8
3377,2024-08-29,29,8,2024,Thursday,9
3378,2024-08-29,29,8,2024,Thursday,10
3379,2024-08-29,29,8,2024,Thursday,11
3380,2024-08-29,29,8,2024,Thursday,12
3381,2024-08-29,29,8,2024,Thursday,13
3382,2024-08-29,29,8,2024,Thursday,14
3383,2024-08-29,29,8,2024,Thursday,15
3384,2024-08-29,29,8,2024,Thursday,16
3385,2024-08-29,29,8,2024,Thursday,17
3386,2024-08-29,29,8,2024,Thursday,18
3387,2024-08-29,29,8,2024,Thursday,19
3388,2024-08-29,29,8,2024,Thursday,20
3389,2024-08-30,30,8,2024,Friday,7
3390,2024-08-30,30,8,2024,Friday,8
3391,2024-08-30,30,8,2024,Friday,9
3392,2024-08-30,30,8,2024,Friday,10
3393,2024-08-30,30,8,2024,Friday,11
3394,2024-08-30,30,8,2024,Friday,12
3395,2024-08-30,30,8,2024,Friday,13
3396,2024-08-30,30,8,2024,Friday,14
3397,2024-08-30,30,8,2024,Friday,15
3398,2024-08-30,30,8,2024,Friday,16
3399,2024-08-30,30,8,2024,Friday,17
3400,2024-08-30,30,8,2024,Friday,18
3401,2024-08-30,30,8,2024,Friday,19
3402,2024-08-30,30,8,2024,Friday,20
3403,2024-08-31,31,8,2024,Saturday,7
3404,2024-08-31,31,8,2024,Saturday,8
3405,2024-08-31,31,8,2024,Saturday,9
3406,2024-08-31,31,8,2024,Saturday,10
3407,2024-08-31,31,8,2024,Saturday,11
3408,2024-08-31,31,8,2024,Saturday,12
3409,2024-08-31,31,8,2024,Saturday,13
3410,2024-08-31,31,8,2024,Saturday,14
3411,2024-08-31,31,8,2024,Saturday,15
3412,2024-08-31,31,8,2024,Saturday,16
3413,2024-08-31,31,8,2024,Saturday,17
3414,2024-08-31,31,8,2024,Saturday,18
3415,2024-08-31,31,8,2024,Saturday,19
3416,2024-08-31,31,8,2024,Saturday,20
3417,2024-09-01,1,9,2024,Sunday,7
3418,2024-09-01,1,9,2024,Sunday,8
3419,2024-09-01,1,9,2024,Sunday,9
3420,2024-09-01,1,9,2024,Sunday,10
3421,2024-09-01,1,9,2024,Sunday,11
3422,2024-09-01,1,9,2024,Sunday,12
3423,2024-09-01,1,9,2024,Sunday,13
3424,2024-09-01,1,9,2024,Sunday,14
3425,2024-09-01,1,9,2024,Sunday,15
3426,2024-09-01,1,9,2024,Sunday,16
3427,2024-09-01,1,9,2024,Sunday,17
3428,2024-09-01,1,9,2024,Sunday,18
3429,2024-09-01,1,9,2024,Sunday,19
3430,2024-09-01,1,9,2024,Sunday,20
3431,2024-09-02,2,9,2024,Monday,7
3432,2024-09-02,2,9,2024,Monday,8
3433,2024-09-02,2,9,2024,Monday,9
3434,2024-09-02,2,9,2024,Monday,10
3435,2024-09-02,2,9,2024,Monday,11
3436,2024-09-02,2,9,2024,Monday,12
3437,2024-09-02,2,9,2024,Monday,13
3438,2024-09-02,2,9,2024,Monday,14
3439,2024-09-02,2,9,2024,Monday,15
3440,2024-09-02,2,9,2024,Monday,16
3441,2024-09-02,2,9,2024,Monday,17
3442,2024-09-02,2,9,2024,Monday,18
3443,2024-09-02,2,9,2024,Monday,19
3444,2024-09-02,2,9,2024,Monday,20
3445,2024-09-03,3,9,2024,Tuesday,7
3446,2024-09-03,3,9,2024,Tuesday,8
3447,2024-09-03,3,9,2024,Tuesday,9
3448,2024-09-03,3,9,2024,Tuesday,10
3449,2024-09-03,3,9,2024,Tuesday,11
3450,2024-09-03,3,9,2024,Tuesday,12
3451,2024-09-03,3,9,2024,Tuesday,13
3452,2024-09-03,3,9,2024,Tuesday,14
3453,2024-09-03,3,9,2024,Tuesday,15
3454,2024-09-03,3,9,2024,Tuesday,16
3455,2024-09-03,3,9,2024,Tuesday,17
3456,2024-09-03,3,9,2024,Tuesday,18
3457,2024-09-03,3,9,2024,Tuesday,19
3458,2024-09-03,3,9,2024,Tuesday,20
3459,2024-09-04,4,9,2024,Wednesday,7
3460,2024-09-04,4,9,2024,Wednesday,8
3461,2024-09-04,4,9,2024,Wednesday,9
3462,2024-09-04,4,9,2024,Wednesday,10
3463,2024-09-04,4,9,2024,Wednesday,11
3464,2024-09-04,4,9,2024,Wednesday,12
3465,2024-09-04,4,9,2024,Wednesday,13
3466,2024-09-04,4,9,2024,Wednesday,14
3467,2024-09-04,4,9,2024,Wednesday,15
3468,2024-09-04,4,9,2024,Wednesday,16
3469,2024-09-04,4,9,2024,Wednesday,17
3470,2024-09-04,4,9,2024,Wednesday,18
3471,2024-09-04,4,9,2024,Wednesday,19
3472,2024-09-04,4,9,2024,Wednesday,20
3473,2024-09-05,5,9,2024,Thursday,7
3474,2024-09-05,5,9,2024,Thursday,8
3475,2024-09-05,5,9,2024,Thursday,9
3476,2024-09-05,5,9,2024,Thursday,10
3477,2024-09-05,5,9,2024,Thursday,11
3478,2024-09-05,5,9,2024,Thursday,12
3479,2024-09-05,5,9,2024,Thursday,13
3480,2024-09-05,5,9,2024,Thursday,14
3481,2024-09-05,5,9,2024,Thursday,15
3482,2024-09-05,5,9,2024,Thursday,16
3483,2024-09-05,5,9,2024,Thursday,17
3484,2024-09-05,5,9,2024,Thursday,18
3485,2024-09-05,5,9,2024,Thursday,19
3486,2024-09-05,5,9,2024,Thursday,20
3487,2024-09-06,6,9,2024,Friday,7
3488,2024-09-06,6,9,2024,Friday,8
3489,2024-09-06,6,9,2024,Friday,9
3490,2024-09-06,6,9,2024,Friday,10
3491,2024-09-06,6,9,2024,Friday,11
3492,2024-09-06,6,9,2024,Friday,12
3493,2024-09-06,6,9,2024,Friday,13
3494,2024-09-06,6,9,2024,Friday,14
3495,2024-09-06,6,9,2024,Friday,15
3496,2024-09-06,6,9,2024,Friday,16
3497,2024-09-06,6,9,2024,Friday,17
3498,2024-09-06,6,9,2024,Friday,18
3499,2024-09-06,6,9,2024,Friday,19
3500,2024-09-06,6,9,2024,Friday,20
3501,2024-09-07,7,9,2024,Saturday,7
3502,2024-09-07,7,9,2024,Saturday,8
3503,2024-09-07,7,9,2024,Saturday,9
3504,2024-09-07,7,9,2024,Saturday,10
3505,2024-09-07,7,9,2024,Saturday,11
3506,2024-09-07,7,9,2024,Saturday,12
3507,2024-09-07,7,9,2024,Saturday,13
3508,2024-09-07,7,9,2024,Saturday,14
3509,2024-09-07,7,9,2024,Saturday,15
3510,2024-09-07,7,9,2024,Saturday,16
3511,2024-09-07,7,9,2024,Saturday,17
3512,2024-09-07,7,9,2024,Saturday,18
3513,2024-09-07,7,9,2024,Saturday,19
3514,2024-09-07,7,9,2024,Saturday,20
3515,2024-09-08,8,9,2024,Sunday,7
3516,2024-09-08,8,9,2024,Sunday,8
3517,2024-09-08,8,9,2024,Sunday,9
3518,2024-09-08,8,9,2024,Sunday,10
3519,2024-09-08,8,9,2024,Sunday,11
3520,2024-09-08,8,9,2024,Sunday,12
3521,2024-09-08,8,9,2024,Sunday,13
3522,2024-09-08,8,9,2024,Sunday,14
3523,2024-09-08,8,9,2024,Sunday,15
3524,2024-09-08,8,9,2024,Sunday,16
3525,2024-09-08,8,9,2024,Sunday,17
3526,2024-09-08,8,9,2024,Sunday,18
3527,2024-09-08,8,9,2024,Sunday,19
3528,2024-09-08,8,9,2024,Sunday,20
3529,2024-09-09,9,9,2024,Monday,7
3530,2024-09-09,9,9,2024,Monday,8
3531,2024-09-09,9,9,2024,Monday,9
3532,2024-09-09,9,9,2024,Monday,10
3533,2024-09-09,9,9,2024,Monday,11
3534,2024-09-09,9,9,2024,Monday,12
3535,2024-09-09,9,9,2024,Monday,13
3536,2024-09-09,9,9,2024,Monday,14
3537,2024-09-09,9,9,2024,Monday,15
3538,2024-09-09,9,9,2024,Monday,16
3539,2024-09-09,9,9,2024,Monday,17
3540,2024-09-09,9,9,2024,Monday,18
3541,2024-09-09,9,9,2024,Monday,19
3542,2024-09-09,9,9,2024,Monday,20
3543,2024-09-10,10,9,2024,Tuesday,7
3544,2024-09-10,10,9,2024,Tuesday,8
3545,2024-09-10,10,9,2024,Tuesday,9
3546,2024-09-10,10,9,2024,Tuesday,10
3547,2024-09-10,10,9,2024,Tuesday,11
3548,2024-09-10,10,9,2024,Tuesday,12
3549,2024-09-10,10,9,2024,Tuesday,13
3550,2024-09-10,10,9,2024,Tuesday,14
3551,2024-09-10,10,9,2024,Tuesday,15
3552,2024-09-10,10,9,2024,Tuesday,16
3553,2024-09-10,10,9,2024,Tuesday,17
3554,2024-09-10,10,9,2024,Tuesday,18
3555,2024-09-10,10,9,2024,Tuesday,19
3556,2024-09-10,10,9,2024,Tuesday,20
3557,2024-09-11,11,9,2024,Wednesday,7
3558,2024-09-11,11,9,2024,Wednesday,8
3559,2024-09-11,11,9,2024,Wednesday,9
3560,2024-09-11,11,9,2024,Wednesday,10
3561,2024-09-11,11,9,2024,Wednesday,11
3562,2024-09-11,11,9,2024,Wednesday,12
3563,2024-09-11,11,9,2024,Wednesday,13
3564,2024-09-11,11,9,2024,Wednesday,14
3565,2024-09-11,11,9,2024,Wednesday,15
3566,2024-09-11,11,9,2024,Wednesday,16
3567,2024-09-11,11,9,2024,Wednesday,17
3568,2024-09-11,11,9,2024,Wednesday,18
3569,2024-09-11,11,9,2024,Wednesday,19
3570,2024-09-11,11,9,2024,Wednesday,20
3571,2024-09-12,12,9,2024,Thursday,7
3572,2024-09-12,12,9,2024,Thursday,8
3573,2024-09-12,12,9,2024,Thursday,9
3574,2024-09-12,12,9,2024,Thursday,10
3575,2024-09-12,12,9,2024,Thursday,11
3576,2024-09-12,12,9,2024,Thursday,12
3577,2024-09-12,12,9,2024,Thursday,13
3578,2024-09-12,12,9,2024,Thursday,14
3579,2024-09-12,12,9,2024,Thursday,15
3580,2024-09-12,12,9,2024,Thursday,16
3581,2024-09-12,12,9,2024,Thursday,17
3582,2024-09-12,12,9,2024,Thursday,18
3583,2024-09-12,12,9,2024,Thursday,19
3584,2024-09-12,12,9,2024,Thursday,20
3585,2024-09-13,13,9,2024,Friday,7
3586,2024-09-13,13,9,2024,Friday,8
3587,2024-09-13,13,9,2024,Friday,9
3588,2024-09-13,13,9,2024,Friday,10
3589,2024-09-13,13,9,2024,Friday,11
3590,2024-09-13,13,9,2024,Friday,12
3591,2024-09-13,13,9,2024,Friday,13
3592,2024-09-13,13,9,2024,Friday,14
3593,2024-09-13,13,9,2024,Friday,15
3594,2024-09-13,13,9,2024,Friday,16
3595,2024-09-13,13,9,2024,Friday,17
3596,2024-09-13,13,9,2024,Friday,18
3597,2024-09-13,13,9,2024,Friday,19
3598,2024-09-13,13,9,2024,Friday,20
3599,2024-09-14,14,9,2024,Saturday,7
3600,2024-09-14,14,9,2024,Saturday,8
3601,2024-09-14,14,9,2024,Saturday,9
3602,2024-09-14,14,9,2024,Saturday,10
3603,2024-09-14,14,9,2024,Saturday,11
3604,2024-09-14,14,9,2024,Saturday,12
3605,2024-09-14,14,9,2024,Saturday,13
3606,2024-09-14,14,9,2024,Saturday,14
3607,2024-09-14,14,9,2024,Saturday,15
3608,2024-09-14,14,9,2024,Saturday,16
3609,2024-09-14,14,9,2024,Saturday,17
3610,2024-09-14,14,9,2024,Saturday,18
3611,2024-09-14,14,9,2024,Saturday,19
3612,2024-09-14,14,9,2024,Saturday,20
3613,2024-09-15,15,9,2024,Sunday,7
3614,2024-09-15,15,9,2024,Sunday,8
3615,2024-09-15,15,9,2024,Sunday,9
3616,2024-09-15,15,9,2024,Sunday,10
3617,2024-09-15,15,9,2024,Sunday,11
3618,2024-09-15,15,9,2024,Sunday,12
3619,2024-09-15,15,9,2024,Sunday,13
3620,2024-09-15,15,9,2024,Sunday,14
3621,2024-09-15,15,9,2024,Sunday,15
3622,2024-09-15,15,9,2024,Sunday,16
3623,2024-09-15,15,9,2024,Sunday,17
3624,2024-09-15,15,9,2024,Sunday,18
3625,2024-09-15,15,9,2024,Sunday,19
3626,2024-09-15,15,9,2024,Sunday,20
3627,2024-09-16,16,9,2024,Monday,7
3628,2024-09-16,16,9,2024,Monday,8
3629,2024-09-16,16,9,2024,Monday,9
3630,2024-09-16,16,9,2024,Monday,10
3631,2024-09-16,16,9,2024,Monday,11
3632,2024-09-16,16,9,2024,Monday,12
3633,2024-09-16,16,9,2024,Monday,13
3634,2024-09-16,16,9,2024,Monday,14
3635,2024-09-16,16,9,2024,Monday,15
3636,2024-09-16,16,9,2024,Monday,16
3637,2024-09-16,16,9,2024,Monday,17
3638,2024-09-16,16,9,2024,Monday,18
3639,2024-09-16,16,9,2024,Monday,19
3640,2024-09-16,16,9,2024,Monday,20
3641,2024-09-17,17,9,2024,Tuesday,7
3642,2024-09-17,17,9,2024,Tuesday,8
3643,2024-09-17,17,9,2024,Tuesday,9
3644,2024-09-17,17,9,2024,Tuesday,10
3645,2024-09-17,17,9,2024,Tuesday,11
3646,2024-09-17,17,9,2024,Tuesday,12
3647,2024-09-17,17,9,2024,Tuesday,13
3648,2024-09-17,17,9,2024,Tuesday,14
3649,2024-09-17,17,9,2024,Tuesday,15
3650,2024-09-17,17,9,2024,Tuesday,16
3651,2024-09-17,17,9,2024,Tuesday,17
3652,2024-09-17,17,9,2024,Tuesday,18
3653,2024-09-17,17,9,2024,Tuesday,19
3654,2024-09-17,17,9,2024,Tuesday,20
3655,2024-09-18,18,9,2024,Wednesday,7
3656,2024-09-18,18,9,2024,Wednesday,8
3657,2024-09-18,18,9,2024,Wednesday,9
3658,2024-09-18,18,9,2024,Wednesday,10
3659,2024-09-18,18,9,2024,Wednesday,11
3660,2024-09-18,18,9,2024,Wednesday,12
3661,2024-09-18,18,9,2024,Wednesday,13
3662,2024-09-18,18,9,2024,Wednesday,14
3663,2024-09-18,18,9,2024,Wednesday,15
3664,2024-09-18,18,9,2024,Wednesday,16
3665,2024-09-18,18,9,2024,Wednesday,17
3666,2024-09-18,18,9,2024,Wednesday,18
3667,2024-09-18,18,9,2024,Wednesday,19
3668,2024-09-18,18,9,2024,Wednesday,20
3669,2024-09-19,19,9,2024,Thursday,7
3670,2024-09-19,19,9,2024,Thursday,8
3671,2024-09-19,19,9,2024,Thursday,9
3672,2024-09-19,19,9,2024,Thursday,10
3673,2024-09-19,19,9,2024,Thursday,11
3674,2024-09-19,19,9,2024,Thursday,12
3675,2024-09-19,19,9,2024,Thursday,13
3676,2024-09-19,19,9,2024,Thursday,14
3677,2024-09-19,19,9,2024,Thursday,15
3678,2024-09-19,19,9,2024,Thursday,16
3679,2024-09-19,19,9,2024,Thursday,17
3680,2024-09-19,19,9,2024,Thursday,18
3681,2024-09-19,19,9,2024,Thursday,19
3682,2024-09-19,19,9,2024,Thursday,20
3683,2024-09-20,20,9,2024,Friday,7
3684,2024-09-20,20,9,2024,Friday,8
3685,2024-09-20,20,9,2024,Friday,9
3686,2024-09-20,20,9,2024,Friday,10
3687,2024-09-20,20,9,2024,Friday,11
3688,2024-09-20,20,9,2024,Friday,12
3689,2024-09-20,20,9,2024,Friday,13
3690,2024-09-20,20,9,2024,Friday,14
3691,2024-09-20,20,9,2024,Friday,15
3692,2024-09-20,20,9,2024,Friday,16
3693,2024-09-20,20,9,2024,Friday,17
3694,2024-09-20,20,9,2024,Friday,18
3695,2024-09-20,20,9,2024,Friday,19
3696,2024-09-20,20,9,2024,Friday,20
3697,2024-09-21,21,9,2024,Saturday,7
3698,2024-09-21,21,9,2024,Saturday,8
3699,2024-09-21,21,9,2024,Saturday,9
3700,2024-09-21,21,9,2024,Saturday,10
3701,2024-09-21,21,9,2024,Saturday,11
3702,2024-09-21,21,9,2024,Saturday,12
3703,2024-09-21,21,9,2024,Saturday,13
3704,2024-09-21,21,9,2024,Saturday,14
3705,2024-09-21,21,9,2024,Saturday,15
3706,2024-09-21,21,9,2024,Saturday,16
3707,2024-09-21,21,9,2024,Saturday,17
3708,2024-09-21,21,9,2024,Saturday,18
3709,2024-09-21,21,9,2024,Saturday,19
3710,2024-09-21,21,9,2024,Saturday,20
3711,2024-09-22,22,9,2024,Sunday,7
3712,2024-09-22,22,9,2024,Sunday,8
3713,2024-09-22,22,9,2024,Sunday,9
3714,2024-09-22,22,9,2024,Sunday,10
3715,2024-09-22,22,9,2024,Sunday,11
3716,2024-09-22,22,9,2024,Sunday,12
3717,2024-09-22,22,9,2024,Sunday,13
3718,2024-09-22,22,9,2024,Sunday,14
3719,2024-09-22,22,9,2024,Sunday,15
3720,2024-09-22,22,9,2024,Sunday,16
3721,2024-09-22,22,9,2024,Sunday,17
3722,2024-09-22,22,9,2024,Sunday,18
3723,2024-09-22,22,9,2024,Sunday,19
3724,2024-09-22,22,9,2024,Sunday,20
3725,2024-09-23,23,9,2024,Monday,7
3726,2024-09-23,23,9,2024,Monday,8
3727,2024-09-23,23,9,2024,Monday,9
3728,2024-09-23,23,9,2024,Monday,10
3729,2024-09-23,23,9,2024,Monday,11
3730,2024-09-23,23,9,2024,Monday,12
3731,2024-09-23,23,9,2024,Monday,13
3732,2024-09-23,23,9,2024,Monday,14
3733,2024-09-23,23,9,2024,Monday,15
3734,2024-09-23,23,9,2024,Monday,16
3735,2024-09-23,23,9,2024,Monday,17
3736,2024-09-23,23,9,2024,Monday,18
3737,2024-09-23,23,9,2024,Monday,19
3738,2024-09-23,23,9,2024,Monday,20
3739,2024-09-24,24,9,2024,Tuesday,7
3740,2024-09-24,24,9,2024,Tuesday,8
3741,2024-09-24,24,9,2024,Tuesday,9
3742,2024-09-24,24,9,2024,Tuesday,10
3743,2024-09-24,24,9,2024,Tuesday,11
3744,2024-09-24,24,9,2024,Tuesday,12
3745,2024-09-24,24,9,2024,Tuesday,13
3746,2024-09-24,24,9,2024,Tuesday,14
3747,2024-09-24,24,9,2024,Tuesday,15
3748,2024-09-24,24,9,2024,Tuesday,16
3749,2024-09-24,24,9,2024,Tuesday,17
3750,2024-09-24,24,9,2024,Tuesday,18
3751,2024-09-24,24,9,2024,Tuesday,19
3752,2024-09-24,24,9,2024,Tuesday,20
3753,2024-09-25,25,9,2024,Wednesday,7
3754,2024-09-25,25,9,2024,Wednesday,8
3755,2024-09-25,25,9,2024,Wednesday,9
3756,2024-09-25,25,9,2024,Wednesday,10
3757,2024-09-25,25,9,2024,Wednesday,11
3758,2024-09-25,25,9,2024,Wednesday,12
3759,2024-09-25,25,9,2024,Wednesday,13
3760,2024-09-25,25,9,2024,Wednesday,14
3761,2024-09-25,25,9,2024,Wednesday,15
3762,2024-09-25,25,9,2024,Wednesday,16
3763,2024-09-25,25,9,2024,Wednesday,17
3764,2024-09-25,25,9,2024,Wednesday,18
3765,2024-09-25,25,9,2024,Wednesday,19
3766,2024-09-25,25,9,2024,Wednesday,20
3767,2024-09-26,26,9,2024,Thursday,7
3768,2024-09-26,26,9,2024,Thursday,8
3769,2024-09-26,26,9,2024,Thursday,9
3770,2024-09-26,26,9,2024,Thursday,10
3771,2024-09-26,26,9,2024,Thursday,11
3772,2024-09-26,26,9,2024,Thursday,12
3773,2024-09-26,26,9,2024,Thursday,13
3774,2024-09-26,26,9,2024,Thursday,14
3775,2024-09-26,26,9,2024,Thursday,15
3776,2024-09-26,26,9,2024,Thursday,16
3777,2024-09-26,26,9,2024,Thursday,17
3778,2024-09-26,26,9,2024,Thursday,18
3779,2024-09-26,26,9,2024,Thursday,19
3780,2024-09-26,26,9,2024,Thursday,20
3781,2024-09-27,27,9,2024,Friday,7
3782,2024-09-27,27,9,2024,Friday,8
3783,2024-09-27,27,9,2024,Friday,9
3784,2024-09-27,27,9,2024,Friday,10
3785,2024-09-27,27,9,2024,Friday,11
3786,2024-09-27,27,9,2024,Friday,12
3787,2024-09-27,27,9,2024,Friday,13
3788,2024-09-27,27,9,2024,Friday,14
3789,2024-09-27,27,9,2024,Friday,15
3790,2024-09-27,27,9,2024,Friday,16
3791,2024-09-27,27,9,2024,Friday,17
3792,2024-09-27,27,9,2024,Friday,18
3793,2024-09-27,27,9,2024,Friday,19
3794,2024-09-27,27,9,2024,Friday,20
3795,2024-09-28,28,9,2024,Saturday,7
3796,2024-09-28,28,9,2024,Saturday,8
3797,2024-09-28,28,9,2024,Saturday,9
3798,2024-09-28,28,9,2024,Saturday,10
3799,2024-09-28,28,9,2024,Saturday,11
3800,2024-09-28,28,9,2024,Saturday,12
3801,2024-09-28,28,9,2024,Saturday,13
3802,2024-09-28,28,9,2024,Saturday,14
3803,2024-09-28,28,9,2024,Saturday,15
3804,2024-09-28,28,9,2024,Saturday,16
3805,2024-09-28,28,9,2024,Saturday,17
3806,2024-09-28,28,9,2024,Saturday,18
3807,2024-09-28,28,9,2024,Saturday,19
3808,2024-09-28,28,9,2024,Saturday,20
3809,2024-09-29,29,9,2024,Sunday,7
3810,2024-09-29,29,9,2024,Sunday,8
3811,2024-09-29,29,9,2024,Sunday,9
3812,2024-09-29,29,9,2024,Sunday,10
3813,2024-09-29,29,9,2024,Sunday,11
3814,2024-09-29,29,9,2024,Sunday,12
3815,2024-09-29,29,9,2024,Sunday,13
3816,2024-09-29,29,9,2024,Sunday,14
3817,2024-09-29,29,9,2024,Sunday,15
3818,2024-09-29,29,9,2024,Sunday,16
3819,2024-09-29,29,9,2024,Sunday,17
3820,2024-09-29,29,9,2024,Sunday,18
3821,2024-09-29,29,9,2024,Sunday,19
3822,2024-09-29,29,9,2024,Sunday,20
3823,2024-09-30,30,9,2024,Monday,7
3824,2024-09-30,30,9,2024,Monday,8
3825,2024-09-30,30,9,2024,Monday,9
3826,2024-09-30,30,9,2024,Monday,10
3827,2024-09-30,30,9,2024,Monday,11
3828,2024-09-30,30,9,2024,Monday,12
3829,2024-09-30,30,9,2024,Monday,13
3830,2024-09-30,30,9,2024,Monday,14
3831,2024-09-30,30,9,2024,Monday,15
3832,2024-09-30,30,9,2024,Monday,16
3833,2024-09-30,30,9,2024,Monday,17
3834,2024-09-30,30,9,2024,Monday,18
3835,2024-09-30,30,9,2024,Monday,19
3836,2024-09-30,30,9,2024,Monday,20
3837,2024-10-01,1,10,2024,Tuesday,7
3838,2024-10-01,1,10,2024,Tuesday,8
3839,2024-10-01,1,10,2024,Tuesday,9
3840,2024-10-01,1,10,2024,Tuesday,10
3841,2024-10-01,1,10,2024,Tuesday,11
3842,2024-10-01,1,10,2024,Tuesday,12
3843,2024-10-01,1,10,2024,Tuesday,13
3844,2024-10-01,1,10,2024,Tuesday,14
3845,2024-10-01,1,10,2024,Tuesday,15
3846,2024-10-01,1,10,2024,Tuesday,16
3847,2024-10-01,1,10,2024,Tuesday,17
3848,2024-10-01,1,10,2024,Tuesday,18
3849,2024-10-01,1,10,2024,Tuesday,19
3850,2024-10-01,1,10,2024,Tuesday,20
3851,2024-10-02,2,10,2024,Wednesday,7
3852,2024-10-02,2,10,2024,Wednesday,8
3853,2024-10-02,2,10,2024,Wednesday,9
3854,2024-10-02,2,10,2024,Wednesday,10
3855,2024-10-02,2,10,2024,Wednesday,11
3856,2024-10-02,2,10,2024,Wednesday,12
3857,2024-10-02,2,10,2024,Wednesday,13
3858,2024-10-02,2,10,2024,Wednesday,14
3859,2024-10-02,2,10,2024,Wednesday,15
3860,2024-10-02,2,10,2024,Wednesday,16
3861,2024-10-02,2,10,2024,Wednesday,17
3862,2024-10-02,2,10,2024,Wednesday,18
3863,2024-10-02,2,10,2024,Wednesday,19
3864,2024-10-02,2,10,2024,Wednesday,20
3865,2024-10-03,3,10,2024,Thursday,7
3866,2024-10-03,3,10,2024,Thursday,8
3867,2024-10-03,3,10,2024,Thursday,9
3868,2024-10-03,3,10,2024,Thursday,10
3869,2024-10-03,3,10,2024,Thursday,11
3870,2024-10-03,3,10,2024,Thursday,12
3871,2024-10-03,3,10,2024,Thursday,13
3872,2024-10-03,3,10,2024,Thursday,14
3873,2024-10-03,3,10,2024,Thursday,15
3874,2024-10-03,3,10,2024,Thursday,16
3875,2024-10-03,3,10,2024,Thursday,17
3876,2024-10-03,3,10,2024,Thursday,18
3877,2024-10-03,3,10,2024,Thursday,19
3878,2024-10-03,3,10,2024,Thursday,20
3879,2024-10-04,4,10,2024,Friday,7
3880,2024-10-04,4,10,2024,Friday,8
3881,2024-10-04,4,10,2024,Friday,9
3882,2024-10-04,4,10,2024,Friday,10
3883,2024-10-04,4,10,2024,Friday,11
3884,2024-10-04,4,10,2024,Friday,12
3885,2024-10-04,4,10,2024,Friday,13
3886,2024-10-04,4,10,2024,Friday,14
3887,2024-10-04,4,10,2024,Friday,15
3888,2024-10-04,4,10,2024,Friday,16
3889,2024-10-04,4,10,2024,Friday,17
3890,2024-10-04,4,10,2024,Friday,18
3891,2024-10-04,4,10,2024,Friday,19
3892,2024-10-04,4,10,2024,Friday,20
3893,2024-10-05,5,10,2024,Saturday,7
3894,2024-10-05,5,10,2024,Saturday,8
3895,2024-10-05,5,10,2024,Saturday,9
3896,2024-10-05,5,10,2024,Saturday,10
3897,2024-10-05,5,10,2024,Saturday,11
3898,2024-10-05,5,10,2024,Saturday,12
3899,2024-10-05,5,10,2024,Saturday,13
3900,2024-10-05,5,10,2024,Saturday,14
3901,2024-10-05,5,10,2024,Saturday,15
3902,2024-10-05,5,10,2024,Saturday,16
3903,2024-10-05,5,10,2024,Saturday,17
3904,2024-10-05,5,10,2024,Saturday,18
3905,2024-10-05,5,10,2024,Saturday,19
3906,2024-10-05,5,10,2024,Saturday,20
3907,2024-10-06,6,10,2024,Sunday,7
3908,2024-10-06,6,10,2024,Sunday,8
3909,2024-10-06,6,10,2024,Sunday,9
3910,2024-10-06,6,10,2024,Sunday,10
3911,2024-10-06,6,10,2024,Sunday,11
3912,2024-10-06,6,10,2024,Sunday,12
3913,2024-10-06,6,10,2024,Sunday,13
3914,2024-10-06,6,10,2024,Sunday,14
3915,2024-10-06,6,10,2024,Sunday,15
3916,2024-10-06,6,10,2024,Sunday,16
3917,2024-10-06,6,10,2024,Sunday,17
3918,2024-10-06,6,10,2024,Sunday,18
3919,2024-10-06,6,10,2024,Sunday,19
3920,2024-10-06,6,10,2024,Sunday,20
3921,2024-10-07,7,10,2024,Monday,7
3922,2024-10-07,7,10,2024,Monday,8
3923,2024-10-07,7,10,2024,Monday,9
3924,2024-10-07,7,10,2024,Monday,10
3925,2024-10-07,7,10,2024,Monday,11
3926,2024-10-07,7,10,2024,Monday,12
3927,2024-10-07,7,10,2024,Monday,13
3928,2024-10-07,7,10,2024,Monday,14
3929,2024-10-07,7,10,2024,Monday,15
3930,2024-10-07,7,10,2024,Monday,16
3931,2024-10-07,7,10,2024,Monday,17
3932,2024-10-07,7,10,2024,Monday,18
3933,2024-10-07,7,10,2024,Monday,19
3934,2024-10-07,7,10,2024,Monday,20
3935,2024-10-08,8,10,2024,Tuesday,7
3936,2024-10-08,8,10,2024,Tuesday,8
3937,2024-10-08,8,10,2024,Tuesday,9
3938,2024-10-08,8,10,2024,Tuesday,10
3939,2024-10-08,8,10,2024,Tuesday,11
3940,2024-10-08,8,10,2024,Tuesday,12
3941,2024-10-08,8,10,2024,Tuesday,13
3942,2024-10-08,8,10,2024,Tuesday,14
3943,2024-10-08,8,10,2024,Tuesday,15
3944,2024-10-08,8,10,2024,Tuesday,16
3945,2024-10-08,8,10,2024,Tuesday,17
3946,2024-10-08,8,10,2024,Tuesday,18
3947,2024-10-08,8,10,2024,Tuesday,19
3948,2024-10-08,8,10,2024,Tuesday,20
3949,2024-10-09,9,10,2024,Wednesday,7
3950,2024-10-09,9,10,2024,Wednesday,8
3951,2024-10-09,9,10,2024,Wednesday,9
3952,2024-10-09,9,10,2024,Wednesday,10
3953,2024-10-09,9,10,2024,Wednesday,11
3954,2024-10-09,9,10,2024,Wednesday,12
3955,2024-10-09,9,10,2024,Wednesday,13
3956,2024-10-09,9,10,2024,Wednesday,14
3957,2024-10-09,9,10,2024,Wednesday,15
3958,2024-10-09,9,10,2024,Wednesday,16
3959,2024-10-09,9,10,2024,Wednesday,17
3960,2024-10-09,9,10,2024,Wednesday,18
3961,2024-10-09,9,10,2024,Wednesday,19
3962,2024-10-09,9,10,2024,Wednesday,20
3963,2024-10-10,10,10,2024,Thursday,7
3964,2024-10-10,10,10,2024,Thursday,8
3965,2024-10-10,10,10,2024,Thursday,9
3966,2024-10-10,10,10,2024,Thursday,10
3967,2024-10-10,10,10,2024,Thursday,11
3968,2024-10-10,10,10,2024,Thursday,12
3969,2024-10-10,10,10,2024,Thursday,13
3970,2024-10-10,10,10,2024,Thursday,14
3971,2024-10-10,10,10,2024,Thursday,15
3972,2024-10-10,10,10,2024,Thursday,16
3973,2024-10-10,10,10,2024,Thursday,17
3974,2024-10-10,10,10,2024,Thursday,18
3975,2024-10-10,10,10,2024,Thursday,19
3976,2024-10-10,10,10,2024,Thursday,20
3977,2024-10-11,11,10,2024,Friday,7
3978,2024-10-11,11,10,2024,Friday,8
3979,2024-10-11,11,10,2024,Friday,9
3980,2024-10-11,11,10,2024,Friday,10
3981,2024-10-11,11,10,2024,Friday,11
3982,2024-10-11,11,10,2024,Friday,12
3983,2024-10-11,11,10,2024,Friday,13
3984,2024-10-11,11,10,2024,Friday,14
3985,2024-10-11,11,10,2024,Friday,15
3986,2024-10-11,11,10,2024,Friday,16
3987,2024-10-11,11,10,2024,Friday,17
3988,2024-10-11,11,10,2024,Friday,18
3989,2024-10-11,11,10,2024,Friday,19
3990,2024-10-11,11,10,2024,Friday,20
3991,2024-10-12,12,10,2024,Saturday,7
3992,2024-10-12,12,10,2024,Saturday,8
3993,2024-10-12,12,10,2024,Saturday,9
3994,2024-10-12,12,10,2024,Saturday,10
3995,2024-10-12,12,10,2024,Saturday,11
3996,2024-10-12,12,10,2024,Saturday,12
3997,2024-10-12,12,10,2024,Saturday,13
3998,2024-10-12,12,10,2024,Saturday,14
3999,2024-10-12,12,10,2024,Saturday,15
4000,2024-10-12,12,10,2024,Saturday,16
4001,2024-10-12,12,10,2024,Saturday,17
4002,2024-10-12,12,10,2024,Saturday,18
4003,2024-10-12,12,10,2024,Saturday,19
4004,2024-10-12,12,10,2024,Saturday,20
4005,2024-10-13,13,10,2024,Sunday,7
4006,2024-10-13,13,10,2024,Sunday,8
4007,2024-10-13,13,10,2024,Sunday,9
4008,2024-10-13,13,10,2024,Sunday,10
4009,2024-10-13,13,10,2024,Sunday,11
4010,2024-10-13,13,10,2024,Sunday,12
4011,2024-10-13,13,10,2024,Sunday,13
4012,2024-10-13,13,10,2024,Sunday,14
4013,2024-10-13,13,10,2024,Sunday,15
4014,2024-10-13,13,10,2024,Sunday,16
4015,2024-10-13,13,10,2024,Sunday,17
4016,2024-10-13,13,10,2024,Sunday,18
4017,2024-10-13,13,10,2024,Sunday,19
4018,2024-10-13,13,10,2024,Sunday,20
4019,2024-10-14,14,10,2024,Monday,7
4020,2024-10-14,14,10,2024,Monday,8
4021,2024-10-14,14,10,2024,Monday,9
4022,2024-10-14,14,10,2024,Monday,10
4023,2024-10-14,14,10,2024,Monday,11
4024,2024-10-14,14,10,2024,Monday,12
4025,2024-10-14,14,10,2024,Monday,13
4026,2024-10-14,14,10,2024,Monday,14
4027,2024-10-14,14,10,2024,Monday,15
4028,2024-10-14,14,10,2024,Monday,16
4029,2024-10-14,14,10,2024,Monday,17
4030,2024-10-14,14,10,2024,Monday,18
4031,2024-10-14,14,10,2024,Monday,19
4032,2024-10-14,14,10,2024,Monday,20
4033,2024-10-15,15,10,2024,Tuesday,7
4034,2024-10-15,15,10,2024,Tuesday,8
4035,2024-10-15,15,10,2024,Tuesday,9
4036,2024-10-15,15,10,2024,Tuesday,10
4037,2024-10-15,15,10,2024,Tuesday,11
4038,2024-10-15,15,10,2024,Tuesday,12
4039,2024-10-15,15,10,2024,Tuesday,13
4040,2024-10-15,15,10,2024,Tuesday,14
4041,2024-10-15,15,10,2024,Tuesday,15
4042,2024-10-15,15,10,2024,Tuesday,16
4043,2024-10-15,15,10,2024,Tuesday,17
4044,2024-10-15,15,10,2024,Tuesday,18
4045,2024-10-15,15,10,2024,Tuesday,19
4046,2024-10-15,15,10,2024,Tuesday,20
4047,2024-10-16,16,10,2024,Wednesday,7
4048,2024-10-16,16,10,2024,Wednesday,8
4049,2024-10-16,16,10,2024,Wednesday,9
4050,2024-10-16,16,10,2024,Wednesday,10
4051,2024-10-16,16,10,2024,Wednesday,11
4052,2024-10-16,16,10,2024,Wednesday,12
4053,2024-10-16,16,10,2024,Wednesday,13
4054,2024-10-16,16,10,2024,Wednesday,14
4055,2024-10-16,16,10,2024,Wednesday,15
4056,2024-10-16,16,10,2024,Wednesday,16
4057,2024-10-16,16,10,2024,Wednesday,17
4058,2024-10-16,16,10,2024,Wednesday,18
4059,2024-10-16,16,10,2024,Wednesday,19
4060,2024-10-16,16,10,2024,Wednesday,20
4061,2024-10-17,17,10,2024,Thursday,7
4062,2024-10-17,17,10,2024,Thursday,8
4063,2024-10-17,17,10,2024,Thursday,9
4064,2024-10-17,17,10,2024,Thursday,10
4065,2024-10-17,17,10,2024,Thursday,11
4066,2024-10-17,17,10,2024,Thursday,12
4067,2024-10-17,17,10,2024,Thursday,13
4068,2024-10-17,17,10,2024,Thursday,14
4069,2024-10-17,17,10,2024,Thursday,15
4070,2024-10-17,17,10,2024,Thursday,16
4071,2024-10-17,17,10,2024,Thursday,17
4072,2024-10-17,17,10,2024,Thursday,18
4073,2024-10-17,17,10,2024,Thursday,19
4074,2024-10-17,17,10,2024,Thursday,20
4075,2024-10-18,18,10,2024,Friday,7
4076,2024-10-18,18,10,2024,Friday,8
4077,2024-10-18,18,10,2024,Friday,9
4078,2024-10-18,18,10,2024,Friday,10
4079,2024-10-18,18,10,2024,Friday,11
4080,2024-10-18,18,10,2024,Friday,12
4081,2024-10-18,18,10,2024,Friday,13
4082,2024-10-18,18,10,2024,Friday,14
4083,2024-10-18,18,10,2024,Friday,15
4084,2024-10-18,18,10,2024,Friday,16
4085,2024-10-18,18,10,2024,Friday,17
4086,2024-10-18,18,10,2024,Friday,18
4087,2024-10-18,18,10,2024,Friday,19
4088,2024-10-18,18,10,2024,Friday,20
4089,2024-10-19,19,10,2024,Saturday,7
4090,2024-10-19,19,10,2024,Saturday,8
4091,2024-10-19,19,10,2024,Saturday,9
4092,2024-10-19,19,10,2024,Saturday,10
4093,2024-10-19,19,10,2024,Saturday,11
4094,2024-10-19,19,10,2024,Saturday,12
4095,2024-10-19,19,10,2024,Saturday,13
4096,2024-10-19,19,10,2024,Saturday,14
4097,2024-10-19,19,10,2024,Saturday,15
4098,2024-10-19,19,10,2024,Saturday,16
4099,2024-10-19,19,10,2024,Saturday,17
4100,2024-10-19,19,10,2024,Saturday,18
4101,2024-10-19,19,10,2024,Saturday,19
4102,2024-10-19,19,10,2024,Saturday,20
4103,2024-10-20,20,10,2024,Sunday,7
4104,2024-10-20,20,10,2024,Sunday,8
4105,2024-10-20,20,10,2024,Sunday,9
4106,2024-10-20,20,10,2024,Sunday,10
4107,2024-10-20,20,10,2024,Sunday,11
4108,2024-10-20,20,10,2024,Sunday,12
4109,2024-10-20,20,10,2024,Sunday,13
4110,2024-10-20,20,10,2024,Sunday,14
4111,2024-10-20,20,10,2024,Sunday,15
4112,2024-10-20,20,10,2024,Sunday,16
4113,2024-10-20,20,10,2024,Sunday,17
4114,2024-10-20,20,10,2024,Sunday,18
4115,2024-10-20,20,10,2024,Sunday,19
4116,2024-10-20,20,10,2024,Sunday,20
4117,2024-10-21,21,10,2024,Monday,7
4118,2024-10-21,21,10,2024,Monday,8
4119,2024-10-21,21,10,2024,Monday,9
4120,2024-10-21,21,10,2024,Monday,10
4121,2024-10-21,21,10,2024,Monday,11
4122,2024-10-21,21,10,2024,Monday,12
4123,2024-10-21,21,10,2024,Monday,13
4124,2024-10-21,21,10,2024,Monday,14
4125,2024-10-21,21,10,2024,Monday,15
4126,2024-10-21,21,10,2024,Monday,16
4127,2024-10-21,21,10,2024,Monday,17
4128,2024-10-21,21,10,2024,Monday,18
4129,2024-10-21,21,10,2024,Monday,19
4130,2024-10-21,21,10,2024,Monday,20
4131,2024-10-22,22,10,2024,Tuesday,7
4132,2024-10-22,22,10,2024,Tuesday,8
4133,2024-10-22,22,10,2024,Tuesday,9
4134,2024-10-22,22,10,2024,Tuesday,10
4135,2024-10-22,22,10,2024,Tuesday,11
4136,2024-10-22,22,10,2024,Tuesday,12
4137,2024-10-22,22,10,2024,Tuesday,13
4138,2024-10-22,22,10,2024,Tuesday,14
4139,2024-10-22,22,10,2024,Tuesday,15
4140,2024-10-22,22,10,2024,Tuesday,16
4141,2024-10-22,22,10,2024,Tuesday,17
4142,2024-10-22,22,10,2024,Tuesday,18
4143,2024-10-22,22,10,2024,Tuesday,19
4144,2024-10-22,22,10,2024,Tuesday,20
4145,2024-10-23,23,10,2024,Wednesday,7
4146,2024-10-23,23,10,2024,Wednesday,8
4147,2024-10-23,23,10,2024,Wednesday,9
4148,2024-10-23,23,10,2024,Wednesday,10
4149,2024-10-23,23,10,2024,Wednesday,11
4150,2024-10-23,23,10,2024,Wednesday,12
4151,2024-10-23,23,10,2024,Wednesday,13
4152,2024-10-23,23,10,2024,Wednesday,14
4153,2024-10-23,23,10,2024,Wednesday,15
4154,2024-10-23,23,10,2024,Wednesday,16
4155,2024-10-23,23,10,2024,Wednesday,17
4156,2024-10-23,23,10,2024,Wednesday,18
4157,2024-10-23,23,10,2024,Wednesday,19
4158,2024-10-23,23,10,2024,Wednesday,20
4159,2024-10-24,24,10,2024,Thursday,7
4160,2024-10-24,24,10,2024,Thursday,8
4161,2024-10-24,24,10,2024,Thursday,9
4162,2024-10-24,24,10,2024,Thursday,10
4163,2024-10-24,24,10,2024,Thursday,11
4164,2024-10-24,24,10,2024,Thursday,12
4165,2024-10-24,24,10,2024,Thursday,13
4166,2024-10-24,24,10,2024,Thursday,14
4167,2024-10-24,24,10,2024,Thursday,15
4168,2024-10-24,24,10,2024,Thursday,16
4169,2024-10-24,24,10,2024,Thursday,17
4170,2024-10-24,24,10,2024,Thursday,18
4171,2024-10-24,24,10,2024,Thursday,19
4172,2024-10-24,24,10,2024,Thursday,20
4173,2024-10-25,25,10,2024,Friday,7
4174,2024-10-25,25,10,2024,Friday,8
4175,2024-10-25,25,10,2024,Friday,9
4176,2024-10-25,25,10,2024,Friday,10
4177,2024-10-25,25,10,2024,Friday,11
4178,2024-10-25,25,10,2024,Friday,12
4179,2024-10-25,25,10,2024,Friday,13
4180,2024-10-25,25,10,2024,Friday,14
4181,2024-10-25,25,10,2024,Friday,15
4182,2024-10-25,25,10,2024,Friday,16
4183,2024-10-25,25,10,2024,Friday,17
4184,2024-10-25,25,10,2024,Friday,18
4185,2024-10-25,25,10,2024,Friday,19
4186,2024-10-25,25,10,2024,Friday,20
4187,2024-10-26,26,10,2024,Saturday,7
4188,2024-10-26,26,10,2024,Saturday,8
4189,2024-10-26,26,10,2024,Saturday,9
4190,2024-10-26,26,10,2024,Saturday,10
4191,2024-10-26,26,10,2024,Saturday,11
4192,2024-10-26,26,10,2024,Saturday,12
4193,2024-10-26,26,10,2024,Saturday,13
4194,2024-10-26,26,10,2024,Saturday,14
4195,2024-10-26,26,10,2024,Saturday,15
4196,2024-10-26,26,10,2024,Saturday,16
4197,2024-10-26,26,10,2024,Saturday,17
4198,2024-10-26,26,10,2024,Saturday,18
4199,2024-10-26,26,10,2024,Saturday,19
4200,2024-10-26,26,10,2024,Saturday,20
4201,2024-10-27,27,10,2024,Sunday,7
4202,2024-10-27,27,10,2024,Sunday,8
4203,2024-10-27,27,10,2024,Sunday,9
4204,2024-10-27,27,10,2024,Sunday,10
4205,2024-10-27,27,10,2024,Sunday,11
4206,2024-10-27,27,10,2024,Sunday,12
4207,2024-10-27,27,10,2024,Sunday,13
4208,2024-10-27,27,10,2024,Sunday,14
4209,2024-10-27,27,10,2024,Sunday,15
4210,2024-10-27,27,10,2024,Sunday,16
4211,2024-10-27,27,10,2024,Sunday,17
4212,2024-10-27,27,10,2024,Sunday,18
4213,2024-10-27,27,10,2024,Sunday,19
4214,2024-10-27,27,10,2024,Sunday,20
4215,2024-10-28,28,10,2024,Monday,7
4216,2024-10-28,28,10,2024,Monday,8
4217,2024-10-28,28,10,2024,Monday,9
4218,2024-10-28,28,10,2024,Monday,10
4219,2024-10-28,28,10,2024,Monday,11
4220,2024-10-28,28,10,2024,Monday,12
4221,2024-10-28,28,10,2024,Monday,13
4222,2024-10-28,28,10,2024,Monday,14
4223,2024-10-28,28,10,2024,Monday,15
4224,2024-10-28,28,10,2024,Monday,16
4225,2024-10-28,28,10,2024,Monday,17
4226,2024-10-28,28,10,2024,Monday,18
4227,2024-10-28,28,10,2024,Monday,19
4228,2024-10-28,28,10,2024,Monday,20
4229,2024-10-29,29,10,2024,Tuesday,7
4230,2024-10-29,29,10,2024,Tuesday,8
4231,2024-10-29,29,10,2024,Tuesday,9
4232,2024-10-29,29,10,2024,Tuesday,10
4233,2024-10-29,29,10,2024,Tuesday,11
4234,2024-10-29,29,10,2024,Tuesday,12
4235,2024-10-29,29,10,2024,Tuesday,13
4236,2024-10-29,29,10,2024,Tuesday,14
4237,2024-10-29,29,10,2024,Tuesday,15
4238,2024-10-29,29,10,2024,Tuesday,16
4239,2024-10-29,29,10,2024,Tuesday,17
4240,2024-10-29,29,10,2024,Tuesday,18
4241,2024-10-29,29,10,2024,Tuesday,19
4242,2024-10-29,29,10,2024,Tuesday,20
4243,2024-10-30,30,10,2024,Wednesday,7
4244,2024-10-30,30,10,2024,Wednesday,8
4245,2024-10-30,30,10,2024,Wednesday,9
4246,2024-10-30,30,10,2024,Wednesday,10
4247,2024-10-30,30,10,2024,Wednesday,11
4248,2024-10-30,30,10,2024,Wednesday,12
4249,2024-10-30,30,10,2024,Wednesday,13
4250,2024-10-30,30,10,2024,Wednesday,14
4251,2024-10-30,30,10,2024,Wednesday,15
4252,2024-10-30,30,10,2024,Wednesday,16
4253,2024-10-30,30,10,2024,Wednesday,17
4254,2024-10-30,30,10,2024,Wednesday,18
4255,2024-10-30,30,10,2024,Wednesday,19
4256,2024-10-30,30,10,2024,Wednesday,20
4257,2024-10-31,31,10,2024,Thursday,7
4258,2024-10-31,31,10,2024,Thursday,8
4259,2024-10-31,31,10,2024,Thursday,9
4260,2024-10-31,31,10,2024,Thursday,10
4261,2024-10-31,31,10,2024,Thursday,11
4262,2024-10-31,31,10,2024,Thursday,12
4263,2024-10-31,31,10,2024,Thursday,13
4264,2024-10-31,31,10,2024,Thursday,14
4265,2024-10-31,31,10,2024,Thursday,15
4266,2024-10-31,31,10,2024,Thursday,16
4267,2024-10-31,31,10,2024,Thursday,17
4268,2024-10-31,31,10,2024,Thursday,18
4269,2024-10-31,31,10,2024,Thursday,19
4270,2024-10-31,31,10,2024,Thursday,20
4271,2024-11-01,1,11,2024,Friday,7
4272,2024-11-01,1,11,2024,Friday,8
4273,2024-11-01,1,11,2024,Friday,9
4274,2024-11-01,1,11,2024,Friday,10
4275,2024-11-01,1,11,2024,Friday,11
4276,2024-11-01,1,11,2024,Friday,12
4277,2024-11-01,1,11,2024,Friday,13
4278,2024-11-01,1,11,2024,Friday,14
4279,2024-11-01,1,11,2024,Friday,15
4280,2024-11-01,1,11,2024,Friday,16
4281,2024-11-01,1,11,2024,Friday,17
4282,2024-11-01,1,11,2024,Friday,18
4283,2024-11-01,1,11,2024,Friday,19
4284,2024-11-01,1,11,2024,Friday,20
4285,2024-11-02,2,11,2024,Saturday,7
4286,2024-11-02,2,11,2024,Saturday,8
4287,2024-11-02,2,11,2024,Saturday,9
4288,2024-11-02,2,11,2024,Saturday,10
4289,2024-11-02,2,11,2024,Saturday,11
4290,2024-11-02,2,11,2024,Saturday,12
4291,2024-11-02,2,11,2024,Saturday,13
4292,2024-11-02,2,11,2024,Saturday,14
4293,2024-11-02,2,11,2024,Saturday,15
4294,2024-11-02,2,11,2024,Saturday,16
4295,2024-11-02,2,11,2024,Saturday,17
4296,2024-11-02,2,11,2024,Saturday,18
4297,2024-11-02,2,11,2024,Saturday,19
4298,2024-11-02,2,11,2024,Saturday,20
4299,2024-11-03,3,11,2024,Sunday,7
4300,2024-11-03,3,11,2024,Sunday,8
4301,2024-11-03,3,11,2024,Sunday,9
4302,2024-11-03,3,11,2024,Sunday,10
4303,2024-11-03,3,11,2024,Sunday,11
4304,2024-11-03,3,11,2024,Sunday,12
4305,2024-11-03,3,11,2024,Sunday,13
4306,2024-11-03,3,11,2024,Sunday,14
4307,2024-11-03,3,11,2024,Sunday,15
4308,2024-11-03,3,11,2024,Sunday,16
4309,2024-11-03,3,11,2024,Sunday,17
4310,2024-11-03,3,11,2024,Sunday,18
4311,2024-11-03,3,11,2024,Sunday,19
4312,2024-11-03,3,11,2024,Sunday,20
4313,2024-11-04,4,11,2024,Monday,7
4314,2024-11-04,4,11,2024,Monday,8
4315,2024-11-04,4,11,2024,Monday,9
4316,2024-11-04,4,11,2024,Monday,10
4317,2024-11-04,4,11,2024,Monday,11
4318,2024-11-04,4,11,2024,Monday,12
4319,2024-11-04,4,11,2024,Monday,13
4320,2024-11-04,4,11,2024,Monday,14
4321,2024-11-04,4,11,2024,Monday,15
4322,2024-11-04,4,11,2024,Monday,16
4323,2024-11-04,4,11,2024,Monday,17
4324,2024-11-04,4,11,2024,Monday,18
4325,2024-11-04,4,11,2024,Monday,19
4326,2024-11-04,4,11,2024,Monday,20
4327,2024-11-05,5,11,2024,Tuesday,7
4328,2024-11-05,5,11,2024,Tuesday,8
4329,2024-11-05,5,11,2024,Tuesday,9
4330,2024-11-05,5,11,2024,Tuesday,10
4331,2024-11-05,5,11,2024,Tuesday,11
4332,2024-11-05,5,11,2024,Tuesday,12
4333,2024-11-05,5,11,2024,Tuesday,13
4334,2024-11-05,5,11,2024,Tuesday,14
4335,2024-11-05,5,11,2024,Tuesday,15
4336,2024-11-05,5,11,2024,Tuesday,16
4337,2024-11-05,5,11,2024,Tuesday,17
4338,2024-11-05,5,11,2024,Tuesday,18
4339,2024-11-05,5,11,2024,Tuesday,19
4340,2024-11-05,5,11,2024,Tuesday,20
4341,2024-11-06,6,11,2024,Wednesday,7
4342,2024-11-06,6,11,2024,Wednesday,8
4343,2024-11-06,6,11,2024,Wednesday,9
4344,2024-11-06,6,11,2024,Wednesday,10
4345,2024-11-06,6,11,2024,Wednesday,11
4346,2024-11-06,6,11,2024,Wednesday,12
4347,2024-11-06,6,11,2024,Wednesday,13
4348,2024-11-06,6,11,2024,Wednesday,14
4349,2024-11-06,6,11,2024,Wednesday,15
4350,2024-11-06,6,11,2024,Wednesday,16
4351,2024-11-06,6,11,2024,Wednesday,17
4352,2024-11-06,6,11,2024,Wednesday,18
4353,2024-11-06,6,11,2024,Wednesday,19
4354,2024-11-06,6,11,2024,Wednesday,20
4355,2024-11-07,7,11,2024,Thursday,7
4356,2024-11-07,7,11,2024,Thursday,8
4357,2024-11-07,7,11,2024,Thursday,9
4358,2024-11-07,7,11,2024,Thursday,10
4359,2024-11-07,7,11,2024,Thursday,11
4360,2024-11-07,7,11,2024,Thursday,12
4361,2024-11-07,7,11,2024,Thursday,13
4362,2024-11-07,7,11,2024,Thursday,14
4363,2024-11-07,7,11,2024,Thursday,15
4364,2024-11-07,7,11,2024,Thursday,16
4365,2024-11-07,7,11,2024,Thursday,17
4366,2024-11-07,7,11,2024,Thursday,18
4367,2024-11-07,7,11,2024,Thursday,19
4368,2024-11-07,7,11,2024,Thursday,20
4369,2024-11-08,8,11,2024,Friday,7
4370,2024-11-08,8,11,2024,Friday,8
4371,2024-11-08,8,11,2024,Friday,9
4372,2024-11-08,8,11,2024,Friday,10
4373,2024-11-08,8,11,2024,Friday,11
4374,2024-11-08,8,11,2024,Friday,12
4375,2024-11-08,8,11,2024,Friday,13
4376,2024-11-08,8,11,2024,Friday,14
4377,2024-11-08,8,11,2024,Friday,15
4378,2024-11-08,8,11,2024,Friday,16
4379,2024-11-08,8,11,2024,Friday,17
4380,2024-11-08,8,11,2024,Friday,18
4381,2024-11-08,8,11,2024,Friday,19
4382,2024-11-08,8,11,2024,Friday,20
4383,2024-11-09,9,11,2024,Saturday,7
4384,2024-11-09,9,11,2024,Saturday,8
4385,2024-11-09,9,11,2024,Saturday,9
4386,2024-11-09,9,11,2024,Saturday,10
4387,2024-11-09,9,11,2024,Saturday,11
4388,2024-11-09,9,11,2024,Saturday,12
4389,2024-11-09,9,11,2024,Saturday,13
4390,2024-11-09,9,11,2024,Saturday,14
4391,2024-11-09,9,11,2024,Saturday,15
4392,2024-11-09,9,11,2024,Saturday,16
4393,2024-11-09,9,11,2024,Saturday,17
4394,2024-11-09,9,11,2024,Saturday,18
4395,2024-11-09,9,11,2024,Saturday,19
4396,2024-11-09,9,11,2024,Saturday,20
4397,2024-11-10,10,11,2024,Sunday,7
4398,2024-11-10,10,11,2024,Sunday,8
4399,2024-11-10,10,11,2024,Sunday,9
4400,2024-11-10,10,11,2024,Sunday,10
4401,2024-11-10,10,11,2024,Sunday,11
4402,2024-11-10,10,11,2024,Sunday,12
4403,2024-11-10,10,11,2024,Sunday,13
4404,2024-11-10,10,11,2024,Sunday,14
4405,2024-11-10,10,11,2024,Sunday,15
4406,2024-11-10,10,11,2024,Sunday,16
4407,2024-11-10,10,11,2024,Sunday,17
4408,2024-11-10,10,11,2024,Sunday,18
4409,2024-11-10,10,11,2024,Sunday,19
4410,2024-11-10,10,11,2024,Sunday,20
4411,2024-11-11,11,11,2024,Monday,7
4412,2024-11-11,11,11,2024,Monday,8
4413,2024-11-11,11,11,2024,Monday,9
4414,2024-11-11,11,11,2024,Monday,10
4415,2024-11-11,11,11,2024,Monday,11
4416,2024-11-11,11,11,2024,Monday,12
4417,2024-11-11,11,11,2024,Monday,13
4418,2024-11-11,11,11,2024,Monday,14
4419,2024-11-11,11,11,2024,Monday,15
4420,2024-11-11,11,11,2024,Monday,16
4421,2024-11-11,11,11,2024,Monday,17
4422,2024-11-11,11,11,2024,Monday,18
4423,2024-11-11,11,11,2024,Monday,19
4424,2024-11-11,11,11,2024,Monday,20
4425,2024-11-12,12,11,2024,Tuesday,7
4426,2024-11-12,12,11,2024,Tuesday,8
4427,2024-11-12,12,11,2024,Tuesday,9
4428,2024-11-12,12,11,2024,Tuesday,10
4429,2024-11-12,12,11,2024,Tuesday,11
4430,2024-11-12,12,11,2024,Tuesday,12
4431,2024-11-12,12,11,2024,Tuesday,13
4432,2024-11-12,12,11,2024,Tuesday,14
4433,2024-11-12,12,11,2024,Tuesday,15
4434,2024-11-12,12,11,2024,Tuesday,16
4435,2024-11-12,12,11,2024,Tuesday,17
4436,2024-11-12,12,11,2024,Tuesday,18
4437,2024-11-12,12,11,2024,Tuesday,19
4438,2024-11-12,12,11,2024,Tuesday,20
4439,2024-11-13,13,11,2024,Wednesday,7
4440,2024-11-13,13,11,2024,Wednesday,8
4441,2024-11-13,13,11,2024,Wednesday,9
4442,2024-11-13,13,11,2024,Wednesday,10
4443,2024-11-13,13,11,2024,Wednesday,11
4444,2024-11-13,13,11,2024,Wednesday,12
4445,2024-11-13,13,11,2024,Wednesday,13
4446,2024-11-13,13,11,2024,Wednesday,14
4447,2024-11-13,13,11,2024,Wednesday,15
4448,2024-11-13,13,11,2024,Wednesday,16
4449,2024-11-13,13,11,2024,Wednesday,17
4450,2024-11-13,13,11,2024,Wednesday,18
4451,2024-11-13,13,11,2024,Wednesday,19
4452,2024-11-13,13,11,2024,Wednesday,20
4453,2024-11-14,14,11,2024,Thursday,7
4454,2024-11-14,14,11,2024,Thursday,8
4455,2024-11-14,14,11,2024,Thursday,9
4456,2024-11-14,14,11,2024,Thursday,10
4457,2024-11-14,14,11,2024,Thursday,11
4458,2024-11-14,14,11,2024,Thursday,12
4459,2024-11-14,14,11,2024,Thursday,13
4460,2024-11-14,14,11,2024,Thursday,14
4461,2024-11-14,14,11,2024,Thursday,15
4462,2024-11-14,14,11,2024,Thursday,16
4463,2024-11-14,14,11,2024,Thursday,17
4464,2024-11-14,14,11,2024,Thursday,18
4465,2024-11-14,14,11,2024,Thursday,19
4466,2024-11-14,14,11,2024,Thursday,20
4467,2024-11-15,15,11,2024,Friday,7
4468,2024-11-15,15,11,2024,Friday,8
4469,2024-11-15,15,11,2024,Friday,9
4470,2024-11-15,15,11,2024,Friday,10
4471,2024-11-15,15,11,2024,Friday,11
4472,2024-11-15,15,11,2024,Friday,12
4473,2024-11-15,15,11,2024,Friday,13
4474,2024-11-15,15,11,2024,Friday,14
4475,2024-11-15,15,11,2024,Friday,15
4476,2024-11-15,15,11,2024,Friday,16
4477,2024-11-15,15,11,2024,Friday,17
4478,2024-11-15,15,11,2024,Friday,18
4479,2024-11-15,15,11,2024,Friday,19
4480,2024-11-15,15,11,2024,Friday,20
4481,2024-11-16,16,11,2024,Saturday,7
4482,2024-11-16,16,11,2024,Saturday,8
4483,2024-11-16,16,11,2024,Saturday,9
4484,2024-11-16,16,11,2024,Saturday,10
4485,2024-11-16,16,11,2024,Saturday,11
4486,2024-11-16,16,11,2024,Saturday,12
4487,2024-11-16,16,11,2024,Saturday,13
4488,2024-11-16,16,11,2024,Saturday,14
4489,2024-11-16,16,11,2024,Saturday,15
4490,2024-11-16,16,11,2024,Saturday,16
4491,2024-11-16,16,11,2024,Saturday,17
4492,2024-11-16,16,11,2024,Saturday,18
4493,2024-11-16,16,11,2024,Saturday,19
4494,2024-11-16,16,11,2024,Saturday,20
4495,2024-11-17,17,11,2024,Sunday,7
4496,2024-11-17,17,11,2024,Sunday,8
4497,2024-11-17,17,11,2024,Sunday,9
4498,2024-11-17,17,11,2024,Sunday,10
4499,2024-11-17,17,11,2024,Sunday,11
4500,2024-11-17,17,11,2024,Sunday,12
4501,2024-11-17,17,11,2024,Sunday,13
4502,2024-11-17,17,11,2024,Sunday,14
4503,2024-11-17,17,11,2024,Sunday,15
4504,2024-11-17,17,11,2024,Sunday,16
4505,2024-11-17,17,11,2024,Sunday,17
4506,2024-11-17,17,11,2024,Sunday,18
4507,2024-11-17,17,11,2024,Sunday,19
4508,2024-11-17,17,11,2024,Sunday,20
4509,2024-11-18,18,11,2024,Monday,7
4510,2024-11-18,18,11,2024,Monday,8
4511,2024-11-18,18,11,2024,Monday,9
4512,2024-11-18,18,11,2024,Monday,10
4513,2024-11-18,18,11,2024,Monday,11
4514,2024-11-18,18,11,2024,Monday,12
4515,2024-11-18,18,11,2024,Monday,13
4516,2024-11-18,18,11,2024,Monday,14
4517,2024-11-18,18,11,2024,Monday,15
4518,2024-11-18,18,11,2024,Monday,16
4519,2024-11-18,18,11,2024,Monday,17
4520,2024-11-18,18,11,2024,Monday,18
4521,2024-11-18,18,11,2024,Monday,19
4522,2024-11-18,18,11,2024,Monday,20
4523,2024-11-19,19,11,2024,Tuesday,7
4524,2024-11-19,19,11,2024,Tuesday,8
4525,2024-11-19,19,11,2024,Tuesday,9
4526,2024-11-19,19,11,2024,Tuesday,10
4527,2024-11-19,19,11,2024,Tuesday,11
4528,2024-11-19,19,11,2024,Tuesday,12
4529,2024-11-19,19,11,2024,Tuesday,13
4530,2024-11-19,19,11,2024,Tuesday,14
4531,2024-11-19,19,11,2024,Tuesday,15
4532,2024-11-19,19,11,2024,Tuesday,16
4533,2024-11-19,19,11,2024,Tuesday,17
4534,2024-11-19,19,11,2024,Tuesday,18
4535,2024-11-19,19,11,2024,Tuesday,19
4536,2024-11-19,19,11,2024,Tuesday,20
4537,2024-11-20,20,11,2024,Wednesday,7
4538,2024-11-20,20,11,2024,Wednesday,8
4539,2024-11-20,20,11,2024,Wednesday,9
4540,2024-11-20,20,11,2024,Wednesday,10
4541,2024-11-20,20,11,2024,Wednesday,11
4542,2024-11-20,20,11,2024,Wednesday,12
4543,2024-11-20,20,11,2024,Wednesday,13
4544,2024-11-20,20,11,2024,Wednesday,14
4545,2024-11-20,20,11,2024,Wednesday,15
4546,2024-11-20,20,11,2024,Wednesday,16
4547,2024-11-20,20,11,2024,Wednesday,17
4548,2024-11-20,20,11,2024,Wednesday,18
4549,2024-11-20,20,11,2024,Wednesday,19
4550,2024-11-20,20,11,2024,Wednesday,20
4551,2024-11-21,21,11,2024,Thursday,7
4552,2024-11-21,21,11,2024,Thursday,8
4553,2024-11-21,21,11,2024,Thursday,9
4554,2024-11-21,21,11,2024,Thursday,10
4555,2024-11-21,21,11,2024,Thursday,11
4556,2024-11-21,21,11,2024,Thursday,12
4557,2024-11-21,21,11,2024,Thursday,13
4558,2024-11-21,21,11,2024,Thursday,14
4559,2024-11-21,21,11,2024,Thursday,15
4560,2024-11-21,21,11,2024,Thursday,16
4561,2024-11-21,21,11,2024,Thursday,17
4562,2024-11-21,21,11,2024,Thursday,18
4563,2024-11-21,21,11,2024,Thursday,19
4564,2024-11-21,21,11,2024,Thursday,20
4565,2024-11-22,22,11,2024,Friday,7
4566,2024-11-22,22,11,2024,Friday,8
4567,2024-11-22,22,11,2024,Friday,9
4568,2024-11-22,22,11,2024,Friday,10
4569,2024-11-22,22,11,2024,Friday,11
4570,2024-11-22,22,11,2024,Friday,12
4571,2024-11-22,22,11,2024,Friday,13
4572,2024-11-22,22,11,2024,Friday,14
4573,2024-11-22,22,11,2024,Friday,15
4574,2024-11-22,22,11,2024,Friday,16
4575,2024-11-22,22,11,2024,Friday,17
4576,2024-11-22,22,11,2024,Friday,18
4577,2024-11-22,22,11,2024,Friday,19
4578,2024-11-22,22,11,2024,Friday,20
4579,2024-11-23,23,11,2024,Saturday,7
4580,2024-11-23,23,11,2024,Saturday,8
4581,2024-11-23,23,11,2024,Saturday,9
4582,2024-11-23,23,11,2024,Saturday,10
4583,2024-11-23,23,11,2024,Saturday,11
4584,2024-11-23,23,11,2024,Saturday,12
4585,2024-11-23,23,11,2024,Saturday,13
4586,2024-11-23,23,11,2024,Saturday,14
4587,2024-11-23,23,11,2024,Saturday,15
4588,2024-11-23,23,11,2024,Saturday,16
4589,2024-11-23,23,11,2024,Saturday,17
4590,2024-11-23,23,11,2024,Saturday,18
4591,2024-11-23,23,11,2024,Saturday,19
4592,2024-11-23,23,11,2024,Saturday,20
4593,2024-11-24,24,11,2024,Sunday,7
4594,2024-11-24,24,11,2024,Sunday,8
4595,2024-11-24,24,11,2024,Sunday,9
4596,2024-11-24,24,11,2024,Sunday,10
4597,2024-11-24,24,11,2024,Sunday,11
4598,2024-11-24,24,11,2024,Sunday,12
4599,2024-11-24,24,11,2024,Sunday,13
4600,2024-11-24,24,11,2024,Sunday,14
4601,2024-11-24,24,11,2024,Sunday,15
4602,2024-11-24,24,11,2024,Sunday,16
4603,2024-11-24,24,11,2024,Sunday,17
4604,2024-11-24,24,11,2024,Sunday,18
4605,2024-11-24,24,11,2024,Sunday,19
4606,2024-11-24,24,11,2024,Sunday,20
4607,2024-11-25,25,11,2024,Monday,7
4608,2024-11-25,25,11,2024,Monday,8
4609,2024-11-25,25,11,2024,Monday,9
4610,2024-11-25,25,11,2024,Monday,10
4611,2024-11-25,25,11,2024,Monday,11
4612,2024-11-25,25,11,2024,Monday,12
4613,2024-11-25,25,11,2024,Monday,13
4614,2024-11-25,25,11,2024,Monday,14
4615,2024-11-25,25,11,2024,Monday,15
4616,2024-11-25,25,11,2024,Monday,16
4617,2024-11-25,25,11,2024,Monday,17
4618,2024-11-25,25,11,2024,Monday,18
4619,2024-11-25,25,11,2024,Monday,19
4620,2024-11-25,25,11,2024,Monday,20
4621,2024-11-26,26,11,2024,Tuesday,7
4622,2024-11-26,26,11,2024,Tuesday,8
4623,2024-11-26,26,11,2024,Tuesday,9
4624,2024-11-26,26,11,2024,Tuesday,10
4625,2024-11-26,26,11,2024,Tuesday,11
4626,2024-11-26,26,11,2024,Tuesday,12
4627,2024-11-26,26,11,2024,Tuesday,13
4628,2024-11-26,26,11,2024,Tuesday,14
4629,2024-11-26,26,11,2024,Tuesday,15
4630,2024-11-26,26,11,2024,Tuesday,16
4631,2024-11-26,26,11,2024,Tuesday,17
4632,2024-11-26,26,11,2024,Tuesday,18
4633,2024-11-26,26,11,2024,Tuesday,19
4634,2024-11-26,26,11,2024,Tuesday,20
4635,2024-11-27,27,11,2024,Wednesday,7
4636,2024-11-27,27,11,2024,Wednesday,8
4637,2024-11-27,27,11,2024,Wednesday,9
4638,2024-11-27,27,11,2024,Wednesday,10
4639,2024-11-27,27,11,2024,Wednesday,11
4640,2024-11-27,27,11,2024,Wednesday,12
4641,2024-11-27,27,11,2024,Wednesday,13
4642,2024-11-27,27,11,2024,Wednesday,14
4643,2024-11-27,27,11,2024,Wednesday,15
4644,2024-11-27,27,11,2024,Wednesday,16
4645,2024-11-27,27,11,2024,Wednesday,17
4646,2024-11-27,27,11,2024,Wednesday,18
4647,2024-11-27,27,11,2024,Wednesday,19
4648,2024-11-27,27,11,2024,Wednesday,20
4649,2024-11-28,28,11,2024,Thursday,7
4650,2024-11-28,28,11,2024,Thursday,8
4651,2024-11-28,28,11,2024,Thursday,9
4652,2024-11-28,28,11,2024,Thursday,10
4653,2024-11-28,28,11,2024,Thursday,11
4654,2024-11-28,28,11,2024,Thursday,12
4655,2024-11-28,28,11,2024,Thursday,13
4656,2024-11-28,28,11,2024,Thursday,14
4657,2024-11-28,28,11,2024,Thursday,15
4658,2024-11-28,28,11,2024,Thursday,16
4659,2024-11-28,28,11,2024,Thursday,17
4660,2024-11-28,28,11,2024,Thursday,18
4661,2024-11-28,28,11,2024,Thursday,19
4662,2024-11-28,28,11,2024,Thursday,20
4663,2024-11-29,29,11,2024,Friday,7
4664,2024-11-29,29,11,2024,Friday,8
4665,2024-11-29,29,11,2024,Friday,9
4666,2024-11-29,29,11,2024,Friday,10
4667,2024-11-29,29,11,2024,Friday,11
4668,2024-11-29,29,11,2024,Friday,12
4669,2024-11-29,29,11,2024,Friday,13
4670,2024-11-29,29,11,2024,Friday,14
4671,2024-11-29,29,11,2024,Friday,15
4672,2024-11-29,29,11,2024,Friday,16
4673,2024-11-29,29,11,2024,Friday,17
4674,2024-11-29,29,11,2024,Friday,18
4675,2024-11-29,29,11,2024,Friday,19
4676,2024-11-29,29,11,2024,Friday,20
4677,2024-11-30,30,11,2024,Saturday,7
4678,2024-11-30,30,11,2024,Saturday,8
4679,2024-11-30,30,11,2024,Saturday,9
4680,2024-11-30,30,11,2024,Saturday,10
4681,2024-11-30,30,11,2024,Saturday,11
4682,2024-11-30,30,11,2024,Saturday,12
4683,2024-11-30,30,11,2024,Saturday,13
4684,2024-11-30,30,11,2024,Saturday,14
4685,2024-11-30,30,11,2024,Saturday,15
4686,2024-11-30,30,11,2024,Saturday,16
4687,2024-11-30,30,11,2024,Saturday,17
4688,2024-11-30,30,11,2024,Saturday,18
4689,2024-11-30,30,11,2024,Saturday,19
4690,2024-11-30,30,11,2024,Saturday,20
4691,2024-12-01,1,12,2024,Sunday,7
4692,2024-12-01,1,12,2024,Sunday,8
4693,2024-12-01,1,12,2024,Sunday,9
4694,2024-12-01,1,12,2024,Sunday,10
4695,2024-12-01,1,12,2024,Sunday,11
4696,2024-12-01,1,12,2024,Sunday,12
4697,2024-12-01,1,12,2024,Sunday,13
4698,2024-12-01,1,12,2024,Sunday,14
4699,2024-12-01,1,12,2024,Sunday,15
4700,2024-12-01,1,12,2024,Sunday,16
4701,2024-12-01,1,12,2024,Sunday,17
4702,2024-12-01,1,12,2024,Sunday,18
4703,2024-12-01,1,12,2024,Sunday,19
4704,2024-12-01,1,12,2024,Sunday,20
4705,2024-12-02,2,12,2024,Monday,7
4706,2024-12-02,2,12,2024,Monday,8
4707,2024-12-02,2,12,2024,Monday,9
4708,2024-12-02,2,12,2024,Monday,10
4709,2024-12-02,2,12,2024,Monday,11
4710,2024-12-02,2,12,2024,Monday,12
4711,2024-12-02,2,12,2024,Monday,13
4712,2024-12-02,2,12,2024,Monday,14
4713,2024-12-02,2,12,2024,Monday,15
4714,2024-12-02,2,12,2024,Monday,16
4715,2024-12-02,2,12,2024,Monday,17
4716,2024-12-02,2,12,2024,Monday,18
4717,2024-12-02,2,12,2024,Monday,19
4718,2024-12-02,2,12,2024,Monday,20
4719,2024-12-03,3,12,2024,Tuesday,7
4720,2024-12-03,3,12,2024,Tuesday,8
4721,2024-12-03,3,12,2024,Tuesday,9
4722,2024-12-03,3,12,2024,Tuesday,10
4723,2024-12-03,3,12,2024,Tuesday,11
4724,2024-12-03,3,12,2024,Tuesday,12
4725,2024-12-03,3,12,2024,Tuesday,13
4726,2024-12-03,3,12,2024,Tuesday,14
4727,2024-12-03,3,12,2024,Tuesday,15
4728,2024-12-03,3,12,2024,Tuesday,16
4729,2024-12-03,3,12,2024,Tuesday,17
4730,2024-12-03,3,12,2024,Tuesday,18
4731,2024-12-03,3,12,2024,Tuesday,19
4732,2024-12-03,3,12,2024,Tuesday,20
4733,2024-12-04,4,12,2024,Wednesday,7
4734,2024-12-04,4,12,2024,Wednesday,8
4735,2024-12-04,4,12,2024,Wednesday,9
4736,2024-12-04,4,12,2024,Wednesday,10
4737,2024-12-04,4,12,2024,Wednesday,11
4738,2024-12-04,4,12,2024,Wednesday,12
4739,2024-12-04,4,12,2024,Wednesday,13
4740,2024-12-04,4,12,2024,Wednesday,14
4741,2024-12-04,4,12,2024,Wednesday,15
4742,2024-12-04,4,12,2024,Wednesday,16
4743,2024-12-04,4,12,2024,Wednesday,17
4744,2024-12-04,4,12,2024,Wednesday,18
4745,2024-12-04,4,12,2024,Wednesday,19
4746,2024-12-04,4,12,2024,Wednesday,20
4747,2024-12-05,5,12,2024,Thursday,7
4748,2024-12-05,5,12,2024,Thursday,8
4749,2024-12-05,5,12,2024,Thursday,9
4750,2024-12-05,5,12,2024,Thursday,10
4751,2024-12-05,5,12,2024,Thursday,11
4752,2024-12-05,5,12,2024,Thursday,12
4753,2024-12-05,5,12,2024,Thursday,13
4754,2024-12-05,5,12,2024,Thursday,14
4755,2024-12-05,5,12,2024,Thursday,15
4756,2024-12-05,5,12,2024,Thursday,16
4757,2024-12-05,5,12,2024,Thursday,17
4758,2024-12-05,5,12,2024,Thursday,18
4759,2024-12-05,5,12,2024,Thursday,19
4760,2024-12-05,5,12,2024,Thursday,20
4761,2024-12-06,6,12,2024,Friday,7
4762,2024-12-06,6,12,2024,Friday,8
4763,2024-12-06,6,12,2024,Friday,9
4764,2024-12-06,6,12,2024,Friday,10
4765,2024-12-06,6,12,2024,Friday,11
4766,2024-12-06,6,12,2024,Friday,12
4767,2024-12-06,6,12,2024,Friday,13
4768,2024-12-06,6,12,2024,Friday,14
4769,2024-12-06,6,12,2024,Friday,15
4770,2024-12-06,6,12,2024,Friday,16
4771,2024-12-06,6,12,2024,Friday,17
4772,2024-12-06,6,12,2024,Friday,18
4773,2024-12-06,6,12,2024,Friday,19
4774,2024-12-06,6,12,2024,Friday,20
4775,2024-12-07,7,12,2024,Saturday,7
4776,2024-12-07,7,12,2024,Saturday,8
4777,2024-12-07,7,12,2024,Saturday,9
4778,2024-12-07,7,12,2024,Saturday,10
4779,2024-12-07,7,12,2024,Saturday,11
4780,2024-12-07,7,12,2024,Saturday,12
4781,2024-12-07,7,12,2024,Saturday,13
4782,2024-12-07,7,12,2024,Saturday,14
4783,2024-12-07,7,12,2024,Saturday,15
4784,2024-12-07,7,12,2024,Saturday,16
4785,2024-12-07,7,12,2024,Saturday,17
4786,2024-12-07,7,12,2024,Saturday,18
4787,2024-12-07,7,12,2024,Saturday,19
4788,2024-12-07,7,12,2024,Saturday,20
4789,2024-12-08,8,12,2024,Sunday,7
4790,2024-12-08,8,12,2024,Sunday,8
4791,2024-12-08,8,12,2024,Sunday,9
4792,2024-12-08,8,12,2024,Sunday,10
4793,2024-12-08,8,12,2024,Sunday,11
4794,2024-12-08,8,12,2024,Sunday,12
4795,2024-12-08,8,12,2024,Sunday,13
4796,2024-12-08,8,12,2024,Sunday,14
4797,2024-12-08,8,12,2024,Sunday,15
4798,2024-12-08,8,12,2024,Sunday,16
4799,2024-12-08,8,12,2024,Sunday,17
4800,2024-12-08,8,12,2024,Sunday,18
4801,2024-12-08,8,12,2024,Sunday,19
4802,2024-12-08,8,12,2024,Sunday,20
4803,2024-12-09,9,12,2024,Monday,7
4804,2024-12-09,9,12,2024,Monday,8
4805,2024-12-09,9,12,2024,Monday,9
4806,2024-12-09,9,12,2024,Monday,10
4807,2024-12-09,9,12,2024,Monday,11
4808,2024-12-09,9,12,2024,Monday,12
4809,2024-12-09,9,12,2024,Monday,13
4810,2024-12-09,9,12,2024,Monday,14
4811,2024-12-09,9,12,2024,Monday,15
4812,2024-12-09,9,12,2024,Monday,16
4813,2024-12-09,9,12,2024,Monday,17
4814,2024-12-09,9,12,2024,Monday,18
4815,2024-12-09,9,12,2024,Monday,19
4816,2024-12-09,9,12,2024,Monday,20
4817,2024-12-10,10,12,2024,Tuesday,7
4818,2024-12-10,10,12,2024,Tuesday,8
4819,2024-12-10,10,12,2024,Tuesday,9
4820,2024-12-10,10,12,2024,Tuesday,10
4821,2024-12-10,10,12,2024,Tuesday,11
4822,2024-12-10,10,12,2024,Tuesday,12
4823,2024-12-10,10,12,2024,Tuesday,13
4824,2024-12-10,10,12,2024,Tuesday,14
4825,2024-12-10,10,12,2024,Tuesday,15
4826,2024-12-10,10,12,2024,Tuesday,16
4827,2024-12-10,10,12,2024,Tuesday,17
4828,2024-12-10,10,12,2024,Tuesday,18
4829,2024-12-10,10,12,2024,Tuesday,19
4830,2024-12-10,10,12,2024,Tuesday,20
4831,2024-12-11,11,12,2024,Wednesday,7
4832,2024-12-11,11,12,2024,Wednesday,8
4833,2024-12-11,11,12,2024,Wednesday,9
4834,2024-12-11,11,12,2024,Wednesday,10
4835,2024-12-11,11,12,2024,Wednesday,11
4836,2024-12-11,11,12,2024,Wednesday,12
4837,2024-12-11,11,12,2024,Wednesday,13
4838,2024-12-11,11,12,2024,Wednesday,14
4839,2024-12-11,11,12,2024,Wednesday,15
4840,2024-12-11,11,12,2024,Wednesday,16
4841,2024-12-11,11,12,2024,Wednesday,17
4842,2024-12-11,11,12,2024,Wednesday,18
4843,2024-12-11,11,12,2024,Wednesday,19
4844,2024-12-11,11,12,2024,Wednesday,20
4845,2024-12-12,12,12,2024,Thursday,7
4846,2024-12-12,12,12,2024,Thursday,8
4847,2024-12-12,12,12,2024,Thursday,9
4848,2024-12-12,12,12,2024,Thursday,10
4849,2024-12-12,12,12,2024,Thursday,11
4850,2024-12-12,12,12,2024,Thursday,12
4851,2024-12-12,12,12,2024,Thursday,13
4852,2024-12-12,12,12,2024,Thursday,14
4853,2024-12-12,12,12,2024,Thursday,15
4854,2024-12-12,12,12,2024,Thursday,16
4855,2024-12-12,12,12,2024,Thursday,17
4856,2024-12-12,12,12,2024,Thursday,18
4857,2024-12-12,12,12,2024,Thursday,19
4858,2024-12-12,12,12,2024,Thursday,20
4859,2024-12-13,13,12,2024,Friday,7
4860,2024-12-13,13,12,2024,Friday,8
4861,2024-12-13,13,12,2024,Friday,9
4862,2024-12-13,13,12,2024,Friday,10
4863,2024-12-13,13,12,2024,Friday,11
4864,2024-12-13,13,12,2024,Friday,12
4865,2024-12-13,13,12,2024,Friday,13
4866,2024-12-13,13,12,2024,Friday,14
4867,2024-12-13,13,12,2024,Friday,15
4868,2024-12-13,13,12,2024,Friday,16
4869,2024-12-13,13,12,2024,Friday,17
4870,2024-12-13,13,12,2024,Friday,18
4871,2024-12-13,13,12,2024,Friday,19
4872,2024-12-13,13,12,2024,Friday,20
4873,2024-12-14,14,12,2024,Saturday,7
4874,2024-12-14,14,12,2024,Saturday,8
4875,2024-12-14,14,12,2024,Saturday,9
4876,2024-12-14,14,12,2024,Saturday,10
4877,2024-12-14,14,12,2024,Saturday,11
4878,2024-12-14,14,12,2024,Saturday,12
4879,2024-12-14,14,12,2024,Saturday,13
4880,2024-12-14,14,12,2024,Saturday,14
4881,2024-12-14,14,12,2024,Saturday,15
4882,2024-12-14,14,12,2024,Saturday,16
4883,2024-12-14,14,12,2024,Saturday,17
4884,2024-12-14,14,12,2024,Saturday,18
4885,2024-12-14,14,12,2024,Saturday,19
4886,2024-12-14,14,12,2024,Saturday,20
4887,2024-12-15,15,12,2024,Sunday,7
4888,2024-12-15,15,12,2024,Sunday,8
4889,2024-12-15,15,12,2024,Sunday,9
4890,2024-12-15,15,12,2024,Sunday,10
4891,2024-12-15,15,12,2024,Sunday,11
4892,2024-12-15,15,12,2024,Sunday,12
4893,2024-12-15,15,12,2024,Sunday,13
4894,2024-12-15,15,12,2024,Sunday,14
4895,2024-12-15,15,12,2024,Sunday,15
4896,2024-12-15,15,12,2024,Sunday,16
4897,2024-12-15,15,12,2024,Sunday,17
4898,2024-12-15,15,12,2024,Sunday,18
4899,2024-12-15,15,12,2024,Sunday,19
4900,2024-12-15,15,12,2024,Sunday,20
4901,2024-12-16,16,12,2024,Monday,7
4902,2024-12-16,16,12,2024,Monday,8
4903,2024-12-16,16,12,2024,Monday,9
4904,2024-12-16,16,12,2024,Monday,10
4905,2024-12-16,16,12,2024,Monday,11
4906,2024-12-16,16,12,2024,Monday,12
4907,2024-12-16,16,12,2024,Monday,13
4908,2024-12-16,16,12,2024,Monday,14
4909,2024-12-16,16,12,2024,Monday,15
4910,2024-12-16,16,12,2024,Monday,16
4911,2024-12-16,16,12,2024,Monday,17
4912,2024-12-16,16,12,2024,Monday,18
4913,2024-12-16,16,12,2024,Monday,19
4914,2024-12-16,16,12,2024,Monday,20
4915,2024-12-17,17,12,2024,Tuesday,7
4916,2024-12-17,17,12,2024,Tuesday,8
4917,2024-12-17,17,12,2024,Tuesday,9
4918,2024-12-17,17,12,2024,Tuesday,10
4919,2024-12-17,17,12,2024,Tuesday,11
4920,2024-12-17,17,12,2024,Tuesday,12
4921,2024-12-17,17,12,2024,Tuesday,13
4922,2024-12-17,17,12,2024,Tuesday,14
4923,2024-12-17,17,12,2024,Tuesday,15
4924,2024-12-17,17,12,2024,Tuesday,16
4925,2024-12-17,17,12,2024,Tuesday,17
4926,2024-12-17,17,12,2024,Tuesday,18
4927,2024-12-17,17,12,2024,Tuesday,19
4928,2024-12-17,17,12,2024,Tuesday,20
4929,2024-12-18,18,12,2024,Wednesday,7
4930,2024-12-18,18,12,2024,Wednesday,8
4931,2024-12-18,18,12,2024,Wednesday,9
4932,2024-12-18,18,12,2024,Wednesday,10
4933,2024-12-18,18,12,2024,Wednesday,11
4934,2024-12-18,18,12,2024,Wednesday,12
4935,2024-12-18,18,12,2024,Wednesday,13
4936,2024-12-18,18,12,2024,Wednesday,14
4937,2024-12-18,18,12,2024,Wednesday,15
4938,2024-12-18,18,12,2024,Wednesday,16
4939,2024-12-18,18,12,2024,Wednesday,17
4940,2024-12-18,18,12,2024,Wednesday,18
4941,2024-12-18,18,12,2024,Wednesday,19
4942,2024-12-18,18,12,2024,Wednesday,20
4943,2024-12-19,19,12,2024,Thursday,7
4944,2024-12-19,19,12,2024,Thursday,8
4945,2024-12-19,19,12,2024,Thursday,9
4946,2024-12-19,19,12,2024,Thursday,10
4947,2024-12-19,19,12,2024,Thursday,11
4948,2024-12-19,19,12,2024,Thursday,12
4949,2024-12-19,19,12,2024,Thursday,13
4950,2024-12-19,19,12,2024,Thursday,14
4951,2024-12-19,19,12,2024,Thursday,15
4952,2024-12-19,19,12,2024,Thursday,16
4953,2024-12-19,19,12,2024,Thursday,17
4954,2024-12-19,19,12,2024,Thursday,18
4955,2024-12-19,19,12,2024,Thursday,19
4956,2024-12-19,19,12,2024,Thursday,20
4957,2024-12-20,20,12,2024,Friday,7
4958,2024-12-20,20,12,2024,Friday,8
4959,2024-12-20,20,12,2024,Friday,9
4960,2024-12-20,20,12,2024,Friday,10
4961,2024-12-20,20,12,2024,Friday,11
4962,2024-12-20,20,12,2024,Friday,12
4963,2024-12-20,20,12,2024,Friday,13
4964,2024-12-20,20,12,2024,Friday,14
4965,2024-12-20,20,12,2024,Friday,15
4966,2024-12-20,20,12,2024,Friday,16
4967,2024-12-20,20,12,2024,Friday,17
4968,2024-12-20,20,12,2024,Friday,18
4969,2024-12-20,20,12,2024,Friday,19
4970,2024-12-20,20,12,2024,Friday,20
4971,2024-12-21,21,12,2024,Saturday,7
4972,2024-12-21,21,12,2024,Saturday,8
4973,2024-12-21,21,12,2024,Saturday,9
4974,2024-12-21,21,12,2024,Saturday,10
4975,2024-12-21,21,12,2024,Saturday,11
4976,2024-12-21,21,12,2024,Saturday,12
4977,2024-12-21,21,12,2024,Saturday,13
4978,2024-12-21,21,12,2024,Saturday,14
4979,2024-12-21,21,12,2024,Saturday,15
4980,2024-12-21,21,12,2024,Saturday,16
4981,2024-12-21,21,12,2024,Saturday,17
4982,2024-12-21,21,12,2024,Saturday,18
4983,2024-12-21,21,12,2024,Saturday,19
4984,2024-12-21,21,12,2024,Saturday,20
4985,2024-12-22,22,12,2024,Sunday,7
4986,2024-12-22,22,12,2024,Sunday,8
4987,2024-12-22,22,12,2024,Sunday,9
4988,2024-12-22,22,12,2024,Sunday,10
4989,2024-12-22,22,12,2024,Sunday,11
4990,2024-12-22,22,12,2024,Sunday,12
4991,2024-12-22,22,12,2024,Sunday,13
4992,2024-12-22,22,12,2024,Sunday,14
4993,2024-12-22,22,12,2024,Sunday,15
4994,2024-12-22,22,12,2024,Sunday,16
4995,2024-12-22,22,12,2024,Sunday,17
4996,2024-12-22,22,12,2024,Sunday,18
4997,2024-12-22,22,12,2024,Sunday,19
4998,2024-12-22,22,12,2024,Sunday,20
4999,2024-12-23,23,12,2024,Monday,7
5000,2024-12-23,23,12,2024,Monday,8
5001,2024-12-23,23,12,2024,Monday,9
5002,2024-12-23,23,12,2024,Monday,10
5003,2024-12-23,23,12,2024,Monday,11
5004,2024-12-23,23,12,2024,Monday,12
5005,2024-12-23,23,12,2024,Monday,13
5006,2024-12-23,23,12,2024,Monday,14
5007,2024-12-23,23,12,2024,Monday,15
5008,2024-12-23,23,12,2024,Monday,16
5009,2024-12-23,23,12,2024,Monday,17
5010,2024-12-23,23,12,2024,Monday,18
5011,2024-12-23,23,12,2024,Monday,19
5012,2024-12-23,23,12,2024,Monday,20
5013,2024-12-24,24,12,2024,Tuesday,7
5014,2024-12-24,24,12,2024,Tuesday,8
5015,2024-12-24,24,12,2024,Tuesday,9
5016,2024-12-24,24,12,2024,Tuesday,10
5017,2024-12-24,24,12,2024,Tuesday,11
5018,2024-12-24,24,12,2024,Tuesday,12
5019,2024-12-24,24,12,2024,Tuesday,13
5020,2024-12-24,24,12,2024,Tuesday,14
5021,2024-12-24,24,12,2024,Tuesday,15
5022,2024-12-24,24,12,2024,Tuesday,16
5023,2024-12-24,24,12,2024,Tuesday,17
5024,2024-12-24,24,12,2024,Tuesday,18
5025,2024-12-24,24,12,2024,Tuesday,19
5026,2024-12-24,24,12,2024,Tuesday,20
5027,2024-12-25,25,12,2024,Wednesday,7
5028,2024-12-25,25,12,2024,Wednesday,8
5029,2024-12-25,25,12,2024,Wednesday,9
5030,2024-12-25,25,12,2024,Wednesday,10
5031,2024-12-25,25,12,2024,Wednesday,11
5032,2024-12-25,25,12,2024,Wednesday,12
5033,2024-12-25,25,12,2024,Wednesday,13
5034,2024-12-25,25,12,2024,Wednesday,14
5035,2024-12-25,25,12,2024,Wednesday,15
5036,2024-12-25,25,12,2024,Wednesday,16
5037,2024-12-25,25,12,2024,Wednesday,17
5038,2024-12-25,25,12,2024,Wednesday,18
5039,2024-12-25,25,12,2024,Wednesday,19
5040,2024-12-25,25,12,2024,Wednesday,20
5041,2024-12-26,26,12,2024,Thursday,7
5042,2024-12-26,26,12,2024,Thursday,8
5043,2024-12-26,26,12,2024,Thursday,9
5044,2024-12-26,26,12,2024,Thursday,10
5045,2024-12-26,26,12,2024,Thursday,11
5046,2024-12-26,26,12,2024,Thursday,12
5047,2024-12-26,26,12,2024,Thursday,13
5048,2024-12-26,26,12,2024,Thursday,14
5049,2024-12-26,26,12,2024,Thursday,15
5050,2024-12-26,26,12,2024,Thursday,16
5051,2024-12-26,26,12,2024,Thursday,17
5052,2024-12-26,26,12,2024,Thursday,18
5053,2024-12-26,26,12,2024,Thursday,19
5054,2024-12-26,26,12,2024,Thursday,20
5055,2024-12-27,27,12,2024,Friday,7
5056,2024-12-27,27,12,2024,Friday,8
5057,2024-12-27,27,12,2024,Friday,9
5058,2024-12-27,27,12,2024,Friday,10
5059,2024-12-27,27,12,2024,Friday,11
5060,2024-12-27,27,12,2024,Friday,12
5061,2024-12-27,27,12,2024,Friday,13
5062,2024-12-27,27,12,2024,Friday,14
5063,2024-12-27,27,12,2024,Friday,15
5064,2024-12-27,27,12,2024,Friday,16
5065,2024-12-27,27,12,2024,Friday,17
5066,2024-12-27,27,12,2024,Friday,18
5067,2024-12-27,27,12,2024,Friday,19
5068,2024-12-27,27,12,2024,Friday,20
5069,2024-12-28,28,12,2024,Saturday,7
5070,2024-12-28,28,12,2024,Saturday,8
5071,2024-12-28,28,12,2024,Saturday,9
5072,2024-12-28,28,12,2024,Saturday,10
5073,2024-12-28,28,12,2024,Saturday,11
5074,2024-12-28,28,12,2024,Saturday,12
5075,2024-12-28,28,12,2024,Saturday,13
5076,2024-12-28,28,12,2024,Saturday,14
5077,2024-12-28,28,12,2024,Saturday,15
5078,2024-12-28,28,12,2024,Saturday,16
5079,2024-12-28,28,12,2024,Saturday,17
5080,2024-12-28,28,12,2024,Saturday,18
5081,2024-12-28,28,12,2024,Saturday,19
5082,2024-12-28,28,12,2024,Saturday,20
5083,2024-12-29,29,12,2024,Sunday,7
5084,2024-12-29,29,12,2024,Sunday,8
5085,2024-12-29,29,12,2024,Sunday,9
5086,2024-12-29,29,12,2024,Sunday,10
5087,2024-12-29,29,12,2024,Sunday,11
5088,2024-12-29,29,12,2024,Sunday,12
5089,2024-12-29,29,12,2024,Sunday,13
5090,2024-12-29,29,12,2024,Sunday,14
5091,2024-12-29,29,12,2024,Sunday,15
5092,2024-12-29,29,12,2024,Sunday,16
5093,2024-12-29,29,12,2024,Sunday,17
5094,2024-12-29,29,12,2024,Sunday,18
5095,2024-12-29,29,12,2024,Sunday,19
5096,2024-12-29,29,12,2024,Sunday,20
5097,2024-12-30,30,12,2024,Monday,7
5098,2024-12-30,30,12,2024,Monday,8
5099,2024-12-30,30,12,2024,Monday,9
5100,2024-12-30,30,12,2024,Monday,10
5101,2024-12-30,30,12,2024,Monday,11
5102,2024-12-30,30,12,2024,Monday,12
5103,2024-12-30,30,12,2024,Monday,13
5104,2024-12-30,30,12,2024,Monday,14
5105,2024-12-30,30,12,2024,Monday,15
5106,2024-12-30,30,12,2024,Monday,16
5107,2024-12-30,30,12,2024,Monday,17
5108,2024-12-30,30,12,2024,Monday,18
5109,2024-12-30,30,12,2024,Monday,19
5110,2024-12-30,30,12,2024,Monday,20
5111,2024-12-31,31,12,2024,Tuesday,7
5112,2024-12-31,31,12,2024,Tuesday,8
5113,2024-12-31,31,12,2024,Tuesday,9
5114,2024-12-31,31,12,2024,Tuesday,10
5115,2024-12-31,31,12,2024,Tuesday,11
5116,2024-12-31,31,12,2024,Tuesday,12
5117,2024-12-31,31,12,2024,Tuesday,13
5118,2024-12-31,31,12,2024,Tuesday,14
5119,2024-12-31,31,12,2024,Tuesday,15
5120,2024-12-31,31,12,2024,Tuesday,16
5121,2024-12-31,31,12,2024,Tuesday,17
5122,2024-12-31,31,12,2024,Tuesday,18
5123,2024-12-31,31,12,2024,Tuesday,19
5124,2024-12-31,31,12,2024,Tuesday,20
